ISO-10303-21;
HEADER;
FILE_DESCRIPTION (( 'STEP AP214' ),
    '1' );
FILE_NAME ('BM02B-GHS-TBT (LF)(SN)(N).STEP',
    '2023-11-17T09:09:14',
    ( '' ),
    ( '' ),
    'SwSTEP 2.0',
    'SolidWorks 2021',
    '' );
FILE_SCHEMA (( 'AUTOMOTIVE_DESIGN' ));
ENDSEC;

DATA;
#1 = ORIENTED_EDGE ( 'NONE', *, *, #4422, .F. ) ;
#2 = DIRECTION ( 'NONE',  ( 0.000000000000000000, 0.000000000000000000, -1.000000000000000000 ) ) ;
#3 = LINE ( 'NONE', #3312, #3157 ) ;
#4 = CARTESIAN_POINT ( 'NONE',  ( 5.669910864525444794, 0.5999999999999999778, 1.825000000000000622 ) ) ;
#5 = VERTEX_POINT ( 'NONE', #4308 ) ;
#6 = CARTESIAN_POINT ( 'NONE',  ( 5.524999999999998579, 1.449999999999999956, -1.224999999999999645 ) ) ;
#7 = ORIENTED_EDGE ( 'NONE', *, *, #1112, .F. ) ;
#8 = ORIENTED_EDGE ( 'NONE', *, *, #6276, .F. ) ;
#9 =( GEOMETRIC_REPRESENTATION_CONTEXT ( 3 ) GLOBAL_UNCERTAINTY_ASSIGNED_CONTEXT ( ( #3740 ) ) GLOBAL_UNIT_ASSIGNED_CONTEXT ( ( #366, #1699, #3757 ) ) REPRESENTATION_CONTEXT ( 'NONE', 'WORKASPACE' ) );
#10 = VECTOR ( 'NONE', #4500, 1000.000000000000114 ) ;
#11 = ORIENTED_EDGE ( 'NONE', *, *, #536, .T. ) ;
#12 = DIRECTION ( 'NONE',  ( 0.000000000000000000, -0.7071067811865472397, -0.7071067811865479058 ) ) ;
#13 = AXIS2_PLACEMENT_3D ( 'NONE', #2454, #4411, #2962 ) ;
#14 = DIRECTION ( 'NONE',  ( 1.000000000000000000, 0.000000000000000000, 0.000000000000000000 ) ) ;
#15 = CARTESIAN_POINT ( 'NONE',  ( 17.87500000000000355, 1.999999999999999112, 2.475000000000000089 ) ) ;
#16 = ADVANCED_FACE ( 'NONE', ( #4771 ), #5674, .F. ) ;
#17 = ORIENTED_EDGE ( 'NONE', *, *, #78, .T. ) ;
#18 = DIRECTION ( 'NONE',  ( 0.000000000000000000, 0.000000000000000000, 1.000000000000000000 ) ) ;
#19 = PLANE ( 'NONE',  #4363 ) ;
#20 = LINE ( 'NONE', #2941, #6149 ) ;
#21 = EDGE_LOOP ( 'NONE', ( #4980, #2469, #4551, #2482 ) ) ;
#22 = ORIENTED_EDGE ( 'NONE', *, *, #2513, .F. ) ;
#23 = VECTOR ( 'NONE', #3991, 1000.000000000000000 ) ;
#24 = EDGE_CURVE ( 'NONE', #2576, #5654, #2303, .T. ) ;
#25 = DIRECTION ( 'NONE',  ( -0.000000000000000000, 1.000000000000000000, 0.000000000000000000 ) ) ;
#26 = VECTOR ( 'NONE', #1607, 1000.000000000000000 ) ;
#27 = LINE ( 'NONE', #985, #5145 ) ;
#28 = VERTEX_POINT ( 'NONE', #3671 ) ;
#29 = DIRECTION ( 'NONE',  ( -0.8944271909999159664, -0.4472135954999579832, 0.000000000000000000 ) ) ;
#30 = LINE ( 'NONE', #1971, #2749 ) ;
#31 = LINE ( 'NONE', #1973, #4834 ) ;
#32 = ORIENTED_EDGE ( 'NONE', *, *, #4973, .T. ) ;
#33 = ORIENTED_EDGE ( 'NONE', *, *, #3020, .T. ) ;
#34 = VERTEX_POINT ( 'NONE', #4161 ) ;
#35 = LINE ( 'NONE', #4915, #1378 ) ;
#36 = ORIENTED_EDGE ( 'NONE', *, *, #4766, .F. ) ;
#37 = ORIENTED_EDGE ( 'NONE', *, *, #4352, .T. ) ;
#38 = LINE ( 'NONE', #3030, #3806 ) ;
#39 = DIRECTION ( 'NONE',  ( 1.000000000000000000, 0.000000000000000000, 0.000000000000000000 ) ) ;
#40 = DIRECTION ( 'NONE',  ( 1.000000000000000000, 0.000000000000000000, 1.807003620809174632E-16 ) ) ;
#41 = CYLINDRICAL_SURFACE ( 'NONE', #975, 0.05000000000000012768 ) ;
#42 =( REPRESENTATION_RELATIONSHIP ('NONE','NONE', #3300, #2688 ) REPRESENTATION_RELATIONSHIP_WITH_TRANSFORMATION ( #4470 )SHAPE_REPRESENTATION_RELATIONSHIP( ) );
#43 = CARTESIAN_POINT ( 'NONE',  ( 2.725000000000000089, 1.899999999999999689, 2.475000000000000089 ) ) ;
#44 = VERTEX_POINT ( 'NONE', #4746 ) ;
#45 = AXIS2_PLACEMENT_3D ( 'NONE', #4140, #3177, #3651 ) ;
#46 = VECTOR ( 'NONE', #2537, 1000.000000000000000 ) ;
#47 = LINE ( 'NONE', #1387, #272 ) ;
#48 = ADVANCED_FACE ( 'NONE', ( #1799 ), #5159, .F. ) ;
#49 = CARTESIAN_POINT ( 'NONE',  ( 2.125000000000000000, 0.000000000000000000, 0.2250000000000008105 ) ) ;
#50 = VECTOR ( 'NONE', #6132, 1000.000000000000000 ) ;
#51 = CARTESIAN_POINT ( 'NONE',  ( 2.624999999999999556, 0.5999999999999999778, 1.825000000000000622 ) ) ;
#52 = ORIENTED_EDGE ( 'NONE', *, *, #722, .F. ) ;
#53 = VECTOR ( 'NONE', #4887, 1000.000000000000000 ) ;
#54 = VECTOR ( 'NONE', #6176, 1000.000000000000000 ) ;
#55 = EDGE_CURVE ( 'NONE', #3513, #487, #1257, .T. ) ;
#56 = CARTESIAN_POINT ( 'NONE',  ( 7.875000000000000000, 1.999999999999999112, 2.475000000000000089 ) ) ;
#57 = VECTOR ( 'NONE', #2804, 1000.000000000000000 ) ;
#58 = CARTESIAN_POINT ( 'NONE',  ( 4.274999999999997691, 0.1000000000000020872, -1.224999999999998312 ) ) ;
#59 = ORIENTED_EDGE ( 'NONE', *, *, #465, .F. ) ;
#60 = ORIENTED_EDGE ( 'NONE', *, *, #3457, .F. ) ;
#61 = EDGE_CURVE ( 'NONE', #1070, #6230, #4714, .T. ) ;
#62 = EDGE_CURVE ( 'NONE', #2424, #2906, #4193, .T. ) ;
#63 = PRODUCT_RELATED_PRODUCT_CATEGORY ( 'part', '', ( #3343 ) ) ;
#64 = LINE ( 'NONE', #3942, #3131 ) ;
#65 = LINE ( 'NONE', #1515, #5792 ) ;
#66 = LINE ( 'NONE', #4534, #4216 ) ;
#67 = VERTEX_POINT ( 'NONE', #793 ) ;
#68 = EDGE_CURVE ( 'NONE', #4649, #2863, #5217, .T. ) ;
#69 = VERTEX_POINT ( 'NONE', #2245 ) ;
#70 = ORIENTED_EDGE ( 'NONE', *, *, #1728, .F. ) ;
#71 = DIRECTION ( 'NONE',  ( 1.000000000000000000, 0.000000000000000000, -0.000000000000000000 ) ) ;
#72 = ORIENTED_EDGE ( 'NONE', *, *, #6001, .F. ) ;
#73 = ORIENTED_EDGE ( 'NONE', *, *, #2612, .T. ) ;
#74 = DIRECTION ( 'NONE',  ( 0.000000000000000000, -1.000000000000000000, 2.710505431213761393E-17 ) ) ;
#75 = PLANE ( 'NONE',  #495 ) ;
#76 = DIRECTION ( 'NONE',  ( 0.000000000000000000, -1.000000000000000000, -2.456395547037470490E-16 ) ) ;
#77 = CARTESIAN_POINT ( 'NONE',  ( 2.225000000000000533, 2.349999999999999645, 1.675000000000000266 ) ) ;
#78 = EDGE_CURVE ( 'NONE', #5056, #3085, #3259, .T. ) ;
#79 = LINE ( 'NONE', #4061, #977 ) ;
#80 = FACE_OUTER_BOUND ( 'NONE', #4083, .T. ) ;
#81 = ORIENTED_EDGE ( 'NONE', *, *, #3188, .F. ) ;
#82 = CARTESIAN_POINT ( 'NONE',  ( 6.452032961426903412, 2.250000000000000000, 1.075000000000000400 ) ) ;
#83 = DIRECTION ( 'NONE',  ( 0.000000000000000000, -1.000000000000000000, -0.000000000000000000 ) ) ;
#84 = EDGE_CURVE ( 'NONE', #5783, #599, #4681, .T. ) ;
#85 = DIRECTION ( 'NONE',  ( 0.000000000000000000, -1.000000000000000000, 0.000000000000000000 ) ) ;
#86 = ORIENTED_EDGE ( 'NONE', *, *, #496, .F. ) ;
#87 = VECTOR ( 'NONE', #6220, 1000.000000000000000 ) ;
#88 = EDGE_CURVE ( 'NONE', #5336, #2672, #5708, .T. ) ;
#89 = VECTOR ( 'NONE', #5464, 1000.000000000000000 ) ;
#90 = CARTESIAN_POINT ( 'NONE',  ( 7.875000000000000000, 0.4999999999999998890, -1.574999999999999512 ) ) ;
#91 = DIRECTION ( 'NONE',  ( 1.000000000000000000, -0.000000000000000000, -0.000000000000000000 ) ) ;
#92 = ORIENTED_EDGE ( 'NONE', *, *, #3804, .T. ) ;
#93 = VERTEX_POINT ( 'NONE', #6128 ) ;
#94 =( GEOMETRIC_REPRESENTATION_CONTEXT ( 3 ) GLOBAL_UNCERTAINTY_ASSIGNED_CONTEXT ( ( #2796 ) ) GLOBAL_UNIT_ASSIGNED_CONTEXT ( ( #6277, #4827, #3824 ) ) REPRESENTATION_CONTEXT ( 'NONE', 'WORKASPACE' ) );
#95 = EDGE_CURVE ( 'NONE', #725, #4518, #2272, .T. ) ;
#96 = DIRECTION ( 'NONE',  ( -1.000000000000000000, 0.000000000000000000, 0.000000000000000000 ) ) ;
#97 = ADVANCED_FACE ( 'NONE', ( #1769 ), #1291, .T. ) ;
#98 = CARTESIAN_POINT ( 'NONE',  ( 4.474999999999996980, -0.1499999999999963862, -1.474999999999999645 ) ) ;
#99 = LINE ( 'NONE', #585, #249 ) ;
#100 = VERTEX_POINT ( 'NONE', #4653 ) ;
#101 = VERTEX_POINT ( 'NONE', #2691 ) ;
#102 = LINE ( 'NONE', #5075, #2190 ) ;
#103 = VERTEX_POINT ( 'NONE', #371 ) ;
#104 = EDGE_LOOP ( 'NONE', ( #1933, #798, #5086, #2217 ) ) ;
#105 = EDGE_CURVE ( 'NONE', #3236, #3829, #337, .T. ) ;
#106 = PLANE ( 'NONE',  #261 ) ;
#107 = DIRECTION ( 'NONE',  ( -1.000000000000000000, -0.000000000000000000, -0.000000000000000000 ) ) ;
#108 = ADVANCED_FACE ( 'NONE', ( #1233 ), #2823, .F. ) ;
#109 = LINE ( 'NONE', #4449, #318 ) ;
#110 = PLANE ( 'NONE',  #1885 ) ;
#111 = DIRECTION ( 'NONE',  ( -1.000000000000000000, 0.000000000000000000, -0.000000000000000000 ) ) ;
#112 = DIRECTION ( 'NONE',  ( 0.000000000000000000, 3.252606517456514091E-15, -1.000000000000000000 ) ) ;
#113 = ORIENTED_EDGE ( 'NONE', *, *, #2662, .T. ) ;
#114 = VECTOR ( 'NONE', #6109, 1000.000000000000000 ) ;
#115 = LINE ( 'NONE', #5025, #3082 ) ;
#116 = CARTESIAN_POINT ( 'NONE',  ( 5.524999999999998579, 3.950000000000000178, 0.1750000000000000722 ) ) ;
#117 = CARTESIAN_POINT ( 'NONE',  ( 4.274999999999999467, 3.950000000000000178, 0.1750000000000000722 ) ) ;
#118 = EDGE_CURVE ( 'NONE', #5032, #2032, #887, .T. ) ;
#119 = SURFACE_SIDE_STYLE ('',( #4488 ) ) ;
#120 = ORIENTED_EDGE ( 'NONE', *, *, #5726, .F. ) ;
#121 = CARTESIAN_POINT ( 'NONE',  ( 3.025000000000005240, 4.049999999999999822, -1.775000000000000355 ) ) ;
#122 = DIRECTION ( 'NONE',  ( 4.688441826964343312E-16, 1.000000000000000000, -0.000000000000000000 ) ) ;
#123 = CLOSED_SHELL ( 'NONE', ( #624, #1972, #2771, #2165, #5999, #3456, #587, #436 ) ) ;
#124 = VECTOR ( 'NONE', #1500, 1000.000000000000000 ) ;
#125 = EDGE_LOOP ( 'NONE', ( #5969, #1465, #1719, #3227 ) ) ;
#126 = ORIENTED_EDGE ( 'NONE', *, *, #4861, .T. ) ;
#127 = STYLED_ITEM ( 'NONE', ( #2888 ), #2544 ) ;
#128 = PLANE ( 'NONE',  #809 ) ;
#129 = LINE ( 'NONE', #4533, #10 ) ;
#130 = LINE ( 'NONE', #5477, #2177 ) ;
#131 = VERTEX_POINT ( 'NONE', #5120 ) ;
#132 = ORIENTED_EDGE ( 'NONE', *, *, #2197, .T. ) ;
#133 = CONTEXT_DEPENDENT_SHAPE_REPRESENTATION ( #42, #454 ) ;
#134 = ORIENTED_EDGE ( 'NONE', *, *, #2163, .F. ) ;
#135 = LINE ( 'NONE', #1653, #2092 ) ;
#136 = ORIENTED_EDGE ( 'NONE', *, *, #4938, .T. ) ;
#137 = ORIENTED_EDGE ( 'NONE', *, *, #5343, .T. ) ;
#138 = DIRECTION ( 'NONE',  ( 0.000000000000000000, 0.7071067811865440200, 0.7071067811865511255 ) ) ;
#139 = VECTOR ( 'NONE', #3607, 1000.000000000000000 ) ;
#140 = CARTESIAN_POINT ( 'NONE',  ( 4.275000000000000355, 3.950000000000000178, -1.174999999999999822 ) ) ;
#141 = CARTESIAN_POINT ( 'NONE',  ( 7.575000000000000178, 0.000000000000000000, 0.2250000000000008105 ) ) ;
#142 = EDGE_CURVE ( 'NONE', #1575, #5970, #2210, .T. ) ;
#143 = DIRECTION ( 'NONE',  ( -1.000000000000000000, -0.000000000000000000, -0.000000000000000000 ) ) ;
#144 = DIRECTION ( 'NONE',  ( 0.000000000000000000, -1.000000000000000000, 0.000000000000000000 ) ) ;
#145 = DIRECTION ( 'NONE',  ( -0.000000000000000000, 0.000000000000000000, 1.000000000000000000 ) ) ;
#146 = ORIENTED_EDGE ( 'NONE', *, *, #5060, .T. ) ;
#147 = DIRECTION ( 'NONE',  ( -0.000000000000000000, 1.000000000000000000, 0.000000000000000000 ) ) ;
#148 = LINE ( 'NONE', #5088, #4254 ) ;
#149 = EDGE_CURVE ( 'NONE', #2730, #473, #6219, .T. ) ;
#150 = CARTESIAN_POINT ( 'NONE',  ( 7.275000000000000355, 0.2500000000000000000, 2.475000000000000089 ) ) ;
#151 = ORIENTED_EDGE ( 'NONE', *, *, #1755, .T. ) ;
#152 = PRESENTATION_STYLE_ASSIGNMENT (( #4999 ) ) ;
#153 = ORIENTED_EDGE ( 'NONE', *, *, #2414, .F. ) ;
#154 = CARTESIAN_POINT ( 'NONE',  ( 3.025000000000005240, 1.800000000000000044, -1.774999999999999689 ) ) ;
#155 = LINE ( 'NONE', #1483, #354 ) ;
#156 = ORIENTED_EDGE ( 'NONE', *, *, #1232, .T. ) ;
#157 = ORIENTED_EDGE ( 'NONE', *, *, #4923, .F. ) ;
#158 = VECTOR ( 'NONE', #2921, 1000.000000000000000 ) ;
#159 = VECTOR ( 'NONE', #2566, 1000.000000000000000 ) ;
#160 = ORIENTED_EDGE ( 'NONE', *, *, #332, .T. ) ;
#161 = VECTOR ( 'NONE', #3441, 1000.000000000000000 ) ;
#163 = LINE ( 'NONE', #1017, #1608 ) ;
#162 = VECTOR ( 'NONE', #843, 1000.000000000000000 ) ;
#164 = DIRECTION ( 'NONE',  ( 1.000000000000000000, 0.000000000000000000, -0.000000000000000000 ) ) ;
#165 = LINE ( 'NONE', #5039, #3797 ) ;
#166 = ORIENTED_EDGE ( 'NONE', *, *, #4723, .F. ) ;
#167 = EDGE_LOOP ( 'NONE', ( #1261, #4912, #636, #1043, #3056, #37, #120, #2100, #3844, #200, #3249, #1376 ) ) ;
#168 = PLANE ( 'NONE',  #3005 ) ;
#169 = VERTEX_POINT ( 'NONE', #5367 ) ;
#170 = VECTOR ( 'NONE', #4565, 1000.000000000000000 ) ;
#171 = ORIENTED_EDGE ( 'NONE', *, *, #5617, .T. ) ;
#172 = ORIENTED_EDGE ( 'NONE', *, *, #1852, .F. ) ;
#173 = APPLICATION_CONTEXT ( 'automotive_design' ) ;
#174 = EDGE_CURVE ( 'NONE', #5056, #2919, #529, .T. ) ;
#175 = CARTESIAN_POINT ( 'NONE',  ( 0.000000000000000000, 4.049999999999999822, 0.4749999999999995337 ) ) ;
#176 = DIRECTION ( 'NONE',  ( 0.000000000000000000, -1.000000000000000000, 0.000000000000000000 ) ) ;
#177 = CARTESIAN_POINT ( 'NONE',  ( 5.724999999999998757, 4.049999999999999822, -1.224999999999999645 ) ) ;
#178 = DIRECTION ( 'NONE',  ( 0.000000000000000000, 0.000000000000000000, 1.000000000000000000 ) ) ;
#179 = DIRECTION ( 'NONE',  ( 0.000000000000000000, 0.000000000000000000, -1.000000000000000000 ) ) ;
#180 = LINE ( 'NONE', #665, #1441 ) ;
#181 = ORIENTED_EDGE ( 'NONE', *, *, #5826, .F. ) ;
#182 = CARTESIAN_POINT ( 'NONE',  ( 4.274999999999998579, 2.899999999999996803, -0.7749999999999999112 ) ) ;
#183 = DIRECTION ( 'NONE',  ( 2.358912948743652103E-16, 0.7071067811865474617, -0.7071067811865474617 ) ) ;
#184 = PLANE ( 'NONE',  #2896 ) ;
#185 = EDGE_CURVE ( 'NONE', #4538, #5501, #5743, .T. ) ;
#186 = VERTEX_POINT ( 'NONE', #5834 ) ;
#187 = DIRECTION ( 'NONE',  ( 1.000000000000000000, -0.000000000000000000, -0.000000000000000000 ) ) ;
#188 = ORIENTED_EDGE ( 'NONE', *, *, #194, .T. ) ;
#189 = PLANE ( 'NONE',  #5239 ) ;
#190 = CARTESIAN_POINT ( 'NONE',  ( 2.425000000000000266, 1.899999999999999689, 2.475000000000000533 ) ) ;
#191 = ORIENTED_EDGE ( 'NONE', *, *, #592, .F. ) ;
#192 = ORIENTED_EDGE ( 'NONE', *, *, #5558, .T. ) ;
#193 = VECTOR ( 'NONE', #4543, 1000.000000000000114 ) ;
#194 = EDGE_CURVE ( 'NONE', #229, #4377, #4287, .T. ) ;
#195 = VECTOR ( 'NONE', #6129, 999.9999999999998863 ) ;
#196 = CARTESIAN_POINT ( 'NONE',  ( 6.875000000000000888, 0.2499999999999999445, -0.3340169943749460302 ) ) ;
#197 = CARTESIAN_POINT ( 'NONE',  ( 5.874999999999997335, 4.049999999999999822, 0.2749999999999995226 ) ) ;
#198 = EDGE_CURVE ( 'NONE', #3089, #4539, #1929, .T. ) ;
#199 = LINE ( 'NONE', #4082, #4952 ) ;
#200 = ORIENTED_EDGE ( 'NONE', *, *, #1454, .T. ) ;
#201 = EDGE_LOOP ( 'NONE', ( #1785, #2226, #3284 ) ) ;
#202 = LINE ( 'NONE', #1757, #1075 ) ;
#203 = DIRECTION ( 'NONE',  ( -0.000000000000000000, -0.8944271909999158554, 0.4472135954999579277 ) ) ;
#204 = CARTESIAN_POINT ( 'NONE',  ( 2.375000000000000444, 2.899999999999999911, 0.1750000000000002387 ) ) ;
#205 = LINE ( 'NONE', #3568, #5148 ) ;
#206 = CARTESIAN_POINT ( 'NONE',  ( 2.625000000000000444, 3.399999999999999911, -1.174999999999999822 ) ) ;
#207 = CARTESIAN_POINT ( 'NONE',  ( 7.375000000000000888, 0.5999999999999999778, 1.825000000000000622 ) ) ;
#208 = ORIENTED_EDGE ( 'NONE', *, *, #5698, .F. ) ;
#209 = PLANE ( 'NONE',  #4416 ) ;
#210 = CARTESIAN_POINT ( 'NONE',  ( 2.525000000000002132, 1.800000000000000044, -1.274999999999999245 ) ) ;
#211 = ADVANCED_FACE ( 'NONE', ( #3446 ), #2914, .T. ) ;
#212 = DIRECTION ( 'NONE',  ( 0.000000000000000000, 0.000000000000000000, -1.000000000000000000 ) ) ;
#213 = VERTEX_POINT ( 'NONE', #1859 ) ;
#214 =( NAMED_UNIT ( * ) SI_UNIT ( $, .STERADIAN. ) SOLID_ANGLE_UNIT ( ) );
#215 = CIRCLE ( 'NONE', #3970, 0.09999999999999982514 ) ;
#216 = DIRECTION ( 'NONE',  ( 0.000000000000000000, -1.000000000000000000, -0.000000000000000000 ) ) ;
#217 = DIRECTION ( 'NONE',  ( 1.000000000000000000, 0.000000000000000000, 0.000000000000000000 ) ) ;
#218 = VERTEX_POINT ( 'NONE', #3794 ) ;
#219 = VECTOR ( 'NONE', #2488, 1000.000000000000000 ) ;
#220 = EDGE_CURVE ( 'NONE', #5859, #313, #2402, .T. ) ;
#221 = ORIENTED_EDGE ( 'NONE', *, *, #2856, .T. ) ;
#222 = VERTEX_POINT ( 'NONE', #5801 ) ;
#223 = EDGE_CURVE ( 'NONE', #5793, #4054, #2460, .T. ) ;
#224 = DIRECTION ( 'NONE',  ( 0.000000000000000000, 1.000000000000000000, 0.000000000000000000 ) ) ;
#225 = ADVANCED_FACE ( 'NONE', ( #4831 ), #4864, .F. ) ;
#226 = CARTESIAN_POINT ( 'NONE',  ( 4.274999999999999467, 4.049999999999999822, 0.4749999999999995337 ) ) ;
#227 = ORIENTED_EDGE ( 'NONE', *, *, #3014, .F. ) ;
#228 = FACE_OUTER_BOUND ( 'NONE', #3884, .T. ) ;
#229 = VERTEX_POINT ( 'NONE', #1004 ) ;
#230 = ORIENTED_EDGE ( 'NONE', *, *, #4723, .T. ) ;
#231 = AXIS2_PLACEMENT_3D ( 'NONE', #3761, #5736, #4712 ) ;
#232 = LINE ( 'NONE', #5602, #4546 ) ;
#233 = CARTESIAN_POINT ( 'NONE',  ( 2.425000000000000266, 0.000000000000000000, 0.2250000000000008105 ) ) ;
#234 = DIRECTION ( 'NONE',  ( 0.000000000000000000, 0.7071067811865519026, -0.7071067811865432429 ) ) ;
#235 = CARTESIAN_POINT ( 'NONE',  ( 7.575000000000000178, 1.899999999999999689, 2.475000000000000533 ) ) ;
#236 = DIRECTION ( 'NONE',  ( -1.000000000000000000, 0.000000000000000000, 0.000000000000000000 ) ) ;
#237 = ORIENTED_EDGE ( 'NONE', *, *, #3634, .F. ) ;
#238 = SURFACE_STYLE_USAGE ( .BOTH. , #4676 ) ;
#239 = LINE ( 'NONE', #1136, #1879 ) ;
#240 = VECTOR ( 'NONE', #2621, 1000.000000000000000 ) ;
#241 = EDGE_LOOP ( 'NONE', ( #4816, #547, #3993, #996, #5672, #17 ) ) ;
#242 = EDGE_CURVE ( 'NONE', #6134, #3444, #47, .T. ) ;
#243 = DIRECTION ( 'NONE',  ( 3.336006684570783101E-16, 1.000000000000000000, -0.000000000000000000 ) ) ;
#244 = CARTESIAN_POINT ( 'NONE',  ( 2.225000000000000533, 2.349999999999999645, 0.6750000000000002665 ) ) ;
#245 = ORIENTED_EDGE ( 'NONE', *, *, #1966, .F. ) ;
#246 = ORIENTED_EDGE ( 'NONE', *, *, #1421, .F. ) ;
#247 = ORIENTED_EDGE ( 'NONE', *, *, #1192, .T. ) ;
#248 = ORIENTED_EDGE ( 'NONE', *, *, #2360, .T. ) ;
#249 = VECTOR ( 'NONE', #5008, 1000.000000000000000 ) ;
#250 = EDGE_CURVE ( 'NONE', #5633, #1020, #978, .T. ) ;
#251 = AXIS2_PLACEMENT_3D ( 'NONE', #729, #216, #4098 ) ;
#252 = CARTESIAN_POINT ( 'NONE',  ( 4.124999999999999112, 1.449999999999999956, 0.3750000000000000555 ) ) ;
#253 = VECTOR ( 'NONE', #3295, 1000.000000000000000 ) ;
#254 = LINE ( 'NONE', #2670, #4423 ) ;
#255 = EDGE_CURVE ( 'NONE', #2252, #3496, #4893, .T. ) ;
#256 = VECTOR ( 'NONE', #3695, 1000.000000000000000 ) ;
#257 = CARTESIAN_POINT ( 'NONE',  ( 4.330089135474556095, 1.899999999999999689, 2.475000000000000533 ) ) ;
#258 = ORIENTED_EDGE ( 'NONE', *, *, #658, .F. ) ;
#259 = ORIENTED_EDGE ( 'NONE', *, *, #4255, .T. ) ;
#260 = AXIS2_PLACEMENT_3D ( 'NONE', #2996, #4991, #3538 ) ;
#261 = AXIS2_PLACEMENT_3D ( 'NONE', #1624, #2993, #3953 ) ;
#262 = EDGE_CURVE ( 'NONE', #2948, #2067, #5276, .T. ) ;
#263 = MECHANICAL_DESIGN_GEOMETRIC_PRESENTATION_REPRESENTATION (  '', ( #2189 ), #3710 ) ;
#264 = CARTESIAN_POINT ( 'NONE',  ( 5.375000000000001776, 2.250000000000000000, 0.6750000000000004885 ) ) ;
#265 = EDGE_CURVE ( 'NONE', #5534, #6114, #3928, .T. ) ;
#266 = CARTESIAN_POINT ( 'NONE',  ( 4.474999999999999645, 4.049999999999999822, -1.174999999999999822 ) ) ;
#267 = CARTESIAN_POINT ( 'NONE',  ( 5.524999999999998579, 2.899999999999996803, -0.7749999999999999112 ) ) ;
#268 = AXIS2_PLACEMENT_3D ( 'NONE', #2129, #4983, #5958 ) ;
#269 = LINE ( 'NONE', #814, #2700 ) ;
#270 = CARTESIAN_POINT ( 'NONE',  ( 2.624999999999999556, 0.000000000000000000, 0.2250000000000008105 ) ) ;
#271 = ORIENTED_EDGE ( 'NONE', *, *, #3443, .T. ) ;
#272 = VECTOR ( 'NONE', #2968, 1000.000000000000000 ) ;
#273 = EDGE_CURVE ( 'NONE', #350, #4518, #4802, .T. ) ;
#274 = FILL_AREA_STYLE_COLOUR ( '', #826 ) ;
#275 = DIRECTION ( 'NONE',  ( 1.000000000000000000, 0.000000000000000000, -0.000000000000000000 ) ) ;
#276 = DIRECTION ( 'NONE',  ( 0.000000000000000000, 0.000000000000000000, -1.000000000000000000 ) ) ;
#277 = ORIENTED_EDGE ( 'NONE', *, *, #2630, .T. ) ;
#278 = CARTESIAN_POINT ( 'NONE',  ( 7.708333333333335702, -0.6333333333333320825, 3.408333333333332771 ) ) ;
#279 = CARTESIAN_POINT ( 'NONE',  ( 4.474999999999997868, 4.049999999999999822, 0.2749999999999994671 ) ) ;
#280 = CARTESIAN_POINT ( 'NONE',  ( -4.299999999999998934, 3.850000000000000977, 0.6750000000000004885 ) ) ;
#281 = LINE ( 'NONE', #339, #2687 ) ;
#282 = CARTESIAN_POINT ( 'NONE',  ( 6.974999999999999645, 4.049999999999999822, 0.000000000000000000 ) ) ;
#283 = VERTEX_POINT ( 'NONE', #2366 ) ;
#284 = EDGE_CURVE ( 'NONE', #2424, #131, #6251, .T. ) ;
#285 = ORIENTED_EDGE ( 'NONE', *, *, #5283, .T. ) ;
#286 = CARTESIAN_POINT ( 'NONE',  ( 7.575000000000000178, 0.5999999999999999778, 0.2250000000000008105 ) ) ;
#287 = CARTESIAN_POINT ( 'NONE',  ( 2.125000000000000000, 1.999999999999999112, 2.475000000000000089 ) ) ;
#288 = EDGE_LOOP ( 'NONE', ( #966, #1458, #1013, #4016 ) ) ;
#289 = CARTESIAN_POINT ( 'NONE',  ( 7.174999999999999822, 3.149999999999999911, 2.375000000000000444 ) ) ;
#290 = VERTEX_POINT ( 'NONE', #5772 ) ;
#291 = VECTOR ( 'NONE', #2622, 1000.000000000000114 ) ;
#292 = EDGE_CURVE ( 'NONE', #3883, #4119, #3353, .T. ) ;
#293 = DIRECTION ( 'NONE',  ( 0.000000000000000000, -0.7071067811865472397, -0.7071067811865479058 ) ) ;
#294 =( GEOMETRIC_REPRESENTATION_CONTEXT ( 3 ) GLOBAL_UNCERTAINTY_ASSIGNED_CONTEXT ( ( #305 ) ) GLOBAL_UNIT_ASSIGNED_CONTEXT ( ( #1700, #3637, #4738 ) ) REPRESENTATION_CONTEXT ( 'NONE', 'WORKASPACE' ) );
#295 = CARTESIAN_POINT ( 'NONE',  ( 2.225000000000000533, 4.049999999999999822, 1.675000000000000266 ) ) ;
#296 = LINE ( 'NONE', #3153, #4643 ) ;
#297 = LINE ( 'NONE', #2234, #3205 ) ;
#298 = PLANE ( 'NONE',  #2352 ) ;
#299 = VERTEX_POINT ( 'NONE', #4454 ) ;
#300 = EDGE_CURVE ( 'NONE', #6266, #3163, #3478, .T. ) ;
#301 = VECTOR ( 'NONE', #2817, 1000.000000000000000 ) ;
#302 = ADVANCED_FACE ( 'NONE', ( #697 ), #2053, .F. ) ;
#303 = FACE_OUTER_BOUND ( 'NONE', #3952, .T. ) ;
#304 = CARTESIAN_POINT ( 'NONE',  ( 7.625000000000000000, 3.399999999999999911, 0.1750000000000002387 ) ) ;
#305 = UNCERTAINTY_MEASURE_WITH_UNIT (LENGTH_MEASURE( 1.000000000000000082E-05 ), #1700, 'distance_accuracy_value', 'NONE');
#306 = CARTESIAN_POINT ( 'NONE',  ( 5.724999999999998757, 4.000000000000000000, -1.224999999999999645 ) ) ;
#307 = VERTEX_POINT ( 'NONE', #5524 ) ;
#308 = ADVANCED_BREP_SHAPE_REPRESENTATION ( '', ( #540, #470, #2544, #2628, #4711, #2589, #422, #4722, #502, #4741, #4433 ), #4550 ) ;
#309 = CARTESIAN_POINT ( 'NONE',  ( 2.625000000000000444, 1.800000000000000044, -1.175000000000000044 ) ) ;
#310 = DIRECTION ( 'NONE',  ( -1.000000000000000000, -0.000000000000000000, -0.000000000000000000 ) ) ;
#311 = DIRECTION ( 'NONE',  ( 0.000000000000000000, 0.000000000000000000, 1.000000000000000000 ) ) ;
#312 = LINE ( 'NONE', #2149, #768 ) ;
#313 = VERTEX_POINT ( 'NONE', #5935 ) ;
#314 = AXIS2_PLACEMENT_3D ( 'NONE', #333, #2238, #6122 ) ;
#315 = VECTOR ( 'NONE', #4245, 1000.000000000000000 ) ;
#316 = VERTEX_POINT ( 'NONE', #2023 ) ;
#317 = EDGE_LOOP ( 'NONE', ( #4489, #2904, #1191, #1406 ) ) ;
#318 = VECTOR ( 'NONE', #76, 1000.000000000000000 ) ;
#319 = FACE_OUTER_BOUND ( 'NONE', #533, .T. ) ;
#320 = DIRECTION ( 'NONE',  ( 0.000000000000000000, 0.000000000000000000, -1.000000000000000000 ) ) ;
#321 = CARTESIAN_POINT ( 'NONE',  ( 2.125000000000000000, 0.6499999999999999112, -1.574999999999999512 ) ) ;
#322 = LINE ( 'NONE', #4203, #3405 ) ;
#323 = VERTEX_POINT ( 'NONE', #1666 ) ;
#324 = ORIENTED_EDGE ( 'NONE', *, *, #4144, .F. ) ;
#325 = ORIENTED_EDGE ( 'NONE', *, *, #5504, .T. ) ;
#326 = DIRECTION ( 'NONE',  ( 0.000000000000000000, -1.000000000000000000, -2.456395547037470490E-16 ) ) ;
#327 = LINE ( 'NONE', #233, #3663 ) ;
#328 = PLANE ( 'NONE',  #4330 ) ;
#329 = CARTESIAN_POINT ( 'NONE',  ( 5.724999999999997868, 1.577500000000001235, -1.577499999999999902 ) ) ;
#330 = DIRECTION ( 'NONE',  ( -1.000000000000000000, 0.000000000000000000, -0.000000000000000000 ) ) ;
#331 = AXIS2_PLACEMENT_3D ( 'NONE', #15, #430, #4829 ) ;
#332 = EDGE_CURVE ( 'NONE', #5056, #2459, #1602, .T. ) ;
#333 = CARTESIAN_POINT ( 'NONE',  ( 2.625000000000000444, 2.899999999999999911, -0.3249999999999997891 ) ) ;
#334 = CARTESIAN_POINT ( 'NONE',  ( 3.624999999999999556, 3.950000000000000178, 0.3749999999999998335 ) ) ;
#335 = CARTESIAN_POINT ( 'NONE',  ( 7.375000000000000000, 2.899999999999999911, 0.1750000000000002387 ) ) ;
#336 = EDGE_CURVE ( 'NONE', #3114, #1198, #3102, .T. ) ;
#337 = LINE ( 'NONE', #5249, #5455 ) ;
#338 = DIRECTION ( 'NONE',  ( 1.000000000000000000, 0.000000000000000000, 4.336808689942021680E-16 ) ) ;
#339 = CARTESIAN_POINT ( 'NONE',  ( 2.625000000000000444, 3.399999999999999911, -1.174999999999999822 ) ) ;
#340 = CARTESIAN_POINT ( 'NONE',  ( 5.524999999999997691, 0.3500000000000009215, -1.374999999999999778 ) ) ;
#341 = VERTEX_POINT ( 'NONE', #3516 ) ;
#342 = ORIENTED_EDGE ( 'NONE', *, *, #2213, .F. ) ;
#343 = ORIENTED_EDGE ( 'NONE', *, *, #6023, .T. ) ;
#344 = ORIENTED_EDGE ( 'NONE', *, *, #1934, .T. ) ;
#345 = CARTESIAN_POINT ( 'NONE',  ( 6.875000000000000000, 1.449999999999999956, 0.8749999999999998890 ) ) ;
#346 = CARTESIAN_POINT ( 'NONE',  ( 7.625000000000000000, 2.899999999999999911, -0.3249999999999997891 ) ) ;
#347 = DIRECTION ( 'NONE',  ( 0.4472135954999579277, 0.8944271909999158554, 0.000000000000000000 ) ) ;
#348 = LINE ( 'NONE', #4141, #57 ) ;
#349 = EDGE_LOOP ( 'NONE', ( #5299, #1950, #950, #166 ) ) ;
#350 = VERTEX_POINT ( 'NONE', #4578 ) ;
#351 = ORIENTED_EDGE ( 'NONE', *, *, #1143, .T. ) ;
#352 = VECTOR ( 'NONE', #1917, 1000.000000000000000 ) ;
#353 = VECTOR ( 'NONE', #5710, 1000.000000000000000 ) ;
#355 = CARTESIAN_POINT ( 'NONE',  ( 3.125000000000000000, -13.83708784390703705, -1.174999999999999822 ) ) ;
#354 = VECTOR ( 'NONE', #2438, 1000.000000000000000 ) ;
#356 = ADVANCED_FACE ( 'NONE', ( #1193 ), #209, .T. ) ;
#357 = FACE_OUTER_BOUND ( 'NONE', #3709, .T. ) ;
#358 = DIRECTION ( 'NONE',  ( 0.000000000000000000, 0.000000000000000000, -1.000000000000000000 ) ) ;
#359 = PLANE ( 'NONE',  #6250 ) ;
#360 = CARTESIAN_POINT ( 'NONE',  ( 2.125000000000000000, 2.349999999999999645, 0.6750000000000002665 ) ) ;
#361 = VECTOR ( 'NONE', #4797, 1000.000000000000114 ) ;
#362 = EDGE_CURVE ( 'NONE', #1453, #3241, #4519, .T. ) ;
#363 = VECTOR ( 'NONE', #6096, 1000.000000000000000 ) ;
#364 = ORIENTED_EDGE ( 'NONE', *, *, #3174, .T. ) ;
#365 = AXIS2_PLACEMENT_3D ( 'NONE', #2440, #2410, #5782 ) ;
#366 =( LENGTH_UNIT ( ) NAMED_UNIT ( * ) SI_UNIT ( .MILLI., .METRE. ) );
#367 = LINE ( 'NONE', #1439, #3845 ) ;
#368 = DIRECTION ( 'NONE',  ( 0.000000000000000000, -2.456395547037470490E-16, 1.000000000000000000 ) ) ;
#369 = CARTESIAN_POINT ( 'NONE',  ( 5.524999999999998579, 1.199999999999999734, 0.1750000000000000722 ) ) ;
#370 = EDGE_CURVE ( 'NONE', #186, #93, #1101, .T. ) ;
#371 = CARTESIAN_POINT ( 'NONE',  ( 2.125000000000000000, 0.000000000000000000, -0.8249999999999997335 ) ) ;
#372 = DIRECTION ( 'NONE',  ( 1.000000000000000000, 0.000000000000000000, 0.000000000000000000 ) ) ;
#373 = LINE ( 'NONE', #5676, #353 ) ;
#374 = CARTESIAN_POINT ( 'NONE',  ( 5.669910864525444794, 1.899999999999999911, 1.825000000000000622 ) ) ;
#375 = ORIENTED_EDGE ( 'NONE', *, *, #1648, .T. ) ;
#376 = ORIENTED_EDGE ( 'NONE', *, *, #1365, .F. ) ;
#377 = ORIENTED_EDGE ( 'NONE', *, *, #2132, .F. ) ;
#378 = ORIENTED_EDGE ( 'NONE', *, *, #2389, .T. ) ;
#379 = EDGE_CURVE ( 'NONE', #1355, #6018, #4552, .T. ) ;
#380 = LINE ( 'NONE', #3805, #4673 ) ;
#381 = DIRECTION ( 'NONE',  ( 1.000000000000000000, 0.000000000000000000, 0.000000000000000000 ) ) ;
#382 = CARTESIAN_POINT ( 'NONE',  ( 2.125000000000000000, 0.000000000000000000, 2.475000000000000089 ) ) ;
#383 = ORIENTED_EDGE ( 'NONE', *, *, #2315, .T. ) ;
#384 = FACE_OUTER_BOUND ( 'NONE', #688, .T. ) ;
#385 = ADVANCED_FACE ( 'NONE', ( #3994 ), #5971, .F. ) ;
#386 = ORIENTED_EDGE ( 'NONE', *, *, #2436, .T. ) ;
#387 = EDGE_CURVE ( 'NONE', #515, #222, #3006, .T. ) ;
#388 = VERTEX_POINT ( 'NONE', #5426 ) ;
#389 = DIRECTION ( 'NONE',  ( -1.000000000000000000, -0.000000000000000000, -0.000000000000000000 ) ) ;
#390 = EDGE_CURVE ( 'NONE', #715, #169, #5901, .T. ) ;
#391 = CARTESIAN_POINT ( 'NONE',  ( 4.474999999999996980, 0.09999999999999999167, -0.8250000000000010658 ) ) ;
#392 = CARTESIAN_POINT ( 'NONE',  ( 2.625000000000000444, 3.950000000000000178, 0.000000000000000000 ) ) ;
#393 = VECTOR ( 'NONE', #544, 1000.000000000000227 ) ;
#394 = CARTESIAN_POINT ( 'NONE',  ( 4.624999999999998224, 1.199999999999999734, 0.3750000000000000555 ) ) ;
#395 = ORIENTED_EDGE ( 'NONE', *, *, #5794, .T. ) ;
#396 = VECTOR ( 'NONE', #753, 1000.000000000000000 ) ;
#397 = DIRECTION ( 'NONE',  ( 0.000000000000000000, 0.000000000000000000, 1.000000000000000000 ) ) ;
#398 = CARTESIAN_POINT ( 'NONE',  ( 5.524999999999998579, 3.299999999999999822, -1.224999999999999645 ) ) ;
#399 = ORIENTED_EDGE ( 'NONE', *, *, #447, .T. ) ;
#400 = CARTESIAN_POINT ( 'NONE',  ( 7.774999999999999467, 2.349999999999999645, 1.675000000000000266 ) ) ;
#401 = CARTESIAN_POINT ( 'NONE',  ( 7.625000000000000000, 4.049999999999999822, 2.375000000000000444 ) ) ;
#402 = DIRECTION ( 'NONE',  ( 0.000000000000000000, 0.000000000000000000, -1.000000000000000000 ) ) ;
#403 = CARTESIAN_POINT ( 'NONE',  ( 7.575000000000000178, 0.000000000000000000, 0.2250000000000008105 ) ) ;
#404 = DIRECTION ( 'NONE',  ( 0.000000000000000000, -5.421010862427526114E-15, 1.000000000000000000 ) ) ;
#405 = ORIENTED_EDGE ( 'NONE', *, *, #4318, .F. ) ;
#406 = ORIENTED_EDGE ( 'NONE', *, *, #1386, .F. ) ;
#407 = EDGE_CURVE ( 'NONE', #6139, #4009, #1134, .T. ) ;
#408 = DIRECTION ( 'NONE',  ( 0.000000000000000000, -0.7071067811865511255, 0.7071067811865440200 ) ) ;
#409 = DIRECTION ( 'NONE',  ( 1.000000000000000000, -0.000000000000000000, -0.000000000000000000 ) ) ;
#410 = CARTESIAN_POINT ( 'NONE',  ( 4.474999999999996980, 3.450000000000001510, 1.870248747537497357E-14 ) ) ;
#411 = EDGE_CURVE ( 'NONE', #1585, #4182, #3070, .T. ) ;
#412 = CARTESIAN_POINT ( 'NONE',  ( 5.524999999999997691, 0.1500000000000032419, -2.474999999999999645 ) ) ;
#413 = ORIENTED_EDGE ( 'NONE', *, *, #5529, .T. ) ;
#414 = VECTOR ( 'NONE', #1146, 1000.000000000000000 ) ;
#415 = EDGE_CURVE ( 'NONE', #1020, #101, #115, .T. ) ;
#416 = PLANE ( 'NONE',  #1176 ) ;
#417 = CARTESIAN_POINT ( 'NONE',  ( 5.724999999999997868, 1.449999999999999956, 0.1750000000000000722 ) ) ;
#418 = FACE_OUTER_BOUND ( 'NONE', #5357, .T. ) ;
#419 = PLANE ( 'NONE',  #2907 ) ;
#420 = EDGE_LOOP ( 'NONE', ( #1865, #4130, #3800, #2122 ) ) ;
#421 = ORIENTED_EDGE ( 'NONE', *, *, #2502, .T. ) ;
#422 = MANIFOLD_SOLID_BREP ( 'Boss-Extrude13', #4808 ) ;
#423 = ORIENTED_EDGE ( 'NONE', *, *, #4665, .F. ) ;
#424 = DIRECTION ( 'NONE',  ( 0.000000000000000000, -1.000000000000000000, 0.000000000000000000 ) ) ;
#425 = FACE_OUTER_BOUND ( 'NONE', #5854, .T. ) ;
#426 = VECTOR ( 'NONE', #1320, 1000.000000000000000 ) ;
#427 = DIRECTION ( 'NONE',  ( 1.000000000000000000, -0.000000000000000000, -0.000000000000000000 ) ) ;
#428 = VECTOR ( 'NONE', #5789, 1000.000000000000000 ) ;
#429 = ORIENTED_EDGE ( 'NONE', *, *, #6238, .T. ) ;
#430 = DIRECTION ( 'NONE',  ( 0.000000000000000000, 0.7071067811865475727, -0.7071067811865475727 ) ) ;
#431 = EDGE_CURVE ( 'NONE', #388, #4807, #668, .T. ) ;
#432 = MECHANICAL_DESIGN_GEOMETRIC_PRESENTATION_REPRESENTATION (  '', ( #2358 ), #3472 ) ;
#433 = DIRECTION ( 'NONE',  ( -1.000000000000000000, 0.000000000000000000, -4.336808689942021680E-16 ) ) ;
#434 = DIRECTION ( 'NONE',  ( -0.000000000000000000, 0.000000000000000000, -1.000000000000000000 ) ) ;
#435 = CARTESIAN_POINT ( 'NONE',  ( 5.724999999999997868, 0.1792893218813485512, -1.745710678118654435 ) ) ;
#436 = ADVANCED_FACE ( 'NONE', ( #3693 ), #4608, .F. ) ;
#437 = LINE ( 'NONE', #1391, #3395 ) ;
#438 = ORIENTED_EDGE ( 'NONE', *, *, #3966, .F. ) ;
#439 = ORIENTED_EDGE ( 'NONE', *, *, #911, .T. ) ;
#440 = ADVANCED_FACE ( 'NONE', ( #303 ), #6063, .F. ) ;
#441 = LINE ( 'NONE', #922, #3533 ) ;
#442 = CARTESIAN_POINT ( 'NONE',  ( 4.274999999999998579, 1.449999999999999956, -1.224999999999999645 ) ) ;
#443 = PLANE ( 'NONE',  #944 ) ;
#444 = DIRECTION ( 'NONE',  ( -1.000000000000000000, 0.000000000000000000, -1.807003620809174632E-16 ) ) ;
#445 = ORIENTED_EDGE ( 'NONE', *, *, #1539, .T. ) ;
#446 = ORIENTED_EDGE ( 'NONE', *, *, #4107, .F. ) ;
#447 = EDGE_CURVE ( 'NONE', #4587, #2924, #5150, .T. ) ;
#448 = FACE_OUTER_BOUND ( 'NONE', #4242, .T. ) ;
#449 = EDGE_CURVE ( 'NONE', #4009, #5062, #5116, .T. ) ;
#450 = LINE ( 'NONE', #2384, #5300 ) ;
#451 = DIRECTION ( 'NONE',  ( 1.000000000000000000, -0.000000000000000000, -0.000000000000000000 ) ) ;
#452 = ORIENTED_EDGE ( 'NONE', *, *, #1613, .T. ) ;
#453 = FILL_AREA_STYLE_COLOUR ( '', #4944 ) ;
#454 = PRODUCT_DEFINITION_SHAPE ( 'NONE', 'NONE',  #6295 ) ;
#455 = CARTESIAN_POINT ( 'NONE',  ( 5.724999999999997868, 0.09999999999999999167, -0.8250000000000010658 ) ) ;
#456 = ORIENTED_EDGE ( 'NONE', *, *, #4306, .F. ) ;
#457 = ORIENTED_EDGE ( 'NONE', *, *, #1956, .T. ) ;
#458 = VECTOR ( 'NONE', #1909, 1000.000000000000000 ) ;
#459 = SURFACE_SIDE_STYLE ('',( #5610 ) ) ;
#460 = CARTESIAN_POINT ( 'NONE',  ( 7.375000000000000000, 3.399999999999999911, -1.174999999999999822 ) ) ;
#461 = CARTESIAN_POINT ( 'NONE',  ( 4.474999999999998757, 3.299999999999999822, -0.9349999999999998312 ) ) ;
#462 = VECTOR ( 'NONE', #2314, 1000.000000000000000 ) ;
#463 = VERTEX_POINT ( 'NONE', #4217 ) ;
#464 = AXIS2_PLACEMENT_3D ( 'NONE', #2718, #368, #4710 ) ;
#465 = EDGE_CURVE ( 'NONE', #3852, #2512, #3723, .T. ) ;
#466 = VECTOR ( 'NONE', #14, 1000.000000000000000 ) ;
#467 = VECTOR ( 'NONE', #4177, 1000.000000000000114 ) ;
#468 = AXIS2_PLACEMENT_3D ( 'NONE', #3280, #2813, #4310 ) ;
#469 = CARTESIAN_POINT ( 'NONE',  ( -4.228388472693454967E-16, 4.049999999999999822, 0.9749999999999963141 ) ) ;
#470 = MANIFOLD_SOLID_BREP ( 'LPattern2[18]', #123 ) ;
#471 = LINE ( 'NONE', #2940, #2118 ) ;
#472 = DIRECTION ( 'NONE',  ( 0.000000000000000000, -1.000000000000000000, 0.000000000000000000 ) ) ;
#473 = VERTEX_POINT ( 'NONE', #1824 ) ;
#474 = VECTOR ( 'NONE', #5822, 1000.000000000000114 ) ;
#475 = ORIENTED_EDGE ( 'NONE', *, *, #2029, .F. ) ;
#476 = ORIENTED_EDGE ( 'NONE', *, *, #1509, .F. ) ;
#477 = DIRECTION ( 'NONE',  ( -0.000000000000000000, -0.000000000000000000, 1.000000000000000000 ) ) ;
#478 = DIRECTION ( 'NONE',  ( 0.000000000000000000, -1.000000000000000000, 0.000000000000000000 ) ) ;
#479 = LINE ( 'NONE', #4967, #5519 ) ;
#480 = ORIENTED_EDGE ( 'NONE', *, *, #4819, .F. ) ;
#481 = PLANE ( 'NONE',  #4751 ) ;
#482 = EDGE_LOOP ( 'NONE', ( #774, #3648, #259, #2250 ) ) ;
#483 = EDGE_LOOP ( 'NONE', ( #3266, #1556, #5221, #3373 ) ) ;
#484 = LINE ( 'NONE', #2415, #6082 ) ;
#485 = FACE_OUTER_BOUND ( 'NONE', #1690, .T. ) ;
#486 = CARTESIAN_POINT ( 'NONE',  ( 4.274999999999999467, 4.049999999999999822, -1.174999999999999822 ) ) ;
#487 = VERTEX_POINT ( 'NONE', #1346 ) ;
#488 = CARTESIAN_POINT ( 'NONE',  ( 5.724999999999997868, -0.04999999999999567291, -2.474999999999999645 ) ) ;
#489 = ORIENTED_EDGE ( 'NONE', *, *, #2140, .F. ) ;
#490 = EDGE_LOOP ( 'NONE', ( #3264, #5415, #6179, #4561 ) ) ;
#491 = ORIENTED_EDGE ( 'NONE', *, *, #4355, .F. ) ;
#492 =( LENGTH_UNIT ( ) NAMED_UNIT ( * ) SI_UNIT ( .MILLI., .METRE. ) );
#493 = LINE ( 'NONE', #1468, #3705 ) ;
#494 = DIRECTION ( 'NONE',  ( 0.000000000000000000, -1.000000000000000000, 2.710505431213761393E-17 ) ) ;
#495 = AXIS2_PLACEMENT_3D ( 'NONE', #3954, #176, #5892 ) ;
#496 = EDGE_CURVE ( 'NONE', #5077, #5699, #2172, .T. ) ;
#497 = ORIENTED_EDGE ( 'NONE', *, *, #6160, .T. ) ;
#498 = ORIENTED_EDGE ( 'NONE', *, *, #4107, .T. ) ;
#499 = VECTOR ( 'NONE', #4257, 1000.000000000000114 ) ;
#500 = EDGE_CURVE ( 'NONE', #1589, #2760, #1223, .T. ) ;
#501 = CARTESIAN_POINT ( 'NONE',  ( 7.375000000000000000, 2.899999999999999911, -0.3249999999999997891 ) ) ;
#502 = MANIFOLD_SOLID_BREP ( 'LPattern3[2]', #3466 ) ;
#503 = FACE_OUTER_BOUND ( 'NONE', #4835, .T. ) ;
#504 = DIRECTION ( 'NONE',  ( 0.000000000000000000, 1.000000000000000000, 0.000000000000000000 ) ) ;
#505 = ORIENTED_EDGE ( 'NONE', *, *, #4274, .F. ) ;
#506 = ORIENTED_EDGE ( 'NONE', *, *, #6178, .T. ) ;
#507 = DIRECTION ( 'NONE',  ( 0.000000000000000000, 0.000000000000000000, 1.000000000000000000 ) ) ;
#508 = CARTESIAN_POINT ( 'NONE',  ( 7.875000000000000000, 4.049999999999999822, 1.675000000000000266 ) ) ;
#509 = LINE ( 'NONE', #4367, #4331 ) ;
#510 = ORIENTED_EDGE ( 'NONE', *, *, #4125, .F. ) ;
#511 = CARTESIAN_POINT ( 'NONE',  ( 2.624999999999999556, 0.000000000000000000, 2.475000000000000089 ) ) ;
#512 = CARTESIAN_POINT ( 'NONE',  ( -6.875000000000000000, -13.83708784390703705, 0.3750000000000001110 ) ) ;
#513 = CARTESIAN_POINT ( 'NONE',  ( 4.124999999999999112, 1.449999999999999956, 0.1750000000000000999 ) ) ;
#514 = ORIENTED_EDGE ( 'NONE', *, *, #1906, .F. ) ;
#515 = VERTEX_POINT ( 'NONE', #4645 ) ;
#516 = PRESENTATION_STYLE_ASSIGNMENT (( #5761 ) ) ;
#517 = DIRECTION ( 'NONE',  ( 0.000000000000000000, -1.000000000000000000, 0.000000000000000000 ) ) ;
#518 = VERTEX_POINT ( 'NONE', #2396 ) ;
#519 = ORIENTED_EDGE ( 'NONE', *, *, #223, .F. ) ;
#520 = VECTOR ( 'NONE', #5139, 1000.000000000000000 ) ;
#521 = EDGE_CURVE ( 'NONE', #638, #2285, #5331, .T. ) ;
#522 = FACE_OUTER_BOUND ( 'NONE', #740, .T. ) ;
#523 = FACE_OUTER_BOUND ( 'NONE', #1089, .T. ) ;
#524 = VECTOR ( 'NONE', #1560, 1000.000000000000000 ) ;
#525 = CARTESIAN_POINT ( 'NONE',  ( 4.474999999999997868, 1.449999999999999956, -0.7749999999999999112 ) ) ;
#526 = FACE_OUTER_BOUND ( 'NONE', #5395, .T. ) ;
#527 = ORIENTED_EDGE ( 'NONE', *, *, #3434, .T. ) ;
#528 = EDGE_CURVE ( 'NONE', #3494, #2943, #1892, .T. ) ;
#529 = LINE ( 'NONE', #2849, #3310 ) ;
#530 = DIRECTION ( 'NONE',  ( 0.000000000000000000, 1.000000000000000000, 0.000000000000000000 ) ) ;
#531 = CARTESIAN_POINT ( 'NONE',  ( 5.524999999999998579, 3.299999999999999822, -0.7749999999999999112 ) ) ;
#532 = ADVANCED_FACE ( 'NONE', ( #5827 ), #5730, .F. ) ;
#533 = EDGE_LOOP ( 'NONE', ( #3932, #375, #5975, #548, #5721, #5848 ) ) ;
#534 = ORIENTED_EDGE ( 'NONE', *, *, #2974, .F. ) ;
#535 = VECTOR ( 'NONE', #5306, 1000.000000000000000 ) ;
#536 = EDGE_CURVE ( 'NONE', #3047, #3547, #5302, .T. ) ;
#537 = EDGE_CURVE ( 'NONE', #6274, #2576, #6241, .T. ) ;
#538 = CARTESIAN_POINT ( 'NONE',  ( 6.875000000000000888, -6.123233995736742617E-17, -0.3340169943749460302 ) ) ;
#539 = DIRECTION ( 'NONE',  ( 0.000000000000000000, 0.8320502943378444982, -0.5547001962252280372 ) ) ;
#540 = MANIFOLD_SOLID_BREP ( 'LPattern2[9]', #2350 ) ;
#541 = ORIENTED_EDGE ( 'NONE', *, *, #5474, .F. ) ;
#542 = ORIENTED_EDGE ( 'NONE', *, *, #5125, .T. ) ;
#543 = ADVANCED_FACE ( 'NONE', ( #4280 ), #2933, .F. ) ;
#544 = DIRECTION ( 'NONE',  ( 0.4472135954999579277, -0.8944271909999158554, -0.000000000000000000 ) ) ;
#545 = CARTESIAN_POINT ( 'NONE',  ( 5.524999999999998579, 3.449999999999999289, 0.2949999999999999289 ) ) ;
#546 = CARTESIAN_POINT ( 'NONE',  ( 5.724999999999997868, 0.3500000000000009215, -1.324999999999999512 ) ) ;
#547 = ORIENTED_EDGE ( 'NONE', *, *, #3267, .T. ) ;
#548 = ORIENTED_EDGE ( 'NONE', *, *, #776, .T. ) ;
#549 = AXIS2_PLACEMENT_3D ( 'NONE', #6030, #3133, #3542 ) ;
#550 = VERTEX_POINT ( 'NONE', #1953 ) ;
#551 = DIRECTION ( 'NONE',  ( -1.000000000000000000, -0.000000000000000000, -0.000000000000000000 ) ) ;
#552 = ORIENTED_EDGE ( 'NONE', *, *, #3457, .T. ) ;
#553 = ORIENTED_EDGE ( 'NONE', *, *, #5618, .F. ) ;
#554 = ADVANCED_FACE ( 'NONE', ( #523 ), #2453, .T. ) ;
#555 = DIRECTION ( 'NONE',  ( 0.000000000000000000, 1.000000000000000000, 0.000000000000000000 ) ) ;
#556 = CARTESIAN_POINT ( 'NONE',  ( 6.531793621149187601, 3.050000000000000266, -0.02500000000000021302 ) ) ;
#557 = CARTESIAN_POINT ( 'NONE',  ( 7.375000000000000888, 1.899999999999999689, 2.475000000000000533 ) ) ;
#558 = DIRECTION ( 'NONE',  ( -1.000000000000000000, -0.000000000000000000, -0.000000000000000000 ) ) ;
#559 = CARTESIAN_POINT ( 'NONE',  ( 4.274999999999997691, 0.3500000000000009215, -1.324999999999999512 ) ) ;
#560 = EDGE_CURVE ( 'NONE', #5633, #3852, #5862, .T. ) ;
#561 = PLANE ( 'NONE',  #4609 ) ;
#562 = ORIENTED_EDGE ( 'NONE', *, *, #4716, .F. ) ;
#563 = VECTOR ( 'NONE', #6078, 1000.000000000000000 ) ;
#564 = VECTOR ( 'NONE', #4526, 1000.000000000000000 ) ;
#565 = CARTESIAN_POINT ( 'NONE',  ( 5.524999999999998579, 1.449999999999999956, 0.1750000000000000722 ) ) ;
#566 = DIRECTION ( 'NONE',  ( -1.000000000000000000, -0.000000000000000000, -0.000000000000000000 ) ) ;
#567 = VECTOR ( 'NONE', #2757, 1000.000000000000000 ) ;
#568 = PLANE ( 'NONE',  #5640 ) ;
#569 = ORIENTED_EDGE ( 'NONE', *, *, #3785, .T. ) ;
#570 = VECTOR ( 'NONE', #2676, 1000.000000000000000 ) ;
#571 = CIRCLE ( 'NONE', #4444, 0.1000000000000000472 ) ;
#572 = ADVANCED_FACE ( 'NONE', ( #1057 ), #5486, .F. ) ;
#573 = AXIS2_PLACEMENT_3D ( 'NONE', #5967, #2999, #111 ) ;
#574 = EDGE_CURVE ( 'NONE', #1372, #2290, #3505, .T. ) ;
#575 = CARTESIAN_POINT ( 'NONE',  ( 4.124999999999999112, 3.950000000000000178, 0.1750000000000000999 ) ) ;
#576 = VECTOR ( 'NONE', #4727, 1000.000000000000000 ) ;
#577 = DIRECTION ( 'NONE',  ( 2.358912948743652103E-16, 0.7071067811865474617, -0.7071067811865474617 ) ) ;
#578 = EDGE_CURVE ( 'NONE', #3175, #3401, #2614, .T. ) ;
#579 = VECTOR ( 'NONE', #5867, 1000.000000000000000 ) ;
#580 = ORIENTED_EDGE ( 'NONE', *, *, #932, .F. ) ;
#581 = ORIENTED_EDGE ( 'NONE', *, *, #3267, .F. ) ;
#582 = EDGE_CURVE ( 'NONE', #473, #3216, #2015, .T. ) ;
#583 = CARTESIAN_POINT ( 'NONE',  ( 7.625000000000000000, 2.899999999999999911, 0.1750000000000002387 ) ) ;
#584 = CARTESIAN_POINT ( 'NONE',  ( 2.625000000000000444, 3.399999999999999911, -1.174999999999999822 ) ) ;
#585 = CARTESIAN_POINT ( 'NONE',  ( 5.724999999999997868, 0.1792893218813485512, -1.745710678118654435 ) ) ;
#586 = ORIENTED_EDGE ( 'NONE', *, *, #3299, .T. ) ;
#587 = ADVANCED_FACE ( 'NONE', ( #1124 ), #2520, .F. ) ;
#588 = VERTEX_POINT ( 'NONE', #1596 ) ;
#589 = DIRECTION ( 'NONE',  ( 0.5773502691896257311, 0.5773502691896257311, 0.5773502691896257311 ) ) ;
#590 = VERTEX_POINT ( 'NONE', #2555 ) ;
#591 = ORIENTED_EDGE ( 'NONE', *, *, #2680, .F. ) ;
#592 = EDGE_CURVE ( 'NONE', #4975, #725, #4512, .T. ) ;
#593 = LINE ( 'NONE', #3091, #6052 ) ;
#594 = FACE_OUTER_BOUND ( 'NONE', #4304, .T. ) ;
#595 = DIRECTION ( 'NONE',  ( 0.000000000000000000, 3.336006684570783101E-16, -1.000000000000000000 ) ) ;
#596 = DIRECTION ( 'NONE',  ( 0.000000000000000000, 0.000000000000000000, 1.000000000000000000 ) ) ;
#597 = CARTESIAN_POINT ( 'NONE',  ( 4.474999999999996980, -0.1499999999999963862, -1.474999999999999645 ) ) ;
#598 = DIRECTION ( 'NONE',  ( -1.000000000000000000, -0.000000000000000000, -0.000000000000000000 ) ) ;
#599 = VERTEX_POINT ( 'NONE', #4570 ) ;
#600 = ORIENTED_EDGE ( 'NONE', *, *, #5746, .T. ) ;
#601 = DIRECTION ( 'NONE',  ( -1.000000000000000000, 0.000000000000000000, -0.000000000000000000 ) ) ;
#602 = LINE ( 'NONE', #1603, #291 ) ;
#603 = CARTESIAN_POINT ( 'NONE',  ( 5.724999999999997868, 0.1500000000000032419, -2.474999999999999645 ) ) ;
#604 = FACE_OUTER_BOUND ( 'NONE', #4395, .T. ) ;
#605 = VECTOR ( 'NONE', #4005, 1000.000000000000000 ) ;
#606 = COLOUR_RGB ( '',0.7960784313725489669, 0.8235294117647058432, 0.9372549019607843146 ) ;
#607 = CARTESIAN_POINT ( 'NONE',  ( 7.875000000000000000, 0.5999999999999999778, 0.2250000000000008105 ) ) ;
#608 = PLANE ( 'NONE',  #4940 ) ;
#609 = EDGE_LOOP ( 'NONE', ( #1238, #5124, #2477, #5790 ) ) ;
#610 = ORIENTED_EDGE ( 'NONE', *, *, #62, .F. ) ;
#611 = MECHANICAL_DESIGN_GEOMETRIC_PRESENTATION_REPRESENTATION (  '', ( #4680 ), #2225 ) ;
#612 = ORIENTED_EDGE ( 'NONE', *, *, #431, .T. ) ;
#613 = EDGE_CURVE ( 'NONE', #3513, #2424, #3986, .T. ) ;
#614 = DIRECTION ( 'NONE',  ( 0.000000000000000000, -0.000000000000000000, 1.000000000000000000 ) ) ;
#615 = ADVANCED_FACE ( 'NONE', ( #594 ), #2994, .T. ) ;
#616 = DIRECTION ( 'NONE',  ( 0.000000000000000000, 0.000000000000000000, 1.000000000000000000 ) ) ;
#617 = DIRECTION ( 'NONE',  ( -1.000000000000000000, -0.000000000000000000, -0.000000000000000000 ) ) ;
#618 = ORIENTED_EDGE ( 'NONE', *, *, #5157, .F. ) ;
#619 = APPLICATION_PROTOCOL_DEFINITION ( 'draft international standard', 'automotive_design', 1998, #4397 ) ;
#620 = ORIENTED_EDGE ( 'NONE', *, *, #1000, .T. ) ;
#621 = CARTESIAN_POINT ( 'NONE',  ( 4.474999999999997868, 1.449999999999999956, -1.224999999999999645 ) ) ;
#622 = EDGE_LOOP ( 'NONE', ( #5261, #4221, #2911, #343, #2607, #2394, #5981, #4271, #4338, #6112, #5105, #3571, #5532 ) ) ;
#623 = ORIENTED_EDGE ( 'NONE', *, *, #273, .T. ) ;
#624 = ADVANCED_FACE ( 'NONE', ( #4022 ), #75, .T. ) ;
#625 = DIRECTION ( 'NONE',  ( -1.000000000000000000, 0.000000000000000000, 0.000000000000000000 ) ) ;
#626 = LINE ( 'NONE', #3566, #3730 ) ;
#627 = DIRECTION ( 'NONE',  ( 1.000000000000000000, -1.084202172485505297E-16, 0.000000000000000000 ) ) ;
#628 = CARTESIAN_POINT ( 'NONE',  ( 4.474999999999996980, -0.04999999999999636680, -2.375000000000000000 ) ) ;
#629 = CARTESIAN_POINT ( 'NONE',  ( 5.524999999999997691, -0.1499999999999963862, -1.474999999999999645 ) ) ;
#630 = PLANE ( 'NONE',  #5314 ) ;
#631 = VECTOR ( 'NONE', #1456, 1000.000000000000000 ) ;
#632 = VECTOR ( 'NONE', #693, 1000.000000000000000 ) ;
#633 = PRESENTATION_STYLE_ASSIGNMENT (( #3574 ) ) ;
#634 = CARTESIAN_POINT ( 'NONE',  ( 7.875000000000000000, 2.349999999999999645, 1.675000000000000266 ) ) ;
#635 = DIRECTION ( 'NONE',  ( 1.000000000000000000, -0.000000000000000000, -0.000000000000000000 ) ) ;
#636 = ORIENTED_EDGE ( 'NONE', *, *, #2685, .F. ) ;
#637 =( LENGTH_UNIT ( ) NAMED_UNIT ( * ) SI_UNIT ( .MILLI., .METRE. ) );
#638 = VERTEX_POINT ( 'NONE', #1625 ) ;
#639 = EDGE_CURVE ( 'NONE', #5164, #5, #692, .T. ) ;
#640 = EDGE_CURVE ( 'NONE', #5594, #550, #2105, .T. ) ;
#641 = DIRECTION ( 'NONE',  ( -0.000000000000000000, -0.000000000000000000, -1.000000000000000000 ) ) ;
#642 = LINE ( 'NONE', #4935, #1168 ) ;
#643 = VECTOR ( 'NONE', #3290, 999.9999999999998863 ) ;
#644 = AXIS2_PLACEMENT_3D ( 'NONE', #792, #2209, #1735 ) ;
#645 = EDGE_CURVE ( 'NONE', #1872, #920, #5418, .T. ) ;
#646 = ORIENTED_EDGE ( 'NONE', *, *, #5433, .F. ) ;
#647 = VECTOR ( 'NONE', #4299, 1000.000000000000000 ) ;
#648 = CARTESIAN_POINT ( 'NONE',  ( 4.474999999999996980, 0.4999999999999998890, -0.8249999999999997335 ) ) ;
#649 = CARTESIAN_POINT ( 'NONE',  ( 5.524999999999997691, -0.04999999999999636680, -2.375000000000000000 ) ) ;
#650 = DIRECTION ( 'NONE',  ( 0.000000000000000000, 0.000000000000000000, -1.000000000000000000 ) ) ;
#651 = ORIENTED_EDGE ( 'NONE', *, *, #6196, .F. ) ;
#652 = ORIENTED_EDGE ( 'NONE', *, *, #560, .T. ) ;
#653 = ORIENTED_EDGE ( 'NONE', *, *, #3250, .F. ) ;
#654 = FACE_OUTER_BOUND ( 'NONE', #5878, .T. ) ;
#655 = EDGE_CURVE ( 'NONE', #2730, #2872, #4057, .T. ) ;
#656 = ORIENTED_EDGE ( 'NONE', *, *, #5504, .F. ) ;
#657 = ORIENTED_EDGE ( 'NONE', *, *, #2839, .T. ) ;
#658 = EDGE_CURVE ( 'NONE', #2308, #5991, #5925, .T. ) ;
#659 = CARTESIAN_POINT ( 'NONE',  ( 4.474999999999996980, 1.016439536705160869E-17, 0.3750000000000000555 ) ) ;
#660 = VECTOR ( 'NONE', #5492, 1000.000000000000000 ) ;
#661 = CARTESIAN_POINT ( 'NONE',  ( 6.875000000000000000, 3.950000000000000178, -1.174999999999999822 ) ) ;
#662 = DIRECTION ( 'NONE',  ( 0.000000000000000000, 8.642948658383688297E-16, 1.000000000000000000 ) ) ;
#663 = DIRECTION ( 'NONE',  ( 1.000000000000000000, 0.000000000000000000, 0.000000000000000000 ) ) ;
#664 = LINE ( 'NONE', #629, #4029 ) ;
#665 = CARTESIAN_POINT ( 'NONE',  ( 2.125000000000000000, 3.950000000000000178, 0.1750000000000002387 ) ) ;
#666 = ORIENTED_EDGE ( 'NONE', *, *, #1414, .F. ) ;
#667 = ORIENTED_EDGE ( 'NONE', *, *, #1073, .T. ) ;
#668 = LINE ( 'NONE', #817, #3049 ) ;
#669 = DIRECTION ( 'NONE',  ( 0.000000000000000000, 0.000000000000000000, 1.000000000000000000 ) ) ;
#670 = CARTESIAN_POINT ( 'NONE',  ( 2.125000000000000000, 4.049999999999999822, -1.775000000000000355 ) ) ;
#671 = EDGE_CURVE ( 'NONE', #1171, #2561, #626, .T. ) ;
#672 = VECTOR ( 'NONE', #4843, 1000.000000000000000 ) ;
#673 = AXIS2_PLACEMENT_3D ( 'NONE', #403, #4258, #4655 ) ;
#674 = EDGE_CURVE ( 'NONE', #3667, #5870, #5515, .T. ) ;
#675 = DIRECTION ( 'NONE',  ( 1.000000000000000000, -0.000000000000000000, -0.000000000000000000 ) ) ;
#676 = PLANE ( 'NONE',  #5836 ) ;
#677 = EDGE_LOOP ( 'NONE', ( #1304, #706, #4232, #6037 ) ) ;
#678 = ORIENTED_EDGE ( 'NONE', *, *, #5726, .T. ) ;
#679 = VERTEX_POINT ( 'NONE', #3092 ) ;
#680 = CIRCLE ( 'NONE', #6148, 0.05000000000000012768 ) ;
#681 = VECTOR ( 'NONE', #3480, 1000.000000000000114 ) ;
#682 = VECTOR ( 'NONE', #2486, 1000.000000000000000 ) ;
#683 = VECTOR ( 'NONE', #3471, 1000.000000000000000 ) ;
#684 = DIRECTION ( 'NONE',  ( 0.000000000000000000, -0.7071067811865475727, -0.7071067811865474617 ) ) ;
#685 = DIRECTION ( 'NONE',  ( -1.000000000000000000, -0.000000000000000000, -0.000000000000000000 ) ) ;
#686 = ORIENTED_EDGE ( 'NONE', *, *, #1665, .F. ) ;
#687 = LINE ( 'NONE', #4014, #5255 ) ;
#688 = EDGE_LOOP ( 'NONE', ( #6255, #4325, #1823, #3813 ) ) ;
#689 = ORIENTED_EDGE ( 'NONE', *, *, #4125, .T. ) ;
#690 = EDGE_CURVE ( 'NONE', #3531, #2116, #2221, .T. ) ;
#691 = DIRECTION ( 'NONE',  ( 0.000000000000000000, -4.336808689941999001E-16, 1.000000000000000000 ) ) ;
#692 = LINE ( 'NONE', #2581, #5667 ) ;
#693 = DIRECTION ( 'NONE',  ( 0.000000000000000000, 1.000000000000000000, 0.000000000000000000 ) ) ;
#694 = CARTESIAN_POINT ( 'NONE',  ( 7.875000000000000000, 4.049999999999999822, 2.475000000000000089 ) ) ;
#695 = CARTESIAN_POINT ( 'NONE',  ( 7.875000000000000000, 0.5999999999999999778, 1.825000000000000622 ) ) ;
#696 = LINE ( 'NONE', #4089, #1039 ) ;
#697 = FACE_OUTER_BOUND ( 'NONE', #125, .T. ) ;
#698 = CARTESIAN_POINT ( 'NONE',  ( 7.625000000000000000, 3.399999999999999911, -0.3249999999999997891 ) ) ;
#699 = DIRECTION ( 'NONE',  ( 1.807003620809174632E-16, 0.000000000000000000, -1.000000000000000000 ) ) ;
#700 = ADVANCED_FACE ( 'NONE', ( #319 ), #1297, .T. ) ;
#701 = ORIENTED_EDGE ( 'NONE', *, *, #2429, .T. ) ;
#702 = ADVANCED_FACE ( 'NONE', ( #3772 ), #4724, .F. ) ;
#703 = DIRECTION ( 'NONE',  ( 0.000000000000000000, 1.000000000000000000, 0.000000000000000000 ) ) ;
#704 = VECTOR ( 'NONE', #1548, 1000.000000000000000 ) ;
#705 = CARTESIAN_POINT ( 'NONE',  ( 7.375000000000000000, 2.899999999999999911, 0.1750000000000002387 ) ) ;
#706 = ORIENTED_EDGE ( 'NONE', *, *, #1243, .F. ) ;
#707 = ORIENTED_EDGE ( 'NONE', *, *, #5037, .F. ) ;
#708 = ORIENTED_EDGE ( 'NONE', *, *, #1045, .T. ) ;
#709 = VECTOR ( 'NONE', #2837, 1000.000000000000000 ) ;
#710 = DIRECTION ( 'NONE',  ( 0.000000000000000000, 0.000000000000000000, -1.000000000000000000 ) ) ;
#711 = DIRECTION ( 'NONE',  ( -1.000000000000000000, 0.000000000000000000, -0.000000000000000000 ) ) ;
#712 = VERTEX_POINT ( 'NONE', #3208 ) ;
#713 = DIRECTION ( 'NONE',  ( -0.000000000000000000, -0.000000000000000000, 1.000000000000000000 ) ) ;
#714 = VERTEX_POINT ( 'NONE', #6194 ) ;
#715 = VERTEX_POINT ( 'NONE', #1266 ) ;
#716 = FACE_OUTER_BOUND ( 'NONE', #349, .T. ) ;
#717 = CARTESIAN_POINT ( 'NONE',  ( 4.474999999999996980, -0.1499999999999963862, -2.374999999999999112 ) ) ;
#718 = CARTESIAN_POINT ( 'NONE',  ( -6.875000000000000000, -13.83708784390703705, 0.3750000000000001110 ) ) ;
#719 = DIRECTION ( 'NONE',  ( -0.000000000000000000, -0.000000000000000000, 1.000000000000000000 ) ) ;
#720 = CARTESIAN_POINT ( 'NONE',  ( 2.375000000000000444, 2.899999999999999911, 0.1750000000000002387 ) ) ;
#721 = ORIENTED_EDGE ( 'NONE', *, *, #4735, .F. ) ;
#722 = EDGE_CURVE ( 'NONE', #3531, #28, #4235, .T. ) ;
#723 = CARTESIAN_POINT ( 'NONE',  ( 4.274999999999998579, 1.449999999999999956, -0.02500000000000060854 ) ) ;
#724 = DIRECTION ( 'NONE',  ( 0.000000000000000000, 1.000000000000000000, 0.000000000000000000 ) ) ;
#725 = VERTEX_POINT ( 'NONE', #5715 ) ;
#726 = ADVANCED_FACE ( 'NONE', ( #4296 ), #2797, .F. ) ;
#727 = VECTOR ( 'NONE', #5627, 1000.000000000000000 ) ;
#728 = EDGE_CURVE ( 'NONE', #5859, #5352, #3237, .T. ) ;
#729 = CARTESIAN_POINT ( 'NONE',  ( 7.375000000000000000, 3.399999999999999911, 0.1750000000000001554 ) ) ;
#730 = CARTESIAN_POINT ( 'NONE',  ( 3.999999999999999112, 0.000000000000000000, 2.075000000000000622 ) ) ;
#731 = ORIENTED_EDGE ( 'NONE', *, *, #149, .T. ) ;
#732 = ORIENTED_EDGE ( 'NONE', *, *, #6168, .T. ) ;
#733 = ORIENTED_EDGE ( 'NONE', *, *, #5064, .T. ) ;
#734 = ADVANCED_FACE ( 'NONE', ( #5167 ), #6225, .T. ) ;
#735 = ORIENTED_EDGE ( 'NONE', *, *, #4889, .F. ) ;
#736 = EDGE_CURVE ( 'NONE', #928, #5542, #3301, .T. ) ;
#737 = EDGE_LOOP ( 'NONE', ( #2550, #5133, #1647, #1898, #949, #2322 ) ) ;
#738 = PLANE ( 'NONE',  #1834 ) ;
#739 = CARTESIAN_POINT ( 'NONE',  ( 7.833333333333331261, 3.491666666666668473, -0.9166666666666677399 ) ) ;
#740 = EDGE_LOOP ( 'NONE', ( #5470, #1164, #1296, #5307, #5574, #3058, #2679, #4951, #4536, #22, #5028, #6265, #1213, #3747, #4028, #5384, #151, #285, #4302, #33, #3973, #534 ) ) ;
#741 = DIRECTION ( 'NONE',  ( 0.000000000000000000, 0.000000000000000000, -1.000000000000000000 ) ) ;
#742 = EDGE_CURVE ( 'NONE', #3089, #93, #832, .T. ) ;
#743 = VERTEX_POINT ( 'NONE', #4200 ) ;
#744 = EDGE_LOOP ( 'NONE', ( #32, #5005, #1631, #3654, #5267, #6288 ) ) ;
#745 = AXIS2_PLACEMENT_3D ( 'NONE', #3959, #1412, #6279 ) ;
#746 = DIRECTION ( 'NONE',  ( 0.000000000000000000, 0.7071067811865570096, -0.7071067811865381358 ) ) ;
#747 = CARTESIAN_POINT ( 'NONE',  ( 6.375000000000000888, 1.449999999999999956, 0.8749999999999996669 ) ) ;
#748 = DIRECTION ( 'NONE',  ( 0.000000000000000000, -1.000000000000000000, -2.456395547037470490E-16 ) ) ;
#749 = CARTESIAN_POINT ( 'NONE',  ( 7.375000000000000888, 0.2500000000000000000, 2.375000000000000888 ) ) ;
#750 = CARTESIAN_POINT ( 'NONE',  ( 4.474999999999997868, 3.950000000000000178, 0.1750000000000000722 ) ) ;
#751 = ORIENTED_EDGE ( 'NONE', *, *, #1843, .F. ) ;
#752 = EDGE_CURVE ( 'NONE', #2827, #4134, #5224, .T. ) ;
#753 = DIRECTION ( 'NONE',  ( 0.000000000000000000, 0.000000000000000000, -1.000000000000000000 ) ) ;
#754 = DIRECTION ( 'NONE',  ( -0.000000000000000000, 0.000000000000000000, 1.000000000000000000 ) ) ;
#755 = ORIENTED_EDGE ( 'NONE', *, *, #5585, .F. ) ;
#756 = DIRECTION ( 'NONE',  ( 0.000000000000000000, 0.000000000000000000, 1.000000000000000000 ) ) ;
#757 = FACE_OUTER_BOUND ( 'NONE', #3967, .T. ) ;
#758 = CARTESIAN_POINT ( 'NONE',  ( 2.625000000000000444, 3.950000000000000178, -1.374999999999997558 ) ) ;
#759 = CARTESIAN_POINT ( 'NONE',  ( 5.524999999999998579, 4.049999999999999822, 0.2749999999999994116 ) ) ;
#760 = ORIENTED_EDGE ( 'NONE', *, *, #4629, .F. ) ;
#761 = EDGE_CURVE ( 'NONE', #5768, #290, #441, .T. ) ;
#762 = EDGE_LOOP ( 'NONE', ( #5454, #3143, #3263, #4199 ) ) ;
#763 = EDGE_CURVE ( 'NONE', #4119, #838, #2733, .T. ) ;
#764 = VECTOR ( 'NONE', #1588, 1000.000000000000000 ) ;
#765 = VECTOR ( 'NONE', #1967, 1000.000000000000000 ) ;
#766 = ADVANCED_FACE ( 'NONE', ( #2373 ), #4689, .F. ) ;
#767 = LINE ( 'NONE', #196, #1327 ) ;
#768 = VECTOR ( 'NONE', #4558, 1000.000000000000000 ) ;
#769 = CARTESIAN_POINT ( 'NONE',  ( 7.875000000000000000, 1.899999999999999689, 2.475000000000000533 ) ) ;
#770 = VERTEX_POINT ( 'NONE', #345 ) ;
#771 = AXIS2_PLACEMENT_3D ( 'NONE', #4220, #3725, #276 ) ;
#772 = CARTESIAN_POINT ( 'NONE',  ( 5.724999999999997868, 1.449999999999999956, 0.000000000000000000 ) ) ;
#773 = ORIENTED_EDGE ( 'NONE', *, *, #3619, .F. ) ;
#774 = ORIENTED_EDGE ( 'NONE', *, *, #582, .F. ) ;
#775 = VERTEX_POINT ( 'NONE', #1867 ) ;
#776 = EDGE_CURVE ( 'NONE', #4402, #1118, #380, .T. ) ;
#777 = VECTOR ( 'NONE', #781, 1000.000000000000000 ) ;
#778 = AXIS2_PLACEMENT_3D ( 'NONE', #4600, #2613, #293 ) ;
#779 = CARTESIAN_POINT ( 'NONE',  ( 4.474999999999996980, 0.3000000000000008771, -1.374999999999999778 ) ) ;
#780 = CARTESIAN_POINT ( 'NONE',  ( 7.375000000000000888, 0.5999999999999999778, 0.2250000000000008105 ) ) ;
#781 = DIRECTION ( 'NONE',  ( 1.000000000000000000, 0.000000000000000000, 0.000000000000000000 ) ) ;
#782 = VECTOR ( 'NONE', #4505, 1000.000000000000000 ) ;
#783 = DIRECTION ( 'NONE',  ( 1.000000000000000000, 0.000000000000000000, 0.000000000000000000 ) ) ;
#784 = LINE ( 'NONE', #2714, #3984 ) ;
#785 = ORIENTED_EDGE ( 'NONE', *, *, #1045, .F. ) ;
#786 = VECTOR ( 'NONE', #1161, 1000.000000000000227 ) ;
#787 = EDGE_CURVE ( 'NONE', #2590, #1992, #1394, .T. ) ;
#788 = SURFACE_STYLE_FILL_AREA ( #5669 ) ;
#789 = DIRECTION ( 'NONE',  ( 0.000000000000000000, -1.000000000000000000, -2.456395547037470490E-16 ) ) ;
#790 = CARTESIAN_POINT ( 'NONE',  ( 3.999999999999999112, 0.000000000000000000, 0.6750000000000004885 ) ) ;
#791 = VERTEX_POINT ( 'NONE', #2857 ) ;
#792 = CARTESIAN_POINT ( 'NONE',  ( 2.425000000000000266, 0.000000000000000000, 0.2250000000000008105 ) ) ;
#793 = CARTESIAN_POINT ( 'NONE',  ( 7.625000000000000000, 2.899999999999999911, 0.1750000000000002387 ) ) ;
#794 = LINE ( 'NONE', #2724, #195 ) ;
#795 = CARTESIAN_POINT ( 'NONE',  ( 2.375000000000000444, 2.899999999999999911, -0.3249999999999997891 ) ) ;
#796 = DIRECTION ( 'NONE',  ( -0.000000000000000000, -1.000000000000000000, -2.282530889443167515E-16 ) ) ;
#797 = ORIENTED_EDGE ( 'NONE', *, *, #95, .T. ) ;
#798 = ORIENTED_EDGE ( 'NONE', *, *, #2156, .T. ) ;
#799 = ORIENTED_EDGE ( 'NONE', *, *, #2877, .T. ) ;
#800 = DIRECTION ( 'NONE',  ( 0.000000000000000000, -0.7071067811865440200, -0.7071067811865511255 ) ) ;
#801 = CARTESIAN_POINT ( 'NONE',  ( 2.625000000000000444, 1.800000000000000044, -1.175000000000000044 ) ) ;
#802 = LINE ( 'NONE', #3715, #4114 ) ;
#803 = AXIS2_PLACEMENT_3D ( 'NONE', #3741, #1357, #5194 ) ;
#804 = ORIENTED_EDGE ( 'NONE', *, *, #2471, .T. ) ;
#805 = ORIENTED_EDGE ( 'NONE', *, *, #174, .F. ) ;
#806 = FACE_OUTER_BOUND ( 'NONE', #2430, .T. ) ;
#807 = ORIENTED_EDGE ( 'NONE', *, *, #1107, .F. ) ;
#808 = ORIENTED_EDGE ( 'NONE', *, *, #5914, .T. ) ;
#809 = AXIS2_PLACEMENT_3D ( 'NONE', #3491, #4464, #1586 ) ;
#810 = ADVANCED_FACE ( 'NONE', ( #4329 ), #1746, .F. ) ;
#811 = CARTESIAN_POINT ( 'NONE',  ( 6.875000000000000000, -13.83708784390703705, -1.174999999999999822 ) ) ;
#812 = CARTESIAN_POINT ( 'NONE',  ( 2.624999999999999556, -0.1499999999999963862, 2.324999999999999734 ) ) ;
#813 = CARTESIAN_POINT ( 'NONE',  ( 7.774999999999999467, 4.049999999999999822, 0.6750000000000002665 ) ) ;
#814 = CARTESIAN_POINT ( 'NONE',  ( -6.875000000000000000, 1.449999999999999956, 0.3750000000000001110 ) ) ;
#815 = LINE ( 'NONE', #360, #5013 ) ;
#816 = EDGE_CURVE ( 'NONE', #2611, #1646, #1998, .T. ) ;
#817 = CARTESIAN_POINT ( 'NONE',  ( 7.575000000000000178, 0.000000000000000000, 0.2250000000000008105 ) ) ;
#818 = PRESENTATION_STYLE_ASSIGNMENT (( #238 ) ) ;
#819 = CARTESIAN_POINT ( 'NONE',  ( 5.724999999999998757, 3.299999999999999822, -1.224999999999999645 ) ) ;
#820 = DIRECTION ( 'NONE',  ( -0.000000000000000000, 1.000000000000000000, 0.000000000000000000 ) ) ;
#821 = DIRECTION ( 'NONE',  ( 0.000000000000000000, 1.000000000000000000, 0.000000000000000000 ) ) ;
#822 = FACE_OUTER_BOUND ( 'NONE', #6202, .T. ) ;
#823 = LINE ( 'NONE', #1801, #3910 ) ;
#824 = DIRECTION ( 'NONE',  ( -1.000000000000000000, 0.000000000000000000, 0.000000000000000000 ) ) ;
#825 = EDGE_LOOP ( 'NONE', ( #3081, #4787, #5495, #4173 ) ) ;
#826 = COLOUR_RGB ( '',0.7960784313725489669, 0.8235294117647058432, 0.9372549019607843146 ) ;
#827 = ORIENTED_EDGE ( 'NONE', *, *, #5588, .F. ) ;
#828 = VECTOR ( 'NONE', #2223, 1000.000000000000000 ) ;
#829 = ORIENTED_EDGE ( 'NONE', *, *, #6211, .T. ) ;
#830 = ADVANCED_FACE ( 'NONE', ( #5316 ), #4424, .F. ) ;
#831 = AXIS2_PLACEMENT_3D ( 'NONE', #1125, #3440, #4957 ) ;
#832 = LINE ( 'NONE', #5257, #1810 ) ;
#833 = ADVANCED_FACE ( 'NONE', ( #1077 ), #4839, .F. ) ;
#834 = CARTESIAN_POINT ( 'NONE',  ( 7.375000000000000000, 1.800000000000000044, -1.774999999999999689 ) ) ;
#835 = CARTESIAN_POINT ( 'NONE',  ( 7.375000000000000888, 0.5999999999999999778, 0.2250000000000008105 ) ) ;
#836 = CYLINDRICAL_SURFACE ( 'NONE', #5949, 0.1000000000000000472 ) ;
#837 = VERTEX_POINT ( 'NONE', #90 ) ;
#838 = VERTEX_POINT ( 'NONE', #56 ) ;
#839 = ORIENTED_EDGE ( 'NONE', *, *, #2624, .F. ) ;
#840 = CARTESIAN_POINT ( 'NONE',  ( 2.125000000000000000, 1.999999999999999112, 2.475000000000000089 ) ) ;
#841 = LINE ( 'NONE', #295, #5304 ) ;
#842 = LINE ( 'NONE', #5636, #2184 ) ;
#843 = DIRECTION ( 'NONE',  ( 1.000000000000000000, 0.000000000000000000, 0.000000000000000000 ) ) ;
#844 = PLANE ( 'NONE',  #4297 ) ;
#845 = AXIS2_PLACEMENT_3D ( 'NONE', #3228, #820, #2751 ) ;
#846 = EDGE_CURVE ( 'NONE', #3465, #5728, #5809, .T. ) ;
#847 = CARTESIAN_POINT ( 'NONE',  ( 5.375000000000001776, 2.250000000000000000, 0.6750000000000004885 ) ) ;
#848 = DIRECTION ( 'NONE',  ( 0.000000000000000000, 0.000000000000000000, 1.000000000000000000 ) ) ;
#849 = ORIENTED_EDGE ( 'NONE', *, *, #2746, .T. ) ;
#850 = PLANE ( 'NONE',  #4809 ) ;
#851 = EDGE_CURVE ( 'NONE', #712, #791, #4902, .T. ) ;
#852 = DIRECTION ( 'NONE',  ( -0.7071067811865460184, 0.000000000000000000, 0.7071067811865490160 ) ) ;
#853 = CARTESIAN_POINT ( 'NONE',  ( 2.624999999999999556, 1.899999999999999689, 2.375000000000000888 ) ) ;
#854 = ADVANCED_FACE ( 'NONE', ( #2437 ), #3839, .F. ) ;
#855 = FACE_OUTER_BOUND ( 'NONE', #2288, .T. ) ;
#856 = ADVANCED_FACE ( 'NONE', ( #1510 ), #3451, .T. ) ;
#857 = DIRECTION ( 'NONE',  ( 1.000000000000000000, 0.000000000000000000, 1.807003620809174632E-16 ) ) ;
#858 = EDGE_LOOP ( 'NONE', ( #4204, #652, #4826, #4291 ) ) ;
#859 = ORIENTED_EDGE ( 'NONE', *, *, #5914, .F. ) ;
#860 = EDGE_CURVE ( 'NONE', #5632, #3436, #4934, .T. ) ;
#861 = ORIENTED_EDGE ( 'NONE', *, *, #4524, .T. ) ;
#862 = DIRECTION ( 'NONE',  ( 0.000000000000000000, 0.000000000000000000, -1.000000000000000000 ) ) ;
#863 = DIRECTION ( 'NONE',  ( -1.000000000000000000, 0.000000000000000000, 0.000000000000000000 ) ) ;
#864 = FACE_OUTER_BOUND ( 'NONE', #5450, .T. ) ;
#865 = LINE ( 'NONE', #1940, #2291 ) ;
#866 = ORIENTED_EDGE ( 'NONE', *, *, #2746, .F. ) ;
#867 = VERTEX_POINT ( 'NONE', #575 ) ;
#868 = VECTOR ( 'NONE', #711, 1000.000000000000000 ) ;
#869 = VECTOR ( 'NONE', #5467, 999.9999999999998863 ) ;
#871 = CARTESIAN_POINT ( 'NONE',  ( 4.274999999999998579, 2.899999999999996803, -0.7749999999999999112 ) ) ;
#870 = VECTOR ( 'NONE', #91, 1000.000000000000000 ) ;
#872 = LINE ( 'NONE', #1338, #6006 ) ;
#873 = PLANE ( 'NONE',  #1988 ) ;
#874 = DIRECTION ( 'NONE',  ( 1.000000000000000000, -0.000000000000000000, -0.000000000000000000 ) ) ;
#875 = CARTESIAN_POINT ( 'NONE',  ( 6.531793621149187601, 1.449999999999999956, 0.000000000000000000 ) ) ;
#876 = AXIS2_PLACEMENT_3D ( 'NONE', #5052, #2075, #4545 ) ;
#877 = VECTOR ( 'NONE', #625, 1000.000000000000000 ) ;
#878 = EDGE_CURVE ( 'NONE', #1958, #5947, #4458, .T. ) ;
#879 = ORIENTED_EDGE ( 'NONE', *, *, #658, .T. ) ;
#880 = ORIENTED_EDGE ( 'NONE', *, *, #1107, .T. ) ;
#881 = VECTOR ( 'NONE', #4305, 1000.000000000000000 ) ;
#882 = SURFACE_STYLE_FILL_AREA ( #3789 ) ;
#883 = CARTESIAN_POINT ( 'NONE',  ( 4.274999999999999467, 4.049999999999999822, -1.224999999999999645 ) ) ;
#884 = CARTESIAN_POINT ( 'NONE',  ( 7.575000000000000178, 1.899999999999999689, 2.475000000000000533 ) ) ;
#885 = EDGE_CURVE ( 'NONE', #5858, #1180, #1010, .T. ) ;
#886 = ADVANCED_FACE ( 'NONE', ( #5843 ), #5908, .F. ) ;
#887 = LINE ( 'NONE', #279, #5750 ) ;
#888 = DIRECTION ( 'NONE',  ( 0.000000000000000000, -4.336808689941999001E-16, 1.000000000000000000 ) ) ;
#889 = DIRECTION ( 'NONE',  ( 0.000000000000000000, 0.000000000000000000, 1.000000000000000000 ) ) ;
#890 = FACE_OUTER_BOUND ( 'NONE', #3146, .T. ) ;
#891 = EDGE_LOOP ( 'NONE', ( #5173, #1833, #5882, #4627 ) ) ;
#892 = EDGE_CURVE ( 'NONE', #5680, #3068, #5435, .T. ) ;
#893 = ORIENTED_EDGE ( 'NONE', *, *, #1313, .F. ) ;
#894 = CARTESIAN_POINT ( 'NONE',  ( -7.875000000000000000, 1.999999999999999112, 2.475000000000000089 ) ) ;
#895 = DIRECTION ( 'NONE',  ( 1.000000000000000000, -0.000000000000000000, -0.000000000000000000 ) ) ;
#896 = DIRECTION ( 'NONE',  ( 1.000000000000000000, 0.000000000000000000, -0.000000000000000000 ) ) ;
#897 = VERTEX_POINT ( 'NONE', #1482 ) ;
#898 = DIRECTION ( 'NONE',  ( 0.000000000000000000, 0.000000000000000000, -1.000000000000000000 ) ) ;
#899 = LINE ( 'NONE', #1880, #1025 ) ;
#900 = DIRECTION ( 'NONE',  ( 0.000000000000000000, -0.000000000000000000, 1.000000000000000000 ) ) ;
#901 = EDGE_CURVE ( 'NONE', #3413, #897, #6291, .T. ) ;
#902 = AXIS2_PLACEMENT_3D ( 'NONE', #6002, #83, #2500 ) ;
#903 = DIRECTION ( 'NONE',  ( 0.000000000000000000, -5.251604272976699968E-15, 1.000000000000000000 ) ) ;
#904 = VERTEX_POINT ( 'NONE', #1907 ) ;
#905 = ORIENTED_EDGE ( 'NONE', *, *, #2360, .F. ) ;
#906 =( GEOMETRIC_REPRESENTATION_CONTEXT ( 3 ) GLOBAL_UNCERTAINTY_ASSIGNED_CONTEXT ( ( #4187 ) ) GLOBAL_UNIT_ASSIGNED_CONTEXT ( ( #2818, #1986, #968 ) ) REPRESENTATION_CONTEXT ( 'NONE', 'WORKASPACE' ) );
#907 = ADVANCED_FACE ( 'NONE', ( #3419 ), #951, .F. ) ;
#908 = SURFACE_SIDE_STYLE ('',( #882 ) ) ;
#909 = DIRECTION ( 'NONE',  ( 0.000000000000000000, 0.000000000000000000, 1.000000000000000000 ) ) ;
#910 = CARTESIAN_POINT ( 'NONE',  ( 0.000000000000000000, 4.049999999999999822, -1.274999999999999245 ) ) ;
#911 = EDGE_CURVE ( 'NONE', #5823, #218, #5346, .T. ) ;
#912 = ORIENTED_EDGE ( 'NONE', *, *, #2232, .F. ) ;
#913 = LINE ( 'NONE', #6155, #1644 ) ;
#914 = PRESENTATION_LAYER_ASSIGNMENT (  '', '', ( #4680 ) ) ;
#915 = CARTESIAN_POINT ( 'NONE',  ( 4.274999999999997691, -0.04999999999999636680, -2.375000000000000000 ) ) ;
#916 = FACE_OUTER_BOUND ( 'NONE', #1055, .T. ) ;
#917 = DIRECTION ( 'NONE',  ( 0.000000000000000000, 0.000000000000000000, -1.000000000000000000 ) ) ;
#918 = CARTESIAN_POINT ( 'NONE',  ( -6.875000000000000000, 1.449999999999999956, -1.174999999999999822 ) ) ;
#919 = EDGE_CURVE ( 'NONE', #1443, #5584, #6034, .T. ) ;
#920 = VERTEX_POINT ( 'NONE', #4039 ) ;
#921 = ADVANCED_FACE ( 'NONE', ( #2148 ), #1108, .F. ) ;
#922 = CARTESIAN_POINT ( 'NONE',  ( 4.474999999999996980, 1.449999999999999956, 0.000000000000000000 ) ) ;
#923 = CYLINDRICAL_SURFACE ( 'NONE', #4327, 0.1000000000000000472 ) ;
#924 = ADVANCED_FACE ( 'NONE', ( #5941 ), #3614, .F. ) ;
#925 =( LENGTH_UNIT ( ) NAMED_UNIT ( * ) SI_UNIT ( .MILLI., .METRE. ) );
#926 = CARTESIAN_POINT ( 'NONE',  ( 3.125000000000000000, -13.83708784390703705, -1.174999999999999822 ) ) ;
#927 = ORIENTED_EDGE ( 'NONE', *, *, #5129, .F. ) ;
#928 = VERTEX_POINT ( 'NONE', #758 ) ;
#929 = VECTOR ( 'NONE', #1085, 1000.000000000000000 ) ;
#930 = DIRECTION ( 'NONE',  ( -1.000000000000000000, -0.000000000000000000, 0.000000000000000000 ) ) ;
#931 = LINE ( 'NONE', #1368, #4386 ) ;
#932 = EDGE_CURVE ( 'NONE', #4560, #2949, #5977, .T. ) ;
#933 = CARTESIAN_POINT ( 'NONE',  ( 2.625000000000000444, 1.800000000000000044, -1.374999999999997558 ) ) ;
#934 = ORIENTED_EDGE ( 'NONE', *, *, #3595, .T. ) ;
#935 = DIRECTION ( 'NONE',  ( 0.000000000000000000, 0.000000000000000000, 1.000000000000000000 ) ) ;
#936 = CARTESIAN_POINT ( 'NONE',  ( 2.625000000000000444, 1.800000000000000044, -1.774999999999999689 ) ) ;
#937 = EDGE_LOOP ( 'NONE', ( #2196, #6011, #5043, #457 ) ) ;
#938 = EDGE_LOOP ( 'NONE', ( #4798, #5365, #4496, #2972, #1087 ) ) ;
#939 = DIRECTION ( 'NONE',  ( 0.000000000000000000, 0.000000000000000000, 1.000000000000000000 ) ) ;
#940 = DIRECTION ( 'NONE',  ( -1.000000000000000000, -0.000000000000000000, 0.000000000000000000 ) ) ;
#941 = CARTESIAN_POINT ( 'NONE',  ( 4.274999999999997691, 0.3000000000000008771, -1.374999999999999778 ) ) ;
#942 = VECTOR ( 'NONE', #1099, 1000.000000000000000 ) ;
#943 = DIRECTION ( 'NONE',  ( 0.4472135954999579277, -0.8944271909999158554, -0.000000000000000000 ) ) ;
#944 = AXIS2_PLACEMENT_3D ( 'NONE', #2375, #3579, #1229 ) ;
#945 = CARTESIAN_POINT ( 'NONE',  ( 6.724999999999999645, 4.049999999999999822, 2.375000000000000444 ) ) ;
#946 = LINE ( 'NONE', #1476, #5373 ) ;
#947 = DIRECTION ( 'NONE',  ( 0.000000000000000000, -0.8944271909999174097, -0.4472135954999548191 ) ) ;
#948 = LINE ( 'NONE', #2617, #3502 ) ;
#949 = ORIENTED_EDGE ( 'NONE', *, *, #4111, .F. ) ;
#950 = ORIENTED_EDGE ( 'NONE', *, *, #655, .T. ) ;
#951 = PLANE ( 'NONE',  #5036 ) ;
#952 = DIRECTION ( 'NONE',  ( 0.000000000000000000, -1.000000000000000000, -3.336006684570783101E-16 ) ) ;
#953 =( NAMED_UNIT ( * ) SI_UNIT ( $, .STERADIAN. ) SOLID_ANGLE_UNIT ( ) );
#954 = DIRECTION ( 'NONE',  ( 0.000000000000000000, 1.000000000000000000, 0.000000000000000000 ) ) ;
#955 = EDGE_LOOP ( 'NONE', ( #2447, #3333, #732, #3561 ) ) ;
#956 = ORIENTED_EDGE ( 'NONE', *, *, #690, .F. ) ;
#957 = ORIENTED_EDGE ( 'NONE', *, *, #5533, .T. ) ;
#958 = CARTESIAN_POINT ( 'NONE',  ( 5.524999999999998579, 3.050000000000000266, 0.000000000000000000 ) ) ;
#959 = CARTESIAN_POINT ( 'NONE',  ( 7.375000000000000000, 3.399999999999999911, -1.174999999999999822 ) ) ;
#960 = LINE ( 'NONE', #486, #5434 ) ;
#961 = ORIENTED_EDGE ( 'NONE', *, *, #2315, .F. ) ;
#962 = EDGE_CURVE ( 'NONE', #3019, #3883, #4585, .T. ) ;
#963 = DIRECTION ( 'NONE',  ( 1.000000000000000000, 0.000000000000000000, -0.000000000000000000 ) ) ;
#964 = ORIENTED_EDGE ( 'NONE', *, *, #2499, .T. ) ;
#965 = VECTOR ( 'NONE', #5779, 1000.000000000000000 ) ;
#966 = ORIENTED_EDGE ( 'NONE', *, *, #674, .T. ) ;
#967 = CARTESIAN_POINT ( 'NONE',  ( 2.425000000000000266, 0.000000000000000000, 0.2250000000000008105 ) ) ;
#968 =( NAMED_UNIT ( * ) SI_UNIT ( $, .STERADIAN. ) SOLID_ANGLE_UNIT ( ) );
#969 = CARTESIAN_POINT ( 'NONE',  ( 5.874999999999997335, 3.950000000000000178, 0.1750000000000000999 ) ) ;
#970 = DIRECTION ( 'NONE',  ( 0.000000000000000000, -1.000000000000000000, 0.000000000000000000 ) ) ;
#971 = VECTOR ( 'NONE', #5066, 1000.000000000000000 ) ;
#972 = ORIENTED_EDGE ( 'NONE', *, *, #185, .T. ) ;
#973 = AXIS2_PLACEMENT_3D ( 'NONE', #2462, #4419, #4321 ) ;
#974 = ORIENTED_EDGE ( 'NONE', *, *, #5890, .T. ) ;
#975 = AXIS2_PLACEMENT_3D ( 'NONE', #3924, #5517, #3989 ) ;
#976 = AXIS2_PLACEMENT_3D ( 'NONE', #5388, #2580, #1558 ) ;
#977 = VECTOR ( 'NONE', #4959, 1000.000000000000000 ) ;
#978 = LINE ( 'NONE', #1960, #3816 ) ;
#979 = CARTESIAN_POINT ( 'NONE',  ( 5.874999999999997335, 3.950000000000000178, 0.3750000000000000555 ) ) ;
#980 = FACE_OUTER_BOUND ( 'NONE', #167, .T. ) ;
#981 = VERTEX_POINT ( 'NONE', #154 ) ;
#982 = EDGE_LOOP ( 'NONE', ( #3770, #731, #5228, #1710 ) ) ;
#983 = EDGE_LOOP ( 'NONE', ( #2390, #4998, #3275, #2791 ) ) ;
#984 = DIRECTION ( 'NONE',  ( 0.000000000000000000, -0.000000000000000000, 1.000000000000000000 ) ) ;
#985 = CARTESIAN_POINT ( 'NONE',  ( -6.875000000000000000, 1.449999999999999956, -1.174999999999999822 ) ) ;
#986 = LINE ( 'NONE', #4270, #2598 ) ;
#987 = ORIENTED_EDGE ( 'NONE', *, *, #4629, .T. ) ;
#988 = CARTESIAN_POINT ( 'NONE',  ( -7.875000000000000000, 0.6499999999999999112, -1.574999999999999512 ) ) ;
#989 = DIRECTION ( 'NONE',  ( -0.000000000000000000, 0.000000000000000000, -1.000000000000000000 ) ) ;
#990 = LINE ( 'NONE', #2929, #3093 ) ;
#991 = VERTEX_POINT ( 'NONE', #2120 ) ;
#992 = LINE ( 'NONE', #3851, #5960 ) ;
#993 = EDGE_CURVE ( 'NONE', #1585, #5565, #4557, .T. ) ;
#994 = VERTEX_POINT ( 'NONE', #6007 ) ;
#995 = EDGE_LOOP ( 'NONE', ( #2095, #5653, #912, #2154, #5877, #36, #399, #733, #3769, #5600, #1335, #2183, #4165, #3054, #4151, #475, #2257, #5033, #4884, #1964, #1681, #5372 ) ) ;
#996 = ORIENTED_EDGE ( 'NONE', *, *, #4303, .T. ) ;
#997 = CARTESIAN_POINT ( 'NONE',  ( 5.524999999999998579, 3.299999999999999822, -0.7749999999999999112 ) ) ;
#998 = CARTESIAN_POINT ( 'NONE',  ( 4.274999999999997691, 0.3500000000000009215, -1.374999999999999778 ) ) ;
#999 = LINE ( 'NONE', #5896, #3670 ) ;
#1000 = EDGE_CURVE ( 'NONE', #2578, #4576, #1609, .T. ) ;
#1001 = VECTOR ( 'NONE', #3535, 1000.000000000000000 ) ;
#1002 = ORIENTED_EDGE ( 'NONE', *, *, #3346, .F. ) ;
#1003 = AXIS2_PLACEMENT_3D ( 'NONE', #2304, #2211, #402 ) ;
#1004 = CARTESIAN_POINT ( 'NONE',  ( 5.524999999999997691, 0.1000000000000020872, -1.224999999999998312 ) ) ;
#1005 = LINE ( 'NONE', #1388, #4674 ) ;
#1006 = FACE_OUTER_BOUND ( 'NONE', #1014, .T. ) ;
#1007 = ORIENTED_EDGE ( 'NONE', *, *, #3136, .T. ) ;
#1008 = ORIENTED_EDGE ( 'NONE', *, *, #761, .F. ) ;
#1009 = ADVANCED_FACE ( 'NONE', ( #5499 ), #189, .F. ) ;
#1010 = LINE ( 'NONE', #2027, #765 ) ;
#1011 = CARTESIAN_POINT ( 'NONE',  ( 7.774999999999999467, 2.349999999999999645, 1.675000000000000266 ) ) ;
#1012 = ORIENTED_EDGE ( 'NONE', *, *, #6217, .F. ) ;
#1013 = ORIENTED_EDGE ( 'NONE', *, *, #6294, .F. ) ;
#1014 = EDGE_LOOP ( 'NONE', ( #553, #3587, #2540, #86 ) ) ;
#1015 = EDGE_CURVE ( 'NONE', #3821, #2252, #3801, .T. ) ;
#1016 = EDGE_CURVE ( 'NONE', #283, #1088, #3581, .T. ) ;
#1017 = CARTESIAN_POINT ( 'NONE',  ( -7.875000000000000000, 0.6499999999999999112, -1.574999999999999512 ) ) ;
#1018 = DIRECTION ( 'NONE',  ( -0.000000000000000000, -1.000000000000000000, -1.355252715606880789E-16 ) ) ;
#1019 = CARTESIAN_POINT ( 'NONE',  ( 5.724999999999997868, 0.4999999999999998890, -0.8249999999999997335 ) ) ;
#1020 = VERTEX_POINT ( 'NONE', #5530 ) ;
#1021 = EDGE_LOOP ( 'NONE', ( #3913, #192, #2539, #5624 ) ) ;
#1022 = ORIENTED_EDGE ( 'NONE', *, *, #3108, .F. ) ;
#1023 = LINE ( 'NONE', #6, #4398 ) ;
#1024 = ORIENTED_EDGE ( 'NONE', *, *, #2606, .T. ) ;
#1025 = VECTOR ( 'NONE', #5816, 1000.000000000000000 ) ;
#1026 = FACE_OUTER_BOUND ( 'NONE', #2696, .T. ) ;
#1027 = DIRECTION ( 'NONE',  ( 0.7071067811865475727, -0.7071067811865475727, 0.000000000000000000 ) ) ;
#1028 = LINE ( 'NONE', #557, #219 ) ;
#1029 = AXIS2_PLACEMENT_3D ( 'NONE', #5458, #5176, #5552 ) ;
#1030 = LINE ( 'NONE', #3379, #3101 ) ;
#1031 = EDGE_CURVE ( 'NONE', #2643, #4368, #5030, .T. ) ;
#1032 = CARTESIAN_POINT ( 'NONE',  ( 5.524999999999998579, 4.049999999999999822, 0.1750000000000000722 ) ) ;
#1033 = EDGE_CURVE ( 'NONE', #1512, #1711, #2629, .T. ) ;
#1034 = VERTEX_POINT ( 'NONE', #121 ) ;
#1035 = DIRECTION ( 'NONE',  ( -0.000000000000000000, -0.7071067811865431318, -0.7071067811865517916 ) ) ;
#1036 = CARTESIAN_POINT ( 'NONE',  ( 2.425000000000000266, -0.1499999999999963862, 2.324999999999999734 ) ) ;
#1037 = CARTESIAN_POINT ( 'NONE',  ( 3.624999999999999556, 3.950000000000000178, 0.8749999999999996669 ) ) ;
#1038 = EDGE_CURVE ( 'NONE', #3547, #2665, #1169, .T. ) ;
#1039 = VECTOR ( 'NONE', #2077, 1000.000000000000000 ) ;
#1040 = EDGE_CURVE ( 'NONE', #4415, #712, #3521, .T. ) ;
#1041 = DIRECTION ( 'NONE',  ( -0.000000000000000000, 1.000000000000000000, 0.000000000000000000 ) ) ;
#1042 = DIRECTION ( 'NONE',  ( 1.000000000000000000, -0.000000000000000000, -0.000000000000000000 ) ) ;
#1043 = ORIENTED_EDGE ( 'NONE', *, *, #5196, .F. ) ;
#1044 = EDGE_LOOP ( 'NONE', ( #3692, #1173, #3662, #3180 ) ) ;
#1045 = EDGE_CURVE ( 'NONE', #5859, #1585, #2600, .T. ) ;
#1046 = EDGE_LOOP ( 'NONE', ( #3746, #6104, #5987, #258 ) ) ;
#1047 = FACE_OUTER_BOUND ( 'NONE', #2973, .T. ) ;
#1048 = DIRECTION ( 'NONE',  ( 1.000000000000000000, -0.000000000000000000, -0.000000000000000000 ) ) ;
#1049 = CARTESIAN_POINT ( 'NONE',  ( 2.624999999999999556, -0.1499999999999963862, 2.324999999999999734 ) ) ;
#1050 = ORIENTED_EDGE ( 'NONE', *, *, #3523, .F. ) ;
#1051 = ORIENTED_EDGE ( 'NONE', *, *, #2612, .F. ) ;
#1052 = ORIENTED_EDGE ( 'NONE', *, *, #3645, .F. ) ;
#1053 = DIRECTION ( 'NONE',  ( 0.000000000000000000, 0.000000000000000000, 1.000000000000000000 ) ) ;
#1054 = ORIENTED_EDGE ( 'NONE', *, *, #3755, .T. ) ;
#1055 = EDGE_LOOP ( 'NONE', ( #4036, #4891, #3843, #5748 ) ) ;
#1056 = PLANE ( 'NONE',  #5742 ) ;
#1057 = FACE_OUTER_BOUND ( 'NONE', #4272, .T. ) ;
#1058 = CARTESIAN_POINT ( 'NONE',  ( 4.474999999999996980, 3.449999999999999289, 0.3749999999999999445 ) ) ;
#1059 = CARTESIAN_POINT ( 'NONE',  ( 2.625000000000000444, 3.950000000000000178, 0.1750000000000002387 ) ) ;
#1060 = CARTESIAN_POINT ( 'NONE',  ( 4.274999999999998579, 3.299999999999999822, -0.7749999999999999112 ) ) ;
#1061 = LINE ( 'NONE', #2876, #5406 ) ;
#1062 = ORIENTED_EDGE ( 'NONE', *, *, #3299, .F. ) ;
#1063 = VECTOR ( 'NONE', #2605, 1000.000000000000114 ) ;
#1064 = AXIS2_PLACEMENT_3D ( 'NONE', #4683, #2274, #889 ) ;
#1065 = CARTESIAN_POINT ( 'NONE',  ( 5.524999999999998579, 1.199999999999999734, 0.3750000000000000000 ) ) ;
#1066 = DIRECTION ( 'NONE',  ( 0.000000000000000000, -0.000000000000000000, 1.000000000000000000 ) ) ;
#1067 = VECTOR ( 'NONE', #5568, 1000.000000000000000 ) ;
#1068 = FACE_OUTER_BOUND ( 'NONE', #241, .T. ) ;
#1069 = AXIS2_PLACEMENT_3D ( 'NONE', #3931, #1962, #1931 ) ;
#1070 = VERTEX_POINT ( 'NONE', #6069 ) ;
#1071 = CARTESIAN_POINT ( 'NONE',  ( 5.375000000000001776, 3.250000000000000000, 0.6750000000000004885 ) ) ;
#1072 = EDGE_LOOP ( 'NONE', ( #171, #2102, #1182, #4344, #620, #1518, #438, #3462, #2479, #591, #446, #1932, #4929, #4845, #2890, #4566, #829, #2349, #6049, #476, #344, #3204, #4359, #519, #351, #5814, #1429, #3611, #4664, #510, #3592, #1007 ) ) ;
#1073 = EDGE_CURVE ( 'NONE', #4914, #4428, #1707, .T. ) ;
#1074 = VECTOR ( 'NONE', #5927, 1000.000000000000000 ) ;
#1075 = VECTOR ( 'NONE', #691, 1000.000000000000000 ) ;
#1076 = EDGE_CURVE ( 'NONE', #2906, #5961, #3170, .T. ) ;
#1077 = FACE_OUTER_BOUND ( 'NONE', #5955, .T. ) ;
#1078 = VECTOR ( 'NONE', #2449, 1000.000000000000000 ) ;
#1079 = DIRECTION ( 'NONE',  ( -0.000000000000000000, -0.000000000000000000, -1.000000000000000000 ) ) ;
#1080 = AXIS2_PLACEMENT_3D ( 'NONE', #915, #3414, #18 ) ;
#1081 = VERTEX_POINT ( 'NONE', #1831 ) ;
#1082 = EDGE_CURVE ( 'NONE', #6048, #6074, #5251, .T. ) ;
#1083 = EDGE_LOOP ( 'NONE', ( #2419, #4913, #1485, #5911 ) ) ;
#1084 = CARTESIAN_POINT ( 'NONE',  ( 5.724999999999998757, 1.449999999999999956, -1.224999999999999645 ) ) ;
#1085 = DIRECTION ( 'NONE',  ( -1.000000000000000000, 0.000000000000000000, 0.000000000000000000 ) ) ;
#1086 = DIRECTION ( 'NONE',  ( -1.000000000000000000, -0.000000000000000000, -0.000000000000000000 ) ) ;
#1087 = ORIENTED_EDGE ( 'NONE', *, *, #885, .F. ) ;
#1088 = VERTEX_POINT ( 'NONE', #795 ) ;
#1089 = EDGE_LOOP ( 'NONE', ( #4073, #4897, #2155, #1120, #2379, #3381 ) ) ;
#1090 = CARTESIAN_POINT ( 'NONE',  ( 2.125000000000000000, 4.049999999999999822, 0.6750000000000002665 ) ) ;
#1091 = ORIENTED_EDGE ( 'NONE', *, *, #5275, .T. ) ;
#1092 = ORIENTED_EDGE ( 'NONE', *, *, #1040, .T. ) ;
#1093 = LINE ( 'NONE', #3985, #3707 ) ;
#1094 = CARTESIAN_POINT ( 'NONE',  ( 4.124999999999999112, 1.199999999999999734, 0.1750000000000000999 ) ) ;
#1095 = EDGE_CURVE ( 'NONE', #5352, #4182, #2338, .T. ) ;
#1096 = LINE ( 'NONE', #5419, #4084 ) ;
#1097 = LINE ( 'NONE', #3034, #570 ) ;
#1098 = LINE ( 'NONE', #206, #683 ) ;
#1099 = DIRECTION ( 'NONE',  ( 0.000000000000000000, -4.336808689941999001E-16, 1.000000000000000000 ) ) ;
#1100 = EDGE_CURVE ( 'NONE', #5764, #4207, #5732, .T. ) ;
#1101 = LINE ( 'NONE', #4485, #6229 ) ;
#1102 = ADVANCED_FACE ( 'NONE', ( #5278 ), #4749, .F. ) ;
#1103 = LINE ( 'NONE', #634, #1505 ) ;
#1104 = CARTESIAN_POINT ( 'NONE',  ( 6.875000000000000000, 0.7428932188134522718, 0.8749999999999998890 ) ) ;
#1105 = AXIS2_PLACEMENT_3D ( 'NONE', #3862, #2461, #6285 ) ;
#1106 = COLOUR_RGB ( '',0.7960784313725489669, 0.8235294117647058432, 0.9372549019607843146 ) ;
#1107 = EDGE_CURVE ( 'NONE', #2277, #5193, #6130, .T. ) ;
#1108 = PLANE ( 'NONE',  #251 ) ;
#1109 = CARTESIAN_POINT ( 'NONE',  ( 7.875000000000000000, 1.800000000000000044, -1.175000000000000044 ) ) ;
#1110 = ORIENTED_EDGE ( 'NONE', *, *, #6001, .T. ) ;
#1111 = COLOUR_RGB ( '',0.7960784313725489669, 0.8235294117647058432, 0.9372549019607843146 ) ;
#1112 = EDGE_CURVE ( 'NONE', #4403, #5009, #373, .T. ) ;
#1113 = CARTESIAN_POINT ( 'NONE',  ( 4.274999999999999467, 1.449999999999999956, 0.1750000000000000722 ) ) ;
#1114 = LINE ( 'NONE', #4946, #1426 ) ;
#1115 = LINE ( 'NONE', #4047, #5537 ) ;
#1116 = ORIENTED_EDGE ( 'NONE', *, *, #2974, .T. ) ;
#1117 = ORIENTED_EDGE ( 'NONE', *, *, #4623, .F. ) ;
#1118 = VERTEX_POINT ( 'NONE', #2787 ) ;
#1119 = CARTESIAN_POINT ( 'NONE',  ( 7.375000000000000000, 3.950000000000000178, 0.1750000000000002387 ) ) ;
#1120 = ORIENTED_EDGE ( 'NONE', *, *, #3830, .T. ) ;
#1121 = EDGE_LOOP ( 'NONE', ( #1794, #4658, #5296, #4233 ) ) ;
#1122 = EDGE_CURVE ( 'NONE', #1750, #2328, #3767, .T. ) ;
#1123 = CARTESIAN_POINT ( 'NONE',  ( 3.999999999999995559, 0.000000000000000000, 0.6750000000000004885 ) ) ;
#1124 = FACE_OUTER_BOUND ( 'NONE', #1835, .T. ) ;
#1125 = CARTESIAN_POINT ( 'NONE',  ( 2.225000000000000533, 0.000000000000000000, 0.000000000000000000 ) ) ;
#1126 = DIRECTION ( 'NONE',  ( 0.000000000000000000, -1.000000000000000000, 0.000000000000000000 ) ) ;
#1127 = FACE_OUTER_BOUND ( 'NONE', #3375, .T. ) ;
#1128 = STYLED_ITEM ( 'NONE', ( #3636 ), #470 ) ;
#1129 = CARTESIAN_POINT ( 'NONE',  ( 5.724999999999997868, 0.1500000000000037970, -1.816421356237308826 ) ) ;
#1130 = ORIENTED_EDGE ( 'NONE', *, *, #2079, .T. ) ;
#1131 = VECTOR ( 'NONE', #2157, 1000.000000000000000 ) ;
#1132 = EDGE_CURVE ( 'NONE', #1594, #4503, #4289, .T. ) ;
#1133 = VECTOR ( 'NONE', #1660, 1000.000000000000000 ) ;
#1134 = LINE ( 'NONE', #182, #5820 ) ;
#1135 = CARTESIAN_POINT ( 'NONE',  ( 2.125000000000000000, 1.899999999999999911, 1.825000000000000622 ) ) ;
#1136 = CARTESIAN_POINT ( 'NONE',  ( 5.374999999999999112, 1.449999999999999956, 0.1750000000000000999 ) ) ;
#1137 = EDGE_LOOP ( 'NONE', ( #1606, #6154, #1305, #3918, #4100, #1922 ) ) ;
#1138 = SURFACE_STYLE_USAGE ( .BOTH. , #1165 ) ;
#1139 = CARTESIAN_POINT ( 'NONE',  ( -6.875000000000000000, 1.449999999999999956, -1.174999999999999822 ) ) ;
#1140 = CARTESIAN_POINT ( 'NONE',  ( 3.624999999999999556, 1.449999999999999956, 0.3749999999999998335 ) ) ;
#1141 = ORIENTED_EDGE ( 'NONE', *, *, #1566, .T. ) ;
#1142 = VECTOR ( 'NONE', #2297, 1000.000000000000000 ) ;
#1143 = EDGE_CURVE ( 'NONE', #5793, #4041, #1861, .T. ) ;
#1144 = ORIENTED_EDGE ( 'NONE', *, *, #4113, .T. ) ;
#1145 = LINE ( 'NONE', #5675, #6283 ) ;
#1146 = DIRECTION ( 'NONE',  ( 0.000000000000000000, 5.251604272976699179E-15, -1.000000000000000000 ) ) ;
#1147 = PLANE ( 'NONE',  #5832 ) ;
#1148 = ORIENTED_EDGE ( 'NONE', *, *, #1733, .F. ) ;
#1149 = ORIENTED_EDGE ( 'NONE', *, *, #84, .F. ) ;
#1150 = CARTESIAN_POINT ( 'NONE',  ( 7.781793621149187601, 3.050000000000000266, -0.02500000000000021302 ) ) ;
#1151 = ORIENTED_EDGE ( 'NONE', *, *, #742, .T. ) ;
#1152 = ORIENTED_EDGE ( 'NONE', *, *, #2400, .F. ) ;
#1153 = EDGE_CURVE ( 'NONE', #3586, #725, #4717, .T. ) ;
#1154 = DIRECTION ( 'NONE',  ( 0.000000000000000000, 0.000000000000000000, 1.000000000000000000 ) ) ;
#1155 = CARTESIAN_POINT ( 'NONE',  ( 5.524999999999997691, 0.1500000000000032419, -2.474999999999999645 ) ) ;
#1156 = DIRECTION ( 'NONE',  ( 1.000000000000000000, -3.336006684570783101E-16, 0.000000000000000000 ) ) ;
#1157 = CARTESIAN_POINT ( 'NONE',  ( 5.374999999999999112, 3.950000000000000178, 0.1750000000000000999 ) ) ;
#1158 = LINE ( 'NONE', #2648, #5445 ) ;
#1159 = DIRECTION ( 'NONE',  ( 1.000000000000000000, 0.000000000000000000, 0.000000000000000000 ) ) ;
#1160 = EDGE_LOOP ( 'NONE', ( #4753, #3345, #2175, #5171 ) ) ;
#1161 = DIRECTION ( 'NONE',  ( -0.5773502691896290617, 0.5773502691896240657, 0.5773502691896240657 ) ) ;
#1162 = CARTESIAN_POINT ( 'NONE',  ( 4.474999999999997868, 4.049999999999999822, 0.1750000000000000722 ) ) ;
#1163 = LINE ( 'NONE', #3135, #4747 ) ;
#1164 = ORIENTED_EDGE ( 'NONE', *, *, #2026, .T. ) ;
#1165 = SURFACE_SIDE_STYLE ('',( #1703 ) ) ;
#1166 = VECTOR ( 'NONE', #3427, 1000.000000000000000 ) ;
#1167 = VECTOR ( 'NONE', #1389, 1000.000000000000000 ) ;
#1168 = VECTOR ( 'NONE', #577, 1000.000000000000114 ) ;
#1169 = LINE ( 'NONE', #4614, #1464 ) ;
#1170 = CARTESIAN_POINT ( 'NONE',  ( -7.875000000000000000, 4.049999999999999822, 2.475000000000000089 ) ) ;
#1171 = VERTEX_POINT ( 'NONE', #4773 ) ;
#1172 = VECTOR ( 'NONE', #1126, 1000.000000000000000 ) ;
#1173 = ORIENTED_EDGE ( 'NONE', *, *, #3327, .F. ) ;
#1174 = VECTOR ( 'NONE', #5928, 1000.000000000000000 ) ;
#1175 = VECTOR ( 'NONE', #1478, 1000.000000000000000 ) ;
#1176 = AXIS2_PLACEMENT_3D ( 'NONE', #355, #3876, #2894 ) ;
#1177 = ADVANCED_FACE ( 'NONE', ( #3673 ), #4163, .F. ) ;
#1178 = PLANE ( 'NONE',  #6105 ) ;
#1179 = CARTESIAN_POINT ( 'NONE',  ( 7.781793621149187601, 3.449999999999999289, 0.3749999999999999445 ) ) ;
#1180 = VERTEX_POINT ( 'NONE', #3323 ) ;
#1181 = DIRECTION ( 'NONE',  ( -1.000000000000000000, 0.000000000000000000, 0.000000000000000000 ) ) ;
#1182 = ORIENTED_EDGE ( 'NONE', *, *, #2959, .F. ) ;
#1183 = ORIENTED_EDGE ( 'NONE', *, *, #3000, .T. ) ;
#1184 = EDGE_LOOP ( 'NONE', ( #59, #3915, #5201, #2759 ) ) ;
#1185 = DIRECTION ( 'NONE',  ( 1.000000000000000000, 0.000000000000000000, -0.000000000000000000 ) ) ;
#1186 = LINE ( 'NONE', #780, #4697 ) ;
#1187 = EDGE_CURVE ( 'NONE', #2643, #341, #5190, .T. ) ;
#1188 = CARTESIAN_POINT ( 'NONE',  ( 11.25000000000000000, 0.000000000000000000, -1.224999999999999645 ) ) ;
#1189 = CARTESIAN_POINT ( 'NONE',  ( 7.375000000000000000, 2.899999999999999911, -0.3249999999999997891 ) ) ;
#1190 = FACE_OUTER_BOUND ( 'NONE', #317, .T. ) ;
#1191 = ORIENTED_EDGE ( 'NONE', *, *, #4048, .T. ) ;
#1192 = EDGE_CURVE ( 'NONE', #791, #5336, #281, .T. ) ;
#1193 = FACE_OUTER_BOUND ( 'NONE', #2533, .T. ) ;
#1194 = FACE_OUTER_BOUND ( 'NONE', #1736, .T. ) ;
#1195 = EDGE_CURVE ( 'NONE', #994, #5764, #6158, .T. ) ;
#1196 = PRODUCT_DEFINITION ( 'UNKNOWN', '', #1888, #3764 ) ;
#1197 = FACE_OUTER_BOUND ( 'NONE', #3624, .T. ) ;
#1198 = VERTEX_POINT ( 'NONE', #3292 ) ;
#1199 = EDGE_CURVE ( 'NONE', #101, #6012, #2212, .T. ) ;
#1200 = DIRECTION ( 'NONE',  ( -1.000000000000000000, 0.000000000000000000, 0.000000000000000000 ) ) ;
#1201 = VECTOR ( 'NONE', #5250, 1000.000000000000000 ) ;
#1202 = CARTESIAN_POINT ( 'NONE',  ( 4.274999999999999467, 1.199999999999999734, 0.1750000000000000722 ) ) ;
#1203 = VERTEX_POINT ( 'NONE', #3702 ) ;
#1204 = EDGE_CURVE ( 'NONE', #2153, #323, #3261, .T. ) ;
#1205 = ORIENTED_EDGE ( 'NONE', *, *, #2301, .F. ) ;
#1206 = ORIENTED_EDGE ( 'NONE', *, *, #2213, .T. ) ;
#1207 = PRESENTATION_LAYER_ASSIGNMENT (  '', '', ( #3138 ) ) ;
#1208 = CARTESIAN_POINT ( 'NONE',  ( -6.875000000000000000, 3.950000000000000178, 0.3750000000000001110 ) ) ;
#1209 = CARTESIAN_POINT ( 'NONE',  ( 7.875000000000000000, 0.4999999999999998890, -0.8249999999999997335 ) ) ;
#1210 = EDGE_CURVE ( 'NONE', #5534, #4560, #823, .T. ) ;
#1211 = ORIENTED_EDGE ( 'NONE', *, *, #3899, .T. ) ;
#1212 = DIRECTION ( 'NONE',  ( -0.000000000000000000, 0.3713906763541011125, 0.9284766908852604139 ) ) ;
#1213 = ORIENTED_EDGE ( 'NONE', *, *, #4875, .T. ) ;
#1214 = EDGE_LOOP ( 'NONE', ( #1623, #1676, #861, #4011, #2758 ) ) ;
#1215 = ORIENTED_EDGE ( 'NONE', *, *, #1553, .T. ) ;
#1216 = ADVANCED_FACE ( 'NONE', ( #855 ), #5340, .F. ) ;
#1217 = LINE ( 'NONE', #3182, #467 ) ;
#1218 = DIRECTION ( 'NONE',  ( -1.000000000000000000, -0.000000000000000000, -0.000000000000000000 ) ) ;
#1219 = FACE_OUTER_BOUND ( 'NONE', #5838, .T. ) ;
#1220 = DIRECTION ( 'NONE',  ( 0.5773502691896257311, 0.5773502691896257311, 0.5773502691896257311 ) ) ;
#1221 = DIRECTION ( 'NONE',  ( 0.000000000000000000, 0.000000000000000000, -1.000000000000000000 ) ) ;
#1222 = VERTEX_POINT ( 'NONE', #5903 ) ;
#1223 = LINE ( 'NONE', #3159, #2239 ) ;
#1225 = ADVANCED_FACE ( 'NONE', ( #3895 ), #1996, .F. ) ;
#1224 = PLANE ( 'NONE',  #4158 ) ;
#1226 = FACE_OUTER_BOUND ( 'NONE', #104, .T. ) ;
#1227 = EDGE_CURVE ( 'NONE', #2012, #1443, #5869, .T. ) ;
#1228 = EDGE_LOOP ( 'NONE', ( #5776, #552, #1301, #5806 ) ) ;
#1229 = DIRECTION ( 'NONE',  ( 0.000000000000000000, 4.553649124439118623E-15, -1.000000000000000000 ) ) ;
#1230 = ORIENTED_EDGE ( 'NONE', *, *, #411, .T. ) ;
#1231 = VECTOR ( 'NONE', #3598, 1000.000000000000000 ) ;
#1232 = EDGE_CURVE ( 'NONE', #5291, #712, #20, .T. ) ;
#1233 = FACE_OUTER_BOUND ( 'NONE', #937, .T. ) ;
#1234 = CARTESIAN_POINT ( 'NONE',  ( 5.524999999999998579, 1.449999999999999956, -0.7749999999999999112 ) ) ;
#1235 = EDGE_CURVE ( 'NONE', #5654, #3916, #4866, .T. ) ;
#1236 = LINE ( 'NONE', #4133, #971 ) ;
#1237 = EDGE_LOOP ( 'NONE', ( #1720, #2901, #5099, #1951 ) ) ;
#1238 = ORIENTED_EDGE ( 'NONE', *, *, #4665, .T. ) ;
#1239 = CLOSED_SHELL ( 'NONE', ( #3111, #1615, #2119, #3914, #3017, #2865, #1009, #3996 ) ) ;
#1240 = VECTOR ( 'NONE', #6125, 1000.000000000000000 ) ;
#1241 = LINE ( 'NONE', #1778, #5396 ) ;
#1242 = DIRECTION ( 'NONE',  ( -0.000000000000000000, -3.336006684570783101E-16, 1.000000000000000000 ) ) ;
#1243 = EDGE_CURVE ( 'NONE', #44, #1020, #1508, .T. ) ;
#1244 = DIRECTION ( 'NONE',  ( -1.000000000000000000, 0.000000000000000000, -0.000000000000000000 ) ) ;
#1245 = EDGE_LOOP ( 'NONE', ( #5535, #3079, #3435, #2159 ) ) ;
#1246 = LINE ( 'NONE', #4698, #5347 ) ;
#1247 = LINE ( 'NONE', #4209, #3352 ) ;
#1248 = CARTESIAN_POINT ( 'NONE',  ( 2.125000000000000000, 3.399999999999999911, 0.1750000000000001554 ) ) ;
#1249 = CARTESIAN_POINT ( 'NONE',  ( 6.208333333333333925, 4.116666666666667140, 0.5416666666666666297 ) ) ;
#1250 = DIRECTION ( 'NONE',  ( 0.000000000000000000, -1.000000000000000000, 0.000000000000000000 ) ) ;
#1251 = ORIENTED_EDGE ( 'NONE', *, *, #3349, .F. ) ;
#1252 = CARTESIAN_POINT ( 'NONE',  ( -7.875000000000000000, 0.000000000000000000, 2.475000000000000089 ) ) ;
#1253 = DIRECTION ( 'NONE',  ( 0.000000000000000000, -1.000000000000000000, 0.000000000000000000 ) ) ;
#1254 = EDGE_LOOP ( 'NONE', ( #5024, #4453, #1144, #113 ) ) ;
#1255 = LINE ( 'NONE', #2720, #5512 ) ;
#1256 = ORIENTED_EDGE ( 'NONE', *, *, #2822, .T. ) ;
#1257 = LINE ( 'NONE', #2785, #2147 ) ;
#1258 = DIRECTION ( 'NONE',  ( 0.000000000000000000, 1.000000000000000000, 2.282530889443167515E-16 ) ) ;
#1259 = CARTESIAN_POINT ( 'NONE',  ( 5.874999999999997335, 2.575000000000000178, -1.200000000000000178 ) ) ;
#1260 = LINE ( 'NONE', #4164, #3698 ) ;
#1261 = ORIENTED_EDGE ( 'NONE', *, *, #6196, .T. ) ;
#1262 = EDGE_CURVE ( 'NONE', #4525, #1593, #3416, .T. ) ;
#1263 = ORIENTED_EDGE ( 'NONE', *, *, #6086, .F. ) ;
#1264 = ORIENTED_EDGE ( 'NONE', *, *, #5433, .T. ) ;
#1265 = VECTOR ( 'NONE', #2006, 1000.000000000000000 ) ;
#1266 = CARTESIAN_POINT ( 'NONE',  ( 7.375000000000000888, 0.000000000000000000, 0.2250000000000008105 ) ) ;
#1267 = PLANE ( 'NONE',  #3453 ) ;
#1268 = EDGE_CURVE ( 'NONE', #2370, #1198, #5837, .T. ) ;
#1269 = VECTOR ( 'NONE', #5942, 1000.000000000000000 ) ;
#1270 = LINE ( 'NONE', #4170, #868 ) ;
#1271 = EDGE_LOOP ( 'NONE', ( #5045, #2989, #4138, #2103 ) ) ;
#1272 = EDGE_LOOP ( 'NONE', ( #4564, #2037, #3454, #2162 ) ) ;
#1273 = VECTOR ( 'NONE', #6182, 1000.000000000000114 ) ;
#1274 = DIRECTION ( 'NONE',  ( -0.000000000000000000, 2.710505431213761393E-17, 1.000000000000000000 ) ) ;
#1275 = ORIENTED_EDGE ( 'NONE', *, *, #5425, .F. ) ;
#1276 = ORIENTED_EDGE ( 'NONE', *, *, #5700, .T. ) ;
#1277 = ORIENTED_EDGE ( 'NONE', *, *, #2653, .F. ) ;
#1278 = AXIS2_PLACEMENT_3D ( 'NONE', #3348, #2875, #4828 ) ;
#1279 = VECTOR ( 'NONE', #444, 1000.000000000000000 ) ;
#1280 = PLANE ( 'NONE',  #4644 ) ;
#1281 = DIRECTION ( 'NONE',  ( -0.000000000000000000, 0.000000000000000000, -1.000000000000000000 ) ) ;
#1282 = CARTESIAN_POINT ( 'NONE',  ( 6.000000000000000888, 3.849999999999997424, 2.075000000000000622 ) ) ;
#1283 = AXIS2_PLACEMENT_3D ( 'NONE', #488, #6235, #71 ) ;
#1284 = CARTESIAN_POINT ( 'NONE',  ( 2.291666666666664742, -0.6333333333333320825, 3.408333333333332771 ) ) ;
#1285 = DIRECTION ( 'NONE',  ( 0.000000000000000000, 0.7071067811865545671, -0.7071067811865405783 ) ) ;
#1286 = FACE_OUTER_BOUND ( 'NONE', #1137, .T. ) ;
#1287 = DIRECTION ( 'NONE',  ( -1.000000000000000000, -0.000000000000000000, -0.000000000000000000 ) ) ;
#1288 = PLANE ( 'NONE',  #845 ) ;
#1289 = ORIENTED_EDGE ( 'NONE', *, *, #3013, .T. ) ;
#1290 = ADVANCED_FACE ( 'NONE', ( #1006 ), #3448, .F. ) ;
#1291 = PLANE ( 'NONE',  #4190 ) ;
#1292 = DIRECTION ( 'NONE',  ( 0.000000000000000000, 2.282530889443167515E-16, -1.000000000000000000 ) ) ;
#1293 = DIRECTION ( 'NONE',  ( -1.000000000000000000, 0.000000000000000000, 0.000000000000000000 ) ) ;
#1294 = DIRECTION ( 'NONE',  ( -0.000000000000000000, 1.000000000000000000, 5.421010862427526114E-15 ) ) ;
#1295 = ORIENTED_EDGE ( 'NONE', *, *, #2232, .T. ) ;
#1296 = ORIENTED_EDGE ( 'NONE', *, *, #5237, .T. ) ;
#1297 = PLANE ( 'NONE',  #1605 ) ;
#1298 = PLANE ( 'NONE',  #5204 ) ;
#1299 = PLANE ( 'NONE',  #3194 ) ;
#1300 = AXIS2_PLACEMENT_3D ( 'NONE', #4265, #1807, #5656 ) ;
#1301 = ORIENTED_EDGE ( 'NONE', *, *, #2507, .T. ) ;
#1302 = EDGE_CURVE ( 'NONE', #3678, #4576, #2970, .T. ) ;
#1303 = DIRECTION ( 'NONE',  ( -0.000000000000000000, -4.553649124439118623E-15, 1.000000000000000000 ) ) ;
#1304 = ORIENTED_EDGE ( 'NONE', *, *, #415, .F. ) ;
#1305 = ORIENTED_EDGE ( 'NONE', *, *, #4790, .T. ) ;
#1306 = ORIENTED_EDGE ( 'NONE', *, *, #5442, .T. ) ;
#1307 = VECTOR ( 'NONE', #5407, 1000.000000000000000 ) ;
#1308 = FACE_OUTER_BOUND ( 'NONE', #995, .T. ) ;
#1309 = CARTESIAN_POINT ( 'NONE',  ( 4.274999999999998579, 3.299999999999999822, -0.9349999999999998312 ) ) ;
#1310 = CARTESIAN_POINT ( 'NONE',  ( 2.425000000000000266, -0.1499999999999963862, 2.324999999999999734 ) ) ;
#1311 = CARTESIAN_POINT ( 'NONE',  ( 5.724999999999998757, 3.299999999999999822, -0.9349999999999998312 ) ) ;
#1312 = CARTESIAN_POINT ( 'NONE',  ( 7.875000000000000000, 3.950000000000000178, 0.1750000000000002387 ) ) ;
#1313 = EDGE_CURVE ( 'NONE', #5012, #1171, #4456, .T. ) ;
#1314 = DIRECTION ( 'NONE',  ( 0.000000000000000000, 1.000000000000000000, 0.000000000000000000 ) ) ;
#1315 = CARTESIAN_POINT ( 'NONE',  ( 7.375000000000000888, 0.000000000000000000, 2.475000000000000089 ) ) ;
#1316 = CARTESIAN_POINT ( 'NONE',  ( 2.125000000000000000, 0.4999999999999998890, -1.574999999999999512 ) ) ;
#1317 = UNCERTAINTY_MEASURE_WITH_UNIT (LENGTH_MEASURE( 1.000000000000000082E-05 ), #2597, 'distance_accuracy_value', 'NONE');
#1318 = LINE ( 'NONE', #2302, #2456 ) ;
#1319 = EDGE_CURVE ( 'NONE', #5077, #2862, #4928, .T. ) ;
#1320 = DIRECTION ( 'NONE',  ( 1.000000000000000000, -1.084202172485505297E-16, 0.000000000000000000 ) ) ;
#1321 = CARTESIAN_POINT ( 'NONE',  ( 2.125000000000000000, 1.800000000000000044, -1.774999999999999689 ) ) ;
#1322 = DIRECTION ( 'NONE',  ( -0.000000000000000000, 0.7071067811865474617, 0.7071067811865474617 ) ) ;
#1323 = DIRECTION ( 'NONE',  ( 0.000000000000000000, 0.000000000000000000, 1.000000000000000000 ) ) ;
#1324 = ORIENTED_EDGE ( 'NONE', *, *, #1122, .T. ) ;
#1325 = ORIENTED_EDGE ( 'NONE', *, *, #5268, .F. ) ;
#1326 = ORIENTED_EDGE ( 'NONE', *, *, #6019, .F. ) ;
#1327 = VECTOR ( 'NONE', #4139, 1000.000000000000000 ) ;
#1328 = ORIENTED_EDGE ( 'NONE', *, *, #4035, .F. ) ;
#1329 = VERTEX_POINT ( 'NONE', #2404 ) ;
#1330 = AXIS2_PLACEMENT_3D ( 'NONE', #177, #1156, #2557 ) ;
#1331 = CARTESIAN_POINT ( 'NONE',  ( -6.875000000000000000, 1.449999999999999956, 0.3750000000000001110 ) ) ;
#1332 = DIRECTION ( 'NONE',  ( -0.000000000000000000, 1.000000000000000000, -0.000000000000000000 ) ) ;
#1333 = ADVANCED_FACE ( 'NONE', ( #4804 ), #568, .F. ) ;
#1334 = DIRECTION ( 'NONE',  ( 0.000000000000000000, 0.000000000000000000, 1.000000000000000000 ) ) ;
#1335 = ORIENTED_EDGE ( 'NONE', *, *, #3473, .F. ) ;
#1336 = EDGE_LOOP ( 'NONE', ( #1054, #3432, #3982, #4567 ) ) ;
#1337 = DIRECTION ( 'NONE',  ( 1.000000000000000000, 0.000000000000000000, 0.000000000000000000 ) ) ;
#1338 = CARTESIAN_POINT ( 'NONE',  ( 2.125000000000000000, 1.800000000000000044, -1.175000000000000044 ) ) ;
#1339 = CARTESIAN_POINT ( 'NONE',  ( 4.474999999999997868, 4.049999999999999822, 0.2749999999999994671 ) ) ;
#1340 = CARTESIAN_POINT ( 'NONE',  ( 4.274999999999998579, 3.299999999999999822, -1.224999999999999645 ) ) ;
#1341 = PLANE ( 'NONE',  #5910 ) ;
#1342 = VECTOR ( 'NONE', #2567, 1000.000000000000114 ) ;
#1344 = ADVANCED_FACE ( 'NONE', ( #980 ), #3386, .F. ) ;
#1343 = ORIENTED_EDGE ( 'NONE', *, *, #3943, .F. ) ;
#1345 = VERTEX_POINT ( 'NONE', #51 ) ;
#1346 = CARTESIAN_POINT ( 'NONE',  ( 7.174999999999999822, 3.149999999999999911, 2.475000000000000089 ) ) ;
#1347 = PLANE ( 'NONE',  #3106 ) ;
#1348 = ORIENTED_EDGE ( 'NONE', *, *, #6267, .F. ) ;
#1349 = DIRECTION ( 'NONE',  ( 0.000000000000000000, 0.000000000000000000, 1.000000000000000000 ) ) ;
#1350 = EDGE_CURVE ( 'NONE', #34, #1942, #3355, .T. ) ;
#1351 = CARTESIAN_POINT ( 'NONE',  ( 6.375000000000000888, 3.950000000000000178, 0.8749999999999996669 ) ) ;
#1352 = FACE_OUTER_BOUND ( 'NONE', #5097, .T. ) ;
#1353 = CARTESIAN_POINT ( 'NONE',  ( 4.474999999999996980, 0.1500000000000032419, -2.474999999999999645 ) ) ;
#1354 = LINE ( 'NONE', #3798, #2485 ) ;
#1355 = VERTEX_POINT ( 'NONE', #2025 ) ;
#1356 = ORIENTED_EDGE ( 'NONE', *, *, #1454, .F. ) ;
#1357 = DIRECTION ( 'NONE',  ( 1.277744513902812275E-16, 0.7071067811865475727, -0.7071067811865475727 ) ) ;
#1358 = CARTESIAN_POINT ( 'NONE',  ( 7.375000000000000000, 1.800000000000000044, -1.175000000000000044 ) ) ;
#1359 = LINE ( 'NONE', #5755, #1444 ) ;
#1360 = CARTESIAN_POINT ( 'NONE',  ( 7.375000000000000000, 3.950000000000000178, 0.1750000000000002387 ) ) ;
#1361 = ORIENTED_EDGE ( 'NONE', *, *, #3704, .F. ) ;
#1362 = ORIENTED_EDGE ( 'NONE', *, *, #387, .F. ) ;
#1363 = VECTOR ( 'NONE', #4309, 1000.000000000000114 ) ;
#1364 = VECTOR ( 'NONE', #3199, 1000.000000000000000 ) ;
#1365 = EDGE_CURVE ( 'NONE', #3444, #5584, #2880, .T. ) ;
#1367 = DIRECTION ( 'NONE',  ( 0.000000000000000000, 0.000000000000000000, -1.000000000000000000 ) ) ;
#1366 = VECTOR ( 'NONE', #796, 1000.000000000000000 ) ;
#1368 = CARTESIAN_POINT ( 'NONE',  ( 4.474999999999999645, 4.049999999999999822, -1.224999999999999645 ) ) ;
#1369 = LINE ( 'NONE', #392, #5729 ) ;
#1370 =( NAMED_UNIT ( * ) PLANE_ANGLE_UNIT ( ) SI_UNIT ( $, .RADIAN. ) );
#1371 = CARTESIAN_POINT ( 'NONE',  ( -7.875000000000000000, 4.049999999999999822, -1.775000000000000355 ) ) ;
#1372 = VERTEX_POINT ( 'NONE', #3863 ) ;
#1373 = VECTOR ( 'NONE', #4668, 1000.000000000000000 ) ;
#1374 = VECTOR ( 'NONE', #74, 1000.000000000000000 ) ;
#1375 = VECTOR ( 'NONE', #3783, 1000.000000000000000 ) ;
#1376 = ORIENTED_EDGE ( 'NONE', *, *, #846, .F. ) ;
#1377 = EDGE_CURVE ( 'NONE', #5918, #323, #5803, .T. ) ;
#1378 = VECTOR ( 'NONE', #2010, 1000.000000000000000 ) ;
#1379 = DIRECTION ( 'NONE',  ( -1.000000000000000000, 0.000000000000000000, 0.000000000000000000 ) ) ;
#1380 = PLANE ( 'NONE',  #5004 ) ;
#1381 = FACE_OUTER_BOUND ( 'NONE', #2767, .T. ) ;
#1382 = CARTESIAN_POINT ( 'NONE',  ( 5.724999999999998757, 1.449999999999999956, -1.174999999999999822 ) ) ;
#1383 = VECTOR ( 'NONE', #1506, 1000.000000000000000 ) ;
#1384 = EDGE_CURVE ( 'NONE', #5970, #69, #239, .T. ) ;
#1385 = ORIENTED_EDGE ( 'NONE', *, *, #3666, .T. ) ;
#1386 = EDGE_CURVE ( 'NONE', #3496, #307, #4034, .T. ) ;
#1387 = CARTESIAN_POINT ( 'NONE',  ( 5.724999999999998757, 1.449999999999999956, -0.7749999999999999112 ) ) ;
#1388 = CARTESIAN_POINT ( 'NONE',  ( 6.375000000000000888, 1.449999999999999956, 0.8749999999999996669 ) ) ;
#1389 = DIRECTION ( 'NONE',  ( 1.000000000000000000, 0.000000000000000000, 0.000000000000000000 ) ) ;
#1390 = ADVANCED_FACE ( 'NONE', ( #1068 ), #4521, .T. ) ;
#1391 = CARTESIAN_POINT ( 'NONE',  ( 2.125000000000000000, 0.5999999999999999778, 1.825000000000000622 ) ) ;
#1392 = EDGE_LOOP ( 'NONE', ( #52, #4497, #181, #1152 ) ) ;
#1393 = EDGE_CURVE ( 'NONE', #4324, #5342, #2532, .T. ) ;
#1394 = LINE ( 'NONE', #3329, #2416 ) ;
#1395 = LINE ( 'NONE', #442, #4837 ) ;
#1396 = DIRECTION ( 'NONE',  ( 3.336006684570783101E-16, 1.000000000000000000, 0.000000000000000000 ) ) ;
#1397 = PLANE ( 'NONE',  #2186 ) ;
#1398 = ORIENTED_EDGE ( 'NONE', *, *, #2237, .F. ) ;
#1399 = ORIENTED_EDGE ( 'NONE', *, *, #5618, .T. ) ;
#1400 = VERTEX_POINT ( 'NONE', #150 ) ;
#1401 = DIRECTION ( 'NONE',  ( -1.000000000000000000, 0.000000000000000000, 0.000000000000000000 ) ) ;
#1402 = DIRECTION ( 'NONE',  ( 0.000000000000000000, 0.000000000000000000, -1.000000000000000000 ) ) ;
#1403 = LINE ( 'NONE', #3339, #1460 ) ;
#1404 = VECTOR ( 'NONE', #5160, 1000.000000000000000 ) ;
#1405 = LINE ( 'NONE', #2931, #4031 ) ;
#1406 = ORIENTED_EDGE ( 'NONE', *, *, #265, .T. ) ;
#1407 = EDGE_CURVE ( 'NONE', #4721, #2406, #5090, .T. ) ;
#1408 = ORIENTED_EDGE ( 'NONE', *, *, #84, .T. ) ;
#1409 = VECTOR ( 'NONE', #4185, 1000.000000000000000 ) ;
#1410 = LINE ( 'NONE', #1467, #3060 ) ;
#1411 = CARTESIAN_POINT ( 'NONE',  ( 5.524999999999997691, 0.1792893218813485789, -1.745710678118654435 ) ) ;
#1412 = DIRECTION ( 'NONE',  ( -1.000000000000000000, 4.688441826964343312E-16, 0.000000000000000000 ) ) ;
#1413 = AXIS2_PLACEMENT_3D ( 'NONE', #4314, #939, #1985 ) ;
#1414 = EDGE_CURVE ( 'NONE', #867, #1503, #5027, .T. ) ;
#1415 = CARTESIAN_POINT ( 'NONE',  ( 5.724999999999997868, 0.3500000000000009215, -1.324999999999999512 ) ) ;
#1416 = CARTESIAN_POINT ( 'NONE',  ( -7.875000000000000000, 1.999999999999999112, 2.475000000000000089 ) ) ;
#1417 = DIRECTION ( 'NONE',  ( 0.000000000000000000, -0.7071067811865511255, 0.7071067811865440200 ) ) ;
#1418 = DIRECTION ( 'NONE',  ( 4.688441826964343312E-16, 1.000000000000000000, -0.000000000000000000 ) ) ;
#1419 = VERTEX_POINT ( 'NONE', #3545 ) ;
#1420 = VERTEX_POINT ( 'NONE', #3009 ) ;
#1421 = EDGE_CURVE ( 'NONE', #5768, #4336, #4612, .T. ) ;
#1422 = EDGE_CURVE ( 'NONE', #4763, #3667, #3519, .T. ) ;
#1423 = CARTESIAN_POINT ( 'NONE',  ( 6.375000000000000888, 3.950000000000000178, 0.8749999999999996669 ) ) ;
#1424 = VECTOR ( 'NONE', #1314, 1000.000000000000000 ) ;
#1425 = FACE_OUTER_BOUND ( 'NONE', #2011, .T. ) ;
#1426 = VECTOR ( 'NONE', #5916, 1000.000000000000000 ) ;
#1427 = LINE ( 'NONE', #926, #5246 ) ;
#1428 = ORIENTED_EDGE ( 'NONE', *, *, #1386, .T. ) ;
#1429 = ORIENTED_EDGE ( 'NONE', *, *, #4392, .T. ) ;
#1430 = AXIS2_PLACEMENT_3D ( 'NONE', #3888, #3855, #2426 ) ;
#1431 = LINE ( 'NONE', #5323, #3431 ) ;
#1432 = FACE_OUTER_BOUND ( 'NONE', #2610, .T. ) ;
#1433 = FACE_OUTER_BOUND ( 'NONE', #3529, .T. ) ;
#1434 = EDGE_LOOP ( 'NONE', ( #2472, #656, #927, #1946 ) ) ;
#1435 = LINE ( 'NONE', #2357, #3814 ) ;
#1436 = ORIENTED_EDGE ( 'NONE', *, *, #223, .T. ) ;
#1437 = ORIENTED_EDGE ( 'NONE', *, *, #6013, .F. ) ;
#1438 = SURFACE_STYLE_USAGE ( .BOTH. , #908 ) ;
#1439 = CARTESIAN_POINT ( 'NONE',  ( 7.575000000000000178, -0.1499999999999963862, 0.3749999999999942268 ) ) ;
#1440 = CARTESIAN_POINT ( 'NONE',  ( 5.524999999999998579, 1.016439536705160869E-17, 0.3750000000000000555 ) ) ;
#1441 = VECTOR ( 'NONE', #3097, 1000.000000000000114 ) ;
#1442 = DIRECTION ( 'NONE',  ( -1.000000000000000000, -1.084202172485505297E-16, 0.000000000000000000 ) ) ;
#1443 = VERTEX_POINT ( 'NONE', #4997 ) ;
#1444 = VECTOR ( 'NONE', #1541, 1000.000000000000000 ) ;
#1445 = CARTESIAN_POINT ( 'NONE',  ( 3.624999999999999556, 3.950000000000000178, 0.8749999999999996669 ) ) ;
#1446 = FACE_OUTER_BOUND ( 'NONE', #4890, .T. ) ;
#1447 = CARTESIAN_POINT ( 'NONE',  ( 2.125000000000000000, 1.899999999999999689, 2.475000000000000533 ) ) ;
#1448 = ORIENTED_EDGE ( 'NONE', *, *, #3282, .T. ) ;
#1449 = EDGE_CURVE ( 'NONE', #3916, #5107, #1163, .T. ) ;
#1450 = DIRECTION ( 'NONE',  ( 1.000000000000000000, 0.000000000000000000, 0.000000000000000000 ) ) ;
#1451 = LINE ( 'NONE', #2282, #5440 ) ;
#1452 = CARTESIAN_POINT ( 'NONE',  ( -6.875000000000000000, 3.950000000000000178, 0.3750000000000001110 ) ) ;
#1453 = VERTEX_POINT ( 'NONE', #6065 ) ;
#1454 = EDGE_CURVE ( 'NONE', #1520, #2665, #2145, .T. ) ;
#1455 = FACE_OUTER_BOUND ( 'NONE', #677, .T. ) ;
#1456 = DIRECTION ( 'NONE',  ( 0.000000000000000000, 1.000000000000000000, 0.000000000000000000 ) ) ;
#1457 = DIRECTION ( 'NONE',  ( 0.000000000000000000, -0.7071067811865472397, -0.7071067811865479058 ) ) ;
#1458 = ORIENTED_EDGE ( 'NONE', *, *, #2877, .F. ) ;
#1459 = CARTESIAN_POINT ( 'NONE',  ( 2.625000000000000444, 4.049999999999999822, 0.1750000000000002387 ) ) ;
#1460 = VECTOR ( 'NONE', #5295, 1000.000000000000000 ) ;
#1461 = PRODUCT_DEFINITION_SHAPE ( 'NONE', 'NONE',  #4589 ) ;
#1462 = CARTESIAN_POINT ( 'NONE',  ( 4.274999999999998579, 3.050000000000000266, -0.02500000000000021302 ) ) ;
#1463 = ORIENTED_EDGE ( 'NONE', *, *, #5095, .F. ) ;
#1464 = VECTOR ( 'NONE', #243, 1000.000000000000000 ) ;
#1465 = ORIENTED_EDGE ( 'NONE', *, *, #250, .T. ) ;
#1466 =( NAMED_UNIT ( * ) PLANE_ANGLE_UNIT ( ) SI_UNIT ( $, .RADIAN. ) );
#1467 = CARTESIAN_POINT ( 'NONE',  ( 2.225000000000000533, 4.049999999999999822, 0.6750000000000002665 ) ) ;
#1468 = CARTESIAN_POINT ( 'NONE',  ( 2.125000000000000000, 4.049999999999999822, 2.475000000000000089 ) ) ;
#1469 = CARTESIAN_POINT ( 'NONE',  ( 5.724999999999997868, 0.09999999999999999167, -0.8250000000000010658 ) ) ;
#1470 = VECTOR ( 'NONE', #824, 1000.000000000000000 ) ;
#1471 = VECTOR ( 'NONE', #1287, 1000.000000000000000 ) ;
#1472 = ORIENTED_EDGE ( 'NONE', *, *, #194, .F. ) ;
#1473 = VECTOR ( 'NONE', #2737, 1000.000000000000000 ) ;
#1474 = AXIS2_PLACEMENT_3D ( 'NONE', #3558, #4440, #1652 ) ;
#1475 = DIRECTION ( 'NONE',  ( -0.000000000000000000, -0.7071067811865431318, -0.7071067811865517916 ) ) ;
#1476 = CARTESIAN_POINT ( 'NONE',  ( 3.124999999999999112, -6.123233995736742617E-17, -0.3340169943749460302 ) ) ;
#1477 = ADVANCED_FACE ( 'NONE', ( #1197 ), #6003, .T. ) ;
#1478 = DIRECTION ( 'NONE',  ( 0.000000000000000000, 1.000000000000000000, 0.000000000000000000 ) ) ;
#1479 = ORIENTED_EDGE ( 'NONE', *, *, #2220, .F. ) ;
#1480 = ORIENTED_EDGE ( 'NONE', *, *, #2205, .T. ) ;
#1481 = EDGE_CURVE ( 'NONE', #4427, #2571, #2114, .T. ) ;
#1482 = CARTESIAN_POINT ( 'NONE',  ( 7.875000000000000000, 0.5999999999999999778, 0.2250000000000008105 ) ) ;
#1483 = CARTESIAN_POINT ( 'NONE',  ( 7.375000000000000000, 0.000000000000000000, -1.374999999999997558 ) ) ;
#1484 = ORIENTED_EDGE ( 'NONE', *, *, #911, .F. ) ;
#1485 = ORIENTED_EDGE ( 'NONE', *, *, #431, .F. ) ;
#1486 = CARTESIAN_POINT ( 'NONE',  ( 2.125000000000000000, 4.049999999999999822, 2.475000000000000089 ) ) ;
#1487 = ADVANCED_FACE ( 'NONE', ( #2623 ), #3997, .F. ) ;
#1488 = LINE ( 'NONE', #2574, #2541 ) ;
#1489 = DIRECTION ( 'NONE',  ( -0.000000000000000000, 0.000000000000000000, -1.000000000000000000 ) ) ;
#1490 = ORIENTED_EDGE ( 'NONE', *, *, #3674, .T. ) ;
#1491 = DIRECTION ( 'NONE',  ( -0.000000000000000000, -1.000000000000000000, -1.251002506714043540E-16 ) ) ;
#1492 = EDGE_LOOP ( 'NONE', ( #5108, #859, #4508, #3853 ) ) ;
#1493 = CARTESIAN_POINT ( 'NONE',  ( 7.575000000000000178, 0.000000000000000000, 0.2250000000000008105 ) ) ;
#1494 = EDGE_LOOP ( 'NONE', ( #2062, #610, #2847, #4461 ) ) ;
#1495 = LINE ( 'NONE', #4447, #3613 ) ;
#1496 = CARTESIAN_POINT ( 'NONE',  ( 5.375000000000001776, 2.250000000000000000, 1.075000000000000400 ) ) ;
#1497 = VECTOR ( 'NONE', #4399, 1000.000000000000000 ) ;
#1498 = ADVANCED_FACE ( 'NONE', ( #1571 ), #3041, .F. ) ;
#1499 = PLANE ( 'NONE',  #1278 ) ;
#1500 = DIRECTION ( 'NONE',  ( 0.000000000000000000, 0.000000000000000000, -1.000000000000000000 ) ) ;
#1501 = ORIENTED_EDGE ( 'NONE', *, *, #1566, .F. ) ;
#1502 = ADVANCED_FACE ( 'NONE', ( #1701 ), #184, .F. ) ;
#1503 = VERTEX_POINT ( 'NONE', #117 ) ;
#1504 = EDGE_CURVE ( 'NONE', #770, #714, #5937, .T. ) ;
#1505 = VECTOR ( 'NONE', #2565, 1000.000000000000000 ) ;
#1506 = DIRECTION ( 'NONE',  ( 0.000000000000000000, 0.000000000000000000, 1.000000000000000000 ) ) ;
#1507 = DIRECTION ( 'NONE',  ( -0.000000000000000000, -0.7071067811865431318, -0.7071067811865517916 ) ) ;
#1508 = LINE ( 'NONE', #5774, #1991 ) ;
#1509 = EDGE_CURVE ( 'NONE', #3114, #1575, #2208, .T. ) ;
#1510 = FACE_OUTER_BOUND ( 'NONE', #2666, .T. ) ;
#1511 = DIRECTION ( 'NONE',  ( 0.000000000000000000, -1.000000000000000000, -2.282530889443167515E-16 ) ) ;
#1512 = VERTEX_POINT ( 'NONE', #1316 ) ;
#1513 = EDGE_LOOP ( 'NONE', ( #4206, #4742, #1205, #849 ) ) ;
#1514 = LINE ( 'NONE', #1970, #1307 ) ;
#1515 = CARTESIAN_POINT ( 'NONE',  ( 2.625000000000000444, 1.800000000000000044, -1.175000000000000044 ) ) ;
#1516 = CARTESIAN_POINT ( 'NONE',  ( 4.474999999999996980, 0.3000000000000009881, -1.625000000000000888 ) ) ;
#1517 = ORIENTED_EDGE ( 'NONE', *, *, #3815, .T. ) ;
#1518 = ORIENTED_EDGE ( 'NONE', *, *, #1302, .F. ) ;
#1519 = APPLICATION_PROTOCOL_DEFINITION ( 'draft international standard', 'automotive_design', 1998, #173 ) ;
#1520 = VERTEX_POINT ( 'NONE', #5671 ) ;
#1521 = CARTESIAN_POINT ( 'NONE',  ( 2.225000000000000533, 2.349999999999999645, 0.6750000000000002665 ) ) ;
#1522 = ORIENTED_EDGE ( 'NONE', *, *, #2143, .T. ) ;
#1523 = ORIENTED_EDGE ( 'NONE', *, *, #5808, .T. ) ;
#1524 = VECTOR ( 'NONE', #1018, 1000.000000000000000 ) ;
#1525 = DIRECTION ( 'NONE',  ( 1.000000000000000000, -0.000000000000000000, -0.000000000000000000 ) ) ;
#1526 = CARTESIAN_POINT ( 'NONE',  ( 5.724999999999997868, 1.199999999999999734, 0.1750000000000000722 ) ) ;
#1527 = CARTESIAN_POINT ( 'NONE',  ( 5.524999999999997691, 0.3000000000000009881, -1.625000000000000888 ) ) ;
#1528 = EDGE_CURVE ( 'NONE', #218, #5562, #6214, .T. ) ;
#1529 = LINE ( 'NONE', #1059, #1074 ) ;
#1530 = CARTESIAN_POINT ( 'NONE',  ( 4.474999999999996980, 0.3500000000000009215, -1.324999999999999512 ) ) ;
#1531 = DIRECTION ( 'NONE',  ( -1.000000000000000000, -0.000000000000000000, -0.000000000000000000 ) ) ;
#1532 = ADVANCED_FACE ( 'NONE', ( #1226 ), #1347, .F. ) ;
#1533 = ORIENTED_EDGE ( 'NONE', *, *, #5125, .F. ) ;
#1534 = VECTOR ( 'NONE', #2336, 1000.000000000000000 ) ;
#1535 = UNCERTAINTY_MEASURE_WITH_UNIT (LENGTH_MEASURE( 1.000000000000000082E-05 ), #2899, 'distance_accuracy_value', 'NONE');
#1536 = CARTESIAN_POINT ( 'NONE',  ( 7.375000000000000888, 0.000000000000000000, 0.2250000000000008105 ) ) ;
#1537 = AXIS2_PLACEMENT_3D ( 'NONE', #369, #4189, #3727 ) ;
#1538 = CARTESIAN_POINT ( 'NONE',  ( 5.524999999999998579, 1.449999999999999956, -0.7749999999999999112 ) ) ;
#1539 = EDGE_CURVE ( 'NONE', #3822, #2561, #3160, .T. ) ;
#1540 = CARTESIAN_POINT ( 'NONE',  ( 3.124999999999999112, -6.123233995736742617E-17, -0.3340169943749460302 ) ) ;
#1541 = DIRECTION ( 'NONE',  ( 0.000000000000000000, -0.000000000000000000, -1.000000000000000000 ) ) ;
#1542 = VECTOR ( 'NONE', #2265, 1000.000000000000000 ) ;
#1543 = DIRECTION ( 'NONE',  ( -0.7071067811865475727, -0.7071067811865475727, 0.000000000000000000 ) ) ;
#1544 = CARTESIAN_POINT ( 'NONE',  ( 6.452032961426903412, 3.250000000000000000, 0.6750000000000004885 ) ) ;
#1545 = EDGE_LOOP ( 'NONE', ( #5570, #2278, #1911, #3122, #3590, #5222, #5301, #4273 ) ) ;
#1546 = VERTEX_POINT ( 'NONE', #4648 ) ;
#1547 = EDGE_CURVE ( 'NONE', #2924, #1222, #6153, .T. ) ;
#1548 = DIRECTION ( 'NONE',  ( -1.000000000000000000, 0.000000000000000000, 1.807003620809174632E-16 ) ) ;
#1549 = FACE_OUTER_BOUND ( 'NONE', #1784, .T. ) ;
#1550 = DIRECTION ( 'NONE',  ( 0.000000000000000000, -0.000000000000000000, 1.000000000000000000 ) ) ;
#1551 = EDGE_LOOP ( 'NONE', ( #2319, #1702, #2769, #4905, #4474 ) ) ;
#1552 = VERTEX_POINT ( 'NONE', #304 ) ;
#1553 = EDGE_CURVE ( 'NONE', #3116, #5704, #3190, .T. ) ;
#1554 = LINE ( 'NONE', #4950, #1891 ) ;
#1555 = ORIENTED_EDGE ( 'NONE', *, *, #2778, .T. ) ;
#1556 = ORIENTED_EDGE ( 'NONE', *, *, #1302, .T. ) ;
#1557 = EDGE_CURVE ( 'NONE', #1345, #3849, #1732, .T. ) ;
#1558 = DIRECTION ( 'NONE',  ( 0.000000000000000000, 0.000000000000000000, 1.000000000000000000 ) ) ;
#1559 = DIRECTION ( 'NONE',  ( -1.000000000000000000, 0.000000000000000000, 0.000000000000000000 ) ) ;
#1560 = DIRECTION ( 'NONE',  ( -0.000000000000000000, -1.000000000000000000, -0.000000000000000000 ) ) ;
#1561 = FACE_OUTER_BOUND ( 'NONE', #4174, .T. ) ;
#1562 = PLANE ( 'NONE',  #6053 ) ;
#1563 = DIRECTION ( 'NONE',  ( 1.000000000000000000, 0.000000000000000000, 0.000000000000000000 ) ) ;
#1564 = ORIENTED_EDGE ( 'NONE', *, *, #1076, .F. ) ;
#1565 = AXIS2_PLACEMENT_3D ( 'NONE', #1945, #3878, #1457 ) ;
#1566 = EDGE_CURVE ( 'NONE', #2760, #4767, #3665, .T. ) ;
#1567 = VECTOR ( 'NONE', #3362, 1000.000000000000000 ) ;
#1568 = CARTESIAN_POINT ( 'NONE',  ( 7.781793621149187601, 3.050000000000000266, -0.1050000000000000655 ) ) ;
#1569 = CARTESIAN_POINT ( 'NONE',  ( 4.474999999999996980, -0.04999999999999567291, -2.474999999999999645 ) ) ;
#1570 = AXIS2_PLACEMENT_3D ( 'NONE', #1544, #4001, #539 ) ;
#1571 = FACE_OUTER_BOUND ( 'NONE', #288, .T. ) ;
#1572 = EDGE_CURVE ( 'NONE', #1520, #3047, #2750, .T. ) ;
#1573 = VECTOR ( 'NONE', #947, 1000.000000000000227 ) ;
#1574 = CARTESIAN_POINT ( 'NONE',  ( 4.474999999999996980, -0.1499999999999963862, -1.474999999999999645 ) ) ;
#1575 = VERTEX_POINT ( 'NONE', #2819 ) ;
#1576 = VECTOR ( 'NONE', #1894, 1000.000000000000000 ) ;
#1577 = AXIS2_PLACEMENT_3D ( 'NONE', #6143, #6115, #6055 ) ;
#1578 = VECTOR ( 'NONE', #719, 1000.000000000000000 ) ;
#1579 = DIRECTION ( 'NONE',  ( -1.000000000000000000, -0.000000000000000000, -0.000000000000000000 ) ) ;
#1580 = AXIS2_PLACEMENT_3D ( 'NONE', #257, #5575, #5172 ) ;
#1581 = LINE ( 'NONE', #5436, #3605 ) ;
#1582 = VECTOR ( 'NONE', #1035, 1000.000000000000114 ) ;
#1583 = ORIENTED_EDGE ( 'NONE', *, *, #5211, .F. ) ;
#1584 = ADVANCED_FACE ( 'NONE', ( #4186 ), #3254, .F. ) ;
#1585 = VERTEX_POINT ( 'NONE', #334 ) ;
#1586 = DIRECTION ( 'NONE',  ( 0.000000000000000000, 0.000000000000000000, 1.000000000000000000 ) ) ;
#1587 = CARTESIAN_POINT ( 'NONE',  ( -6.875000000000000000, 3.950000000000000178, 0.3750000000000001110 ) ) ;
#1588 = DIRECTION ( 'NONE',  ( 0.000000000000000000, 0.000000000000000000, -1.000000000000000000 ) ) ;
#1589 = VERTEX_POINT ( 'NONE', #1765 ) ;
#1590 = EDGE_LOOP ( 'NONE', ( #2058, #773, #2377, #4043 ) ) ;
#1591 = ORIENTED_EDGE ( 'NONE', *, *, #1033, .F. ) ;
#1592 = CARTESIAN_POINT ( 'NONE',  ( 6.724999999999999645, 4.049999999999999822, 2.475000000000000089 ) ) ;
#1593 = VERTEX_POINT ( 'NONE', #5118 ) ;
#1594 = VERTEX_POINT ( 'NONE', #5153 ) ;
#1595 = CARTESIAN_POINT ( 'NONE',  ( 7.375000000000000000, 3.399999999999999911, -1.174999999999999822 ) ) ;
#1596 = CARTESIAN_POINT ( 'NONE',  ( 2.625000000000000444, 2.899999999999999911, 0.1750000000000002387 ) ) ;
#1597 = CARTESIAN_POINT ( 'NONE',  ( 2.125000000000000000, 1.899999999999999911, 1.825000000000000622 ) ) ;
#1598 = DIRECTION ( 'NONE',  ( -1.000000000000000000, 0.000000000000000000, 0.000000000000000000 ) ) ;
#1599 = DIRECTION ( 'NONE',  ( 1.000000000000000000, 0.000000000000000000, 0.000000000000000000 ) ) ;
#1600 = LINE ( 'NONE', #3601, #1747 ) ;
#1601 = VERTEX_POINT ( 'NONE', #5214 ) ;
#1602 = LINE ( 'NONE', #2080, #240 ) ;
#1603 = CARTESIAN_POINT ( 'NONE',  ( 3.999999999999999112, 0.7699999999999888045, 0.5350000000000094680 ) ) ;
#1604 = CARTESIAN_POINT ( 'NONE',  ( 4.274999999999999467, 3.950000000000000178, 0.1750000000000000722 ) ) ;
#1605 = AXIS2_PLACEMENT_3D ( 'NONE', #5626, #5683, #4810 ) ;
#1606 = ORIENTED_EDGE ( 'NONE', *, *, #6290, .T. ) ;
#1607 = DIRECTION ( 'NONE',  ( 1.000000000000000000, 0.000000000000000000, -4.336808689942021680E-16 ) ) ;
#1608 = VECTOR ( 'NONE', #2033, 1000.000000000000000 ) ;
#1609 = LINE ( 'NONE', #1139, #4426 ) ;
#1610 = CARTESIAN_POINT ( 'NONE',  ( 2.624999999999999556, 0.5999999999999999778, 1.825000000000000622 ) ) ;
#1611 = ORIENTED_EDGE ( 'NONE', *, *, #2163, .T. ) ;
#1612 = EDGE_LOOP ( 'NONE', ( #3366, #4483, #1328, #1927 ) ) ;
#1613 = EDGE_CURVE ( 'NONE', #2116, #3444, #5185, .T. ) ;
#1614 = VERTEX_POINT ( 'NONE', #398 ) ;
#1615 = ADVANCED_FACE ( 'NONE', ( #4765 ), #2331, .F. ) ;
#1616 = FACE_OUTER_BOUND ( 'NONE', #2320, .T. ) ;
#1617 = DIRECTION ( 'NONE',  ( 0.000000000000000000, -0.000000000000000000, 1.000000000000000000 ) ) ;
#1618 = CARTESIAN_POINT ( 'NONE',  ( 5.524999999999998579, 3.950000000000000178, -1.174999999999999822 ) ) ;
#1619 = ORIENTED_EDGE ( 'NONE', *, *, #6207, .F. ) ;
#1620 = APPLICATION_PROTOCOL_DEFINITION ( 'draft international standard', 'automotive_design', 1998, #3940 ) ;
#1621 = ORIENTED_EDGE ( 'NONE', *, *, #4973, .F. ) ;
#1622 = LINE ( 'NONE', #1150, #2702 ) ;
#1623 = ORIENTED_EDGE ( 'NONE', *, *, #1227, .F. ) ;
#1624 = CARTESIAN_POINT ( 'NONE',  ( 7.575000000000000178, 0.5999999999999999778, 0.2250000000000008105 ) ) ;
#1625 = CARTESIAN_POINT ( 'NONE',  ( 2.425000000000000266, 0.000000000000000000, 0.2250000000000008105 ) ) ;
#1626 = LINE ( 'NONE', #3094, #4899 ) ;
#1627 = CARTESIAN_POINT ( 'NONE',  ( 4.474999999999996980, 0.09999999999999999167, -0.8250000000000010658 ) ) ;
#1628 = DIRECTION ( 'NONE',  ( -0.7071067811865475727, -0.7071067811865475727, 0.000000000000000000 ) ) ;
#1629 = STYLED_ITEM ( 'NONE', ( #4349 ), #502 ) ;
#1630 = PLANE ( 'NONE',  #3575 ) ;
#1631 = ORIENTED_EDGE ( 'NONE', *, *, #2913, .T. ) ;
#1632 = AXIS2_PLACEMENT_3D ( 'NONE', #584, #3426, #5007 ) ;
#1633 = AXIS2_PLACEMENT_3D ( 'NONE', #2845, #940, #909 ) ;
#1634 = SURFACE_SIDE_STYLE ('',( #2591 ) ) ;
#1635 = DIRECTION ( 'NONE',  ( 1.000000000000000000, 0.000000000000000000, -1.807003620809174632E-16 ) ) ;
#1636 = DIRECTION ( 'NONE',  ( 0.000000000000000000, 1.000000000000000000, 0.000000000000000000 ) ) ;
#1637 = ORIENTED_EDGE ( 'NONE', *, *, #4152, .F. ) ;
#1638 = DIRECTION ( 'NONE',  ( 1.000000000000000000, 0.000000000000000000, 0.000000000000000000 ) ) ;
#1639 = ORIENTED_EDGE ( 'NONE', *, *, #5929, .F. ) ;
#1640 = EDGE_CURVE ( 'NONE', #169, #2853, #4677, .T. ) ;
#1641 = DIRECTION ( 'NONE',  ( -1.000000000000000000, 0.000000000000000000, 0.000000000000000000 ) ) ;
#1642 = CARTESIAN_POINT ( 'NONE',  ( 7.875000000000000000, 1.899999999999999911, 1.825000000000000622 ) ) ;
#1643 = ORIENTED_EDGE ( 'NONE', *, *, #5147, .F. ) ;
#1644 = VECTOR ( 'NONE', #4743, 1000.000000000000000 ) ;
#1645 = ORIENTED_EDGE ( 'NONE', *, *, #1906, .T. ) ;
#1646 = VERTEX_POINT ( 'NONE', #2780 ) ;
#1647 = ORIENTED_EDGE ( 'NONE', *, *, #198, .T. ) ;
#1648 = EDGE_CURVE ( 'NONE', #2405, #743, #4740, .T. ) ;
#1649 = CARTESIAN_POINT ( 'NONE',  ( 7.375000000000000000, 4.049999999999999822, 0.1750000000000002387 ) ) ;
#1650 = DIRECTION ( 'NONE',  ( 0.000000000000000000, 0.7071067811865440200, 0.7071067811865511255 ) ) ;
#1651 = EDGE_CURVE ( 'NONE', #1118, #3377, #3286, .T. ) ;
#1652 = DIRECTION ( 'NONE',  ( 1.000000000000000000, 0.000000000000000000, 0.000000000000000000 ) ) ;
#1653 = CARTESIAN_POINT ( 'NONE',  ( 6.191666666666666430, 3.266666666666667052, 0.1916666666666670127 ) ) ;
#1654 = ORIENTED_EDGE ( 'NONE', *, *, #1557, .F. ) ;
#1655 = ORIENTED_EDGE ( 'NONE', *, *, #3179, .F. ) ;
#1656 = EDGE_CURVE ( 'NONE', #1088, #5291, #6244, .T. ) ;
#1657 = FACE_OUTER_BOUND ( 'NONE', #2251, .T. ) ;
#1658 = EDGE_CURVE ( 'NONE', #4134, #3406, #1987, .T. ) ;
#1659 = VECTOR ( 'NONE', #4064, 1000.000000000000000 ) ;
#1660 = DIRECTION ( 'NONE',  ( -1.000000000000000000, -0.000000000000000000, -0.000000000000000000 ) ) ;
#1661 = PLANE ( 'NONE',  #260 ) ;
#1662 = FACE_OUTER_BOUND ( 'NONE', #3123, .T. ) ;
#1663 = CARTESIAN_POINT ( 'NONE',  ( 5.374999999999999112, 4.049999999999999822, 0.4749999999999995337 ) ) ;
#1664 = VERTEX_POINT ( 'NONE', #1411 ) ;
#1665 = EDGE_CURVE ( 'NONE', #2512, #5330, #5766, .T. ) ;
#1666 = CARTESIAN_POINT ( 'NONE',  ( 2.125000000000000000, 3.399999999999999911, 0.1750000000000001554 ) ) ;
#1667 = PLANE ( 'NONE',  #3838 ) ;
#1668 = CARTESIAN_POINT ( 'NONE',  ( 0.000000000000000000, 4.049999999999999822, 0.4749999999999995337 ) ) ;
#1669 = CARTESIAN_POINT ( 'NONE',  ( 10.00000000000000000, 4.049999999999999822, 0.9749999999999963141 ) ) ;
#1670 = VECTOR ( 'NONE', #5628, 1000.000000000000000 ) ;
#1671 = VECTOR ( 'NONE', #6260, 1000.000000000000000 ) ;
#1672 = VECTOR ( 'NONE', #1709, 1000.000000000000000 ) ;
#1673 = EDGE_CURVE ( 'NONE', #5678, #3897, #5305, .T. ) ;
#1674 = CARTESIAN_POINT ( 'NONE',  ( 5.724999999999997868, 0.3500000000000009215, -1.374999999999999778 ) ) ;
#1675 = LINE ( 'NONE', #2727, #1067 ) ;
#1676 = ORIENTED_EDGE ( 'NONE', *, *, #5826, .T. ) ;
#1677 = VECTOR ( 'NONE', #5333, 1000.000000000000000 ) ;
#1678 = AXIS2_PLACEMENT_3D ( 'NONE', #3718, #746, #5578 ) ;
#1679 = EDGE_CURVE ( 'NONE', #6162, #1400, #5271, .T. ) ;
#1680 = ORIENTED_EDGE ( 'NONE', *, *, #5840, .T. ) ;
#1681 = ORIENTED_EDGE ( 'NONE', *, *, #5698, .T. ) ;
#1682 =( GEOMETRIC_REPRESENTATION_CONTEXT ( 3 ) GLOBAL_UNCERTAINTY_ASSIGNED_CONTEXT ( ( #1535 ) ) GLOBAL_UNIT_ASSIGNED_CONTEXT ( ( #2899, #3430, #1975 ) ) REPRESENTATION_CONTEXT ( 'NONE', 'WORKASPACE' ) );
#1683 = VECTOR ( 'NONE', #713, 1000.000000000000000 ) ;
#1684 = FACE_OUTER_BOUND ( 'NONE', #2634, .T. ) ;
#1685 = PLANE ( 'NONE',  #3597 ) ;
#1686 = ORIENTED_EDGE ( 'NONE', *, *, #674, .F. ) ;
#1687 = CARTESIAN_POINT ( 'NONE',  ( 4.474999999999996980, 0.4999999999999998890, -0.8249999999999997335 ) ) ;
#1688 = ORIENTED_EDGE ( 'NONE', *, *, #5899, .F. ) ;
#1689 = VERTEX_POINT ( 'NONE', #941 ) ;
#1690 = EDGE_LOOP ( 'NONE', ( #2280, #3012, #3559, #569 ) ) ;
#1691 = EDGE_CURVE ( 'NONE', #4883, #1980, #5797, .T. ) ;
#1692 = EDGE_CURVE ( 'NONE', #4336, #4661, #1030, .T. ) ;
#1693 = DIRECTION ( 'NONE',  ( 0.000000000000000000, -0.000000000000000000, -1.000000000000000000 ) ) ;
#1694 = DIRECTION ( 'NONE',  ( -0.000000000000000000, 0.000000000000000000, 1.000000000000000000 ) ) ;
#1695 = CARTESIAN_POINT ( 'NONE',  ( 7.781793621149187601, 6.140988867593913192E-18, -0.02500000000000096242 ) ) ;
#1696 = FACE_OUTER_BOUND ( 'NONE', #2978, .T. ) ;
#1697 = LINE ( 'NONE', #2169, #4509 ) ;
#1698 = EDGE_CURVE ( 'NONE', #4368, #2919, #2427, .T. ) ;
#1699 =( NAMED_UNIT ( * ) PLANE_ANGLE_UNIT ( ) SI_UNIT ( $, .RADIAN. ) );
#1700 =( LENGTH_UNIT ( ) NAMED_UNIT ( * ) SI_UNIT ( .MILLI., .METRE. ) );
#1701 = FACE_OUTER_BOUND ( 'NONE', #1545, .T. ) ;
#1702 = ORIENTED_EDGE ( 'NONE', *, *, #1679, .T. ) ;
#1703 = SURFACE_STYLE_FILL_AREA ( #3546 ) ;
#1704 = EDGE_CURVE ( 'NONE', #2884, #3406, #1954, .T. ) ;
#1705 = EDGE_CURVE ( 'NONE', #1850, #3326, #5733, .T. ) ;
#1706 = DIRECTION ( 'NONE',  ( -0.000000000000000000, -0.000000000000000000, 1.000000000000000000 ) ) ;
#1707 = LINE ( 'NONE', #3646, #2178 ) ;
#1708 = VECTOR ( 'NONE', #183, 1000.000000000000114 ) ;
#1709 = DIRECTION ( 'NONE',  ( 1.000000000000000000, 0.000000000000000000, 0.000000000000000000 ) ) ;
#1710 = ORIENTED_EDGE ( 'NONE', *, *, #5322, .F. ) ;
#1711 = VERTEX_POINT ( 'NONE', #2489 ) ;
#1712 = ORIENTED_EDGE ( 'NONE', *, *, #3342, .F. ) ;
#1713 = VERTEX_POINT ( 'NONE', #1924 ) ;
#1714 = VECTOR ( 'NONE', #2779, 1000.000000000000000 ) ;
#1715 = DIRECTION ( 'NONE',  ( 0.7071067811865460184, -0.000000000000000000, 0.7071067811865490160 ) ) ;
#1716 = DIRECTION ( 'NONE',  ( -0.000000000000000000, 0.7071067811865474617, 0.7071067811865474617 ) ) ;
#1717 = VECTOR ( 'NONE', #6212, 1000.000000000000000 ) ;
#1718 = PLANE ( 'NONE',  #2090 ) ;
#1719 = ORIENTED_EDGE ( 'NONE', *, *, #415, .T. ) ;
#1720 = ORIENTED_EDGE ( 'NONE', *, *, #5609, .T. ) ;
#1721 = ORIENTED_EDGE ( 'NONE', *, *, #149, .F. ) ;
#1722 = CARTESIAN_POINT ( 'NONE',  ( 5.724999999999997868, 0.4999999999999998890, -0.8249999999999997335 ) ) ;
#1723 = DIRECTION ( 'NONE',  ( 0.000000000000000000, 1.000000000000000000, 0.000000000000000000 ) ) ;
#1724 = DIRECTION ( 'NONE',  ( 0.000000000000000000, -3.336006684570783101E-16, 1.000000000000000000 ) ) ;
#1725 = PLANE ( 'NONE',  #3808 ) ;
#1726 = CARTESIAN_POINT ( 'NONE',  ( 4.124999999999999112, 4.049999999999999822, 0.1750000000000000999 ) ) ;
#1727 = ORIENTED_EDGE ( 'NONE', *, *, #3743, .F. ) ;
#1728 = EDGE_CURVE ( 'NONE', #4042, #4336, #3791, .T. ) ;
#1729 = SURFACE_STYLE_USAGE ( .BOTH. , #5213 ) ;
#1730 = PLANE ( 'NONE',  #2219 ) ;
#1731 = VECTOR ( 'NONE', #4276, 1000.000000000000000 ) ;
#1732 = LINE ( 'NONE', #2683, #256 ) ;
#1733 = EDGE_CURVE ( 'NONE', #5680, #3697, #2846, .T. ) ;
#1734 = ORIENTED_EDGE ( 'NONE', *, *, #1704, .T. ) ;
#1735 = DIRECTION ( 'NONE',  ( 0.000000000000000000, -0.7071067811865545671, 0.7071067811865405783 ) ) ;
#1736 = EDGE_LOOP ( 'NONE', ( #2386, #5595, #6164, #4362 ) ) ;
#1737 = VECTOR ( 'NONE', #6043, 1000.000000000000000 ) ;
#1738 = ADVANCED_FACE ( 'NONE', ( #1381 ), #2909, .T. ) ;
#1739 = CARTESIAN_POINT ( 'NONE',  ( -6.875000000000000000, -13.83708784390703705, 0.3750000000000001110 ) ) ;
#1740 = CARTESIAN_POINT ( 'NONE',  ( 4.274999999999998579, 1.449999999999999956, 0.3750000000000000000 ) ) ;
#1741 = DIRECTION ( 'NONE',  ( 0.000000000000000000, 1.000000000000000000, 0.000000000000000000 ) ) ;
#1742 = DIRECTION ( 'NONE',  ( 0.000000000000000000, 0.9284766908852604139, -0.3713906763541011125 ) ) ;
#1743 = ORIENTED_EDGE ( 'NONE', *, *, #2301, .T. ) ;
#1744 = EDGE_LOOP ( 'NONE', ( #4383, #5866, #3340, #1654 ) ) ;
#1745 = VECTOR ( 'NONE', #756, 1000.000000000000000 ) ;
#1746 = CYLINDRICAL_SURFACE ( 'NONE', #5144, 0.05000000000000012768 ) ;
#1747 = VECTOR ( 'NONE', #5490, 1000.000000000000000 ) ;
#1748 = CARTESIAN_POINT ( 'NONE',  ( 2.625000000000000444, 1.800000000000000044, -1.175000000000000044 ) ) ;
#1749 = CARTESIAN_POINT ( 'NONE',  ( 7.625000000000000000, 4.049999999999999822, 2.375000000000000444 ) ) ;
#1750 = VERTEX_POINT ( 'NONE', #969 ) ;
#1751 = LINE ( 'NONE', #3716, #2392 ) ;
#1752 = ORIENTED_EDGE ( 'NONE', *, *, #4631, .F. ) ;
#1753 = ORIENTED_EDGE ( 'NONE', *, *, #1350, .F. ) ;
#1754 = ORIENTED_EDGE ( 'NONE', *, *, #3830, .F. ) ;
#1755 = EDGE_CURVE ( 'NONE', #4109, #3025, #493, .T. ) ;
#1756 = AXIS2_PLACEMENT_3D ( 'NONE', #4267, #2409, #5718 ) ;
#1757 = CARTESIAN_POINT ( 'NONE',  ( 4.274999999999997691, 0.3000000000000009881, -1.625000000000000888 ) ) ;
#1758 = CARTESIAN_POINT ( 'NONE',  ( 5.724999999999997868, 0.3000000000000008771, -1.374999999999999778 ) ) ;
#1759 = CARTESIAN_POINT ( 'NONE',  ( 5.669910864525444794, 1.899999999999999689, 2.475000000000000533 ) ) ;
#1760 = DIRECTION ( 'NONE',  ( 1.000000000000000000, 0.000000000000000000, 0.000000000000000000 ) ) ;
#1761 = CARTESIAN_POINT ( 'NONE',  ( 2.425000000000000266, 0.000000000000000000, 2.475000000000000089 ) ) ;
#1762 = EDGE_CURVE ( 'NONE', #1689, #6289, #6051, .T. ) ;
#1763 = DIRECTION ( 'NONE',  ( 0.000000000000000000, 0.000000000000000000, 1.000000000000000000 ) ) ;
#1764 = LINE ( 'NONE', #5612, #2022 ) ;
#1765 = CARTESIAN_POINT ( 'NONE',  ( 7.275000000000000355, 4.049999999999999822, -1.474999999999996536 ) ) ;
#1766 = DIRECTION ( 'NONE',  ( 0.000000000000000000, 0.000000000000000000, 1.000000000000000000 ) ) ;
#1767 = EDGE_CURVE ( 'NONE', #3018, #4438, #4450, .T. ) ;
#1768 = ADVANCED_FACE ( 'NONE', ( #2362 ), #1499, .T. ) ;
#1769 = FACE_OUTER_BOUND ( 'NONE', #1774, .T. ) ;
#1770 = CARTESIAN_POINT ( 'NONE',  ( 4.474999999999998757, 3.299999999999999822, -0.9349999999999998312 ) ) ;
#1771 = DIRECTION ( 'NONE',  ( -0.000000000000000000, -1.000000000000000000, -1.355252715606880789E-16 ) ) ;
#1772 = FACE_OUTER_BOUND ( 'NONE', #955, .T. ) ;
#1773 = ORIENTED_EDGE ( 'NONE', *, *, #2051, .T. ) ;
#1774 = EDGE_LOOP ( 'NONE', ( #6141, #3003, #3296, #4855 ) ) ;
#1775 = VECTOR ( 'NONE', #1579, 1000.000000000000000 ) ;
#1776 = VERTEX_POINT ( 'NONE', #460 ) ;
#1777 = DIRECTION ( 'NONE',  ( 1.000000000000000000, 0.000000000000000000, 0.000000000000000000 ) ) ;
#1778 = CARTESIAN_POINT ( 'NONE',  ( 5.524999999999997691, 0.09999999999999999167, -0.8250000000000010658 ) ) ;
#1779 = VECTOR ( 'NONE', #1742, 1000.000000000000000 ) ;
#1780 = CARTESIAN_POINT ( 'NONE',  ( 5.374999999999999112, 2.575000000000000178, -1.200000000000000622 ) ) ;
#1781 = VECTOR ( 'NONE', #1902, 1000.000000000000000 ) ;
#1782 = LINE ( 'NONE', #772, #1473 ) ;
#1783 = ADVANCED_FACE ( 'NONE', ( #4351 ), #41, .F. ) ;
#1784 = EDGE_LOOP ( 'NONE', ( #1256, #4369, #3495, #5738 ) ) ;
#1785 = ORIENTED_EDGE ( 'NONE', *, *, #4192, .T. ) ;
#1786 = AXIS2_PLACEMENT_3D ( 'NONE', #4820, #1401, #898 ) ;
#1787 = ORIENTED_EDGE ( 'NONE', *, *, #962, .F. ) ;
#1788 = FACE_OUTER_BOUND ( 'NONE', #609, .T. ) ;
#1789 = EDGE_CURVE ( 'NONE', #5562, #3822, #205, .T. ) ;
#1790 = CARTESIAN_POINT ( 'NONE',  ( 4.274999999999999467, 1.449999999999999956, 0.3750000000000000000 ) ) ;
#1791 = CARTESIAN_POINT ( 'NONE',  ( 7.774999999999999467, 4.049999999999999822, 1.675000000000000266 ) ) ;
#1792 = CARTESIAN_POINT ( 'NONE',  ( 2.624999999999999556, 0.000000000000000000, 0.2250000000000008105 ) ) ;
#1793 = CARTESIAN_POINT ( 'NONE',  ( 4.624999999999998224, 4.049999999999999822, 0.4749999999999995337 ) ) ;
#1794 = ORIENTED_EDGE ( 'NONE', *, *, #932, .T. ) ;
#1795 = CARTESIAN_POINT ( 'NONE',  ( 3.624999999999999556, 3.950000000000000178, 0.8749999999999996669 ) ) ;
#1796 = DIRECTION ( 'NONE',  ( -0.000000000000000000, 1.000000000000000000, -0.000000000000000000 ) ) ;
#1797 = PLANE ( 'NONE',  #1537 ) ;
#1798 = ADVANCED_FACE ( 'NONE', ( #5966 ), #2647, .F. ) ;
#1799 = FACE_OUTER_BOUND ( 'NONE', #4015, .T. ) ;
#1800 = CARTESIAN_POINT ( 'NONE',  ( 3.999999999999999112, 0.000000000000000000, 2.075000000000000622 ) ) ;
#1801 = CARTESIAN_POINT ( 'NONE',  ( 7.625000000000000000, 2.899999999999999911, -0.3249999999999997891 ) ) ;
#1802 = DIRECTION ( 'NONE',  ( -1.000000000000000000, 0.000000000000000000, 0.000000000000000000 ) ) ;
#1803 = ORIENTED_EDGE ( 'NONE', *, *, #3893, .T. ) ;
#1804 = ORIENTED_EDGE ( 'NONE', *, *, #379, .T. ) ;
#1805 = EDGE_LOOP ( 'NONE', ( #4050, #646, #5805, #4337 ) ) ;
#1806 = ORIENTED_EDGE ( 'NONE', *, *, #3585, .T. ) ;
#1807 = DIRECTION ( 'NONE',  ( -0.7071067811865475727, -0.7071067811865475727, -0.000000000000000000 ) ) ;
#1808 = PLANE ( 'NONE',  #3100 ) ;
#1809 = LINE ( 'NONE', #739, #4322 ) ;
#1810 = VECTOR ( 'NONE', #3268, 1000.000000000000114 ) ;
#1811 = ADVANCED_FACE ( 'NONE', ( #4573 ), #110, .F. ) ;
#1812 = FACE_OUTER_BOUND ( 'NONE', #1914, .T. ) ;
#1813 = ORIENTED_EDGE ( 'NONE', *, *, #292, .T. ) ;
#1814 = VERTEX_POINT ( 'NONE', #4024 ) ;
#1815 = ORIENTED_EDGE ( 'NONE', *, *, #4631, .T. ) ;
#1816 = VECTOR ( 'NONE', #5277, 1000.000000000000000 ) ;
#1817 = LINE ( 'NONE', #3311, #881 ) ;
#1818 = DIRECTION ( 'NONE',  ( -1.000000000000000000, -0.000000000000000000, -0.000000000000000000 ) ) ;
#1819 = DIRECTION ( 'NONE',  ( 0.000000000000000000, 1.000000000000000000, 0.000000000000000000 ) ) ;
#1820 = CARTESIAN_POINT ( 'NONE',  ( 4.330089135474556095, 1.899999999999999911, 1.825000000000000622 ) ) ;
#1821 = CARTESIAN_POINT ( 'NONE',  ( 7.575000000000000178, -0.1499999999999963862, 2.324999999999999734 ) ) ;
#1822 = ORIENTED_EDGE ( 'NONE', *, *, #3941, .T. ) ;
#1823 = ORIENTED_EDGE ( 'NONE', *, *, #5247, .F. ) ;
#1824 = CARTESIAN_POINT ( 'NONE',  ( 4.474999999999996980, 3.050000000000000266, -0.02500000000000021302 ) ) ;
#1825 = CARTESIAN_POINT ( 'NONE',  ( 3.624999999999999556, 0.7428932188134522718, 0.8749999999999996669 ) ) ;
#1826 = CARTESIAN_POINT ( 'NONE',  ( 5.724999999999997868, 1.199999999999999734, 0.3750000000000000000 ) ) ;
#1827 = ORIENTED_EDGE ( 'NONE', *, *, #1422, .F. ) ;
#1828 = DIRECTION ( 'NONE',  ( -1.000000000000000000, 0.000000000000000000, -1.807003620809174632E-16 ) ) ;
#1829 = CARTESIAN_POINT ( 'NONE',  ( -6.875000000000000000, 3.950000000000000178, 0.3750000000000001110 ) ) ;
#1830 = LINE ( 'NONE', #5218, #499 ) ;
#1831 = CARTESIAN_POINT ( 'NONE',  ( 4.475000000000000533, 4.000000000000000000, -1.224999999999999645 ) ) ;
#1832 = LINE ( 'NONE', #918, #4121 ) ;
#1833 = ORIENTED_EDGE ( 'NONE', *, *, #1656, .F. ) ;
#1834 = AXIS2_PLACEMENT_3D ( 'NONE', #2125, #1715, #224 ) ;
#1835 = EDGE_LOOP ( 'NONE', ( #3874, #2551, #4707, #3382, #4880, #2602 ) ) ;
#1836 = ADVANCED_FACE ( 'NONE', ( #5488 ), #3599, .T. ) ;
#1837 = CARTESIAN_POINT ( 'NONE',  ( 5.724999999999998757, 2.899999999999999023, -0.7750000000000006883 ) ) ;
#1838 = DIRECTION ( 'NONE',  ( 0.000000000000000000, -0.8320502943378443872, 0.5547001962252280372 ) ) ;
#1839 = FILL_AREA_STYLE_COLOUR ( '', #5021 ) ;
#1840 = DIRECTION ( 'NONE',  ( 0.000000000000000000, -0.7071067811865475727, 0.7071067811865475727 ) ) ;
#1841 = VERTEX_POINT ( 'NONE', #1627 ) ;
#1842 = VERTEX_POINT ( 'NONE', #1157 ) ;
#1843 = EDGE_CURVE ( 'NONE', #1222, #2401, #3470, .T. ) ;
#1844 = VECTOR ( 'NONE', #3765, 1000.000000000000000 ) ;
#1845 = LINE ( 'NONE', #958, #5053 ) ;
#1846 = ADVANCED_FACE ( 'NONE', ( #1561 ), #3095, .F. ) ;
#1847 = LINE ( 'NONE', #959, #3553 ) ;
#1848 = PLANE ( 'NONE',  #5035 ) ;
#1849 = DIRECTION ( 'NONE',  ( -0.000000000000000000, 0.000000000000000000, 1.000000000000000000 ) ) ;
#1850 = VERTEX_POINT ( 'NONE', #2135 ) ;
#1851 = AXIS2_PLACEMENT_3D ( 'NONE', #4037, #5974, #5496 ) ;
#1852 = EDGE_CURVE ( 'NONE', #1585, #5077, #3127, .T. ) ;
#1853 = ORIENTED_EDGE ( 'NONE', *, *, #6076, .T. ) ;
#1854 = ADVANCED_FACE ( 'NONE', ( #6025 ), #1661, .T. ) ;
#1855 = FACE_OUTER_BOUND ( 'NONE', #1492, .T. ) ;
#1856 = DIRECTION ( 'NONE',  ( -1.000000000000000000, -0.000000000000000000, 0.000000000000000000 ) ) ;
#1857 = ORIENTED_EDGE ( 'NONE', *, *, #5237, .F. ) ;
#1858 = FACE_OUTER_BOUND ( 'NONE', #6223, .T. ) ;
#1859 = CARTESIAN_POINT ( 'NONE',  ( 5.724999999999997868, -0.1499999999999963862, -2.374999999999999112 ) ) ;
#1860 = DIRECTION ( 'NONE',  ( -0.000000000000000000, 0.7071067811865474617, 0.7071067811865474617 ) ) ;
#1861 = LINE ( 'NONE', #2248, #1167 ) ;
#1862 = PRESENTATION_LAYER_ASSIGNMENT (  '', '', ( #4622 ) ) ;
#1863 = DIRECTION ( 'NONE',  ( -1.000000000000000000, -0.000000000000000000, -0.000000000000000000 ) ) ;
#1864 = ORIENTED_EDGE ( 'NONE', *, *, #5706, .T. ) ;
#1865 = ORIENTED_EDGE ( 'NONE', *, *, #4640, .F. ) ;
#1866 = ORIENTED_EDGE ( 'NONE', *, *, #5057, .T. ) ;
#1867 = CARTESIAN_POINT ( 'NONE',  ( 7.275000000000000355, 4.049999999999999822, 0.2749999999999996336 ) ) ;
#1868 = EDGE_CURVE ( 'NONE', #6230, #5571, #4958, .T. ) ;
#1869 = CARTESIAN_POINT ( 'NONE',  ( 7.275000000000000355, 1.899999999999999689, 2.475000000000000089 ) ) ;
#1870 = CARTESIAN_POINT ( 'NONE',  ( 2.125000000000000000, 0.5999999999999999778, 0.2250000000000008105 ) ) ;
#1871 = FACE_OUTER_BOUND ( 'NONE', #2087, .T. ) ;
#1872 = VERTEX_POINT ( 'NONE', #2523 ) ;
#1873 = EDGE_LOOP ( 'NONE', ( #378, #6236, #1591, #73 ) ) ;
#1874 = EDGE_LOOP ( 'NONE', ( #3215, #5387, #3481, #2463 ) ) ;
#1875 = VECTOR ( 'NONE', #5658, 1000.000000000000000 ) ;
#1876 = VECTOR ( 'NONE', #3232, 1000.000000000000000 ) ;
#1878 = CARTESIAN_POINT ( 'NONE',  ( 2.425000000000000266, 0.5999999999999999778, 0.2250000000000008105 ) ) ;
#1877 = VECTOR ( 'NONE', #4811, 1000.000000000000000 ) ;
#1879 = VECTOR ( 'NONE', #4094, 1000.000000000000000 ) ;
#1880 = CARTESIAN_POINT ( 'NONE',  ( 4.274999999999997691, 0.4999999999999998890, -0.8249999999999997335 ) ) ;
#1881 = LINE ( 'NONE', #5818, #1166 ) ;
#1882 =( NAMED_UNIT ( * ) SI_UNIT ( $, .STERADIAN. ) SOLID_ANGLE_UNIT ( ) );
#1883 = CARTESIAN_POINT ( 'NONE',  ( 5.724999999999997868, 3.050000000000000266, 0.000000000000000000 ) ) ;
#1884 = ORIENTED_EDGE ( 'NONE', *, *, #3136, .F. ) ;
#1885 = AXIS2_PLACEMENT_3D ( 'NONE', #1188, #2558, #3507 ) ;
#1886 = VECTOR ( 'NONE', #3147, 1000.000000000000000 ) ;
#1887 = ADVANCED_FACE ( 'NONE', ( #2107 ), #3065, .T. ) ;
#1888 = PRODUCT_DEFINITION_FORMATION_WITH_SPECIFIED_SOURCE ( 'ANY', '', #3343, .NOT_KNOWN. ) ;
#1889 = ADVANCED_FACE ( 'NONE', ( #5459 ), #5553, .T. ) ;
#1890 = ORIENTED_EDGE ( 'NONE', *, *, #4422, .T. ) ;
#1891 = VECTOR ( 'NONE', #6016, 1000.000000000000000 ) ;
#1892 = LINE ( 'NONE', #2361, #3643 ) ;
#1893 =( NAMED_UNIT ( * ) PLANE_ANGLE_UNIT ( ) SI_UNIT ( $, .RADIAN. ) );
#1894 = DIRECTION ( 'NONE',  ( 0.000000000000000000, 0.000000000000000000, 1.000000000000000000 ) ) ;
#1895 = ADVANCED_FACE ( 'NONE', ( #5420 ), #4480, .F. ) ;
#1896 = FACE_OUTER_BOUND ( 'NONE', #1551, .T. ) ;
#1897 = VECTOR ( 'NONE', #2878, 1000.000000000000000 ) ;
#1898 = ORIENTED_EDGE ( 'NONE', *, *, #2689, .F. ) ;
#1899 = EDGE_CURVE ( 'NONE', #1814, #5918, #1529, .T. ) ;
#1900 = DIRECTION ( 'NONE',  ( 3.066586833366752221E-16, -0.7071067811865473507, 0.7071067811865477948 ) ) ;
#1901 = CARTESIAN_POINT ( 'NONE',  ( 4.274999999999998579, 3.299999999999999822, -1.224999999999999645 ) ) ;
#1902 = DIRECTION ( 'NONE',  ( 0.000000000000000000, -3.336006684570783101E-16, 1.000000000000000000 ) ) ;
#1903 = CARTESIAN_POINT ( 'NONE',  ( 7.375000000000000000, 1.800000000000000044, -1.175000000000000044 ) ) ;
#1904 = EDGE_LOOP ( 'NONE', ( #974, #1712, #4863, #2739 ) ) ;
#1905 = ORIENTED_EDGE ( 'NONE', *, *, #3342, .T. ) ;
#1906 = EDGE_CURVE ( 'NONE', #4806, #1203, #1097, .T. ) ;
#1907 = CARTESIAN_POINT ( 'NONE',  ( 6.875000000000000000, 1.449999999999999956, -1.174999999999999822 ) ) ;
#1908 = LINE ( 'NONE', #3935, #2893 ) ;
#1909 = DIRECTION ( 'NONE',  ( 0.000000000000000000, 1.000000000000000000, 0.000000000000000000 ) ) ;
#1910 = CARTESIAN_POINT ( 'NONE',  ( 3.999999999999999112, 0.000000000000000000, 2.075000000000000622 ) ) ;
#1911 = ORIENTED_EDGE ( 'NONE', *, *, #4075, .T. ) ;
#1912 = ORIENTED_EDGE ( 'NONE', *, *, #2689, .T. ) ;
#1913 = ORIENTED_EDGE ( 'NONE', *, *, #3955, .T. ) ;
#1914 = EDGE_LOOP ( 'NONE', ( #3960, #2721, #5923, #497 ) ) ;
#1915 = CARTESIAN_POINT ( 'NONE',  ( 4.274999999999998579, 3.449999999999999289, 0.3749999999999999445 ) ) ;
#1916 = DIRECTION ( 'NONE',  ( -0.000000000000000000, -0.000000000000000000, -1.000000000000000000 ) ) ;
#1917 = DIRECTION ( 'NONE',  ( 0.000000000000000000, 0.000000000000000000, -1.000000000000000000 ) ) ;
#1918 = SURFACE_STYLE_FILL_AREA ( #5297 ) ;
#1919 = AXIS2_PLACEMENT_3D ( 'NONE', #5784, #930, #2866 ) ;
#1920 = DIRECTION ( 'NONE',  ( -1.000000000000000000, 0.000000000000000000, 0.000000000000000000 ) ) ;
#1921 = ORIENTED_EDGE ( 'NONE', *, *, #1040, .F. ) ;
#1922 = ORIENTED_EDGE ( 'NONE', *, *, #1899, .F. ) ;
#1923 = COLOUR_RGB ( '',0.7960784313725489669, 0.8235294117647058432, 0.9372549019607843146 ) ;
#1924 = CARTESIAN_POINT ( 'NONE',  ( 7.774999999999999467, 2.349999999999999645, 0.6750000000000002665 ) ) ;
#1925 = LINE ( 'NONE', #6245, #2864 ) ;
#1926 = AXIS2_PLACEMENT_3D ( 'NONE', #4410, #39, #3923 ) ;
#1927 = ORIENTED_EDGE ( 'NONE', *, *, #2925, .T. ) ;
#1928 = ADVANCED_FACE ( 'NONE', ( #2167 ), #6117, .F. ) ;
#1929 = LINE ( 'NONE', #3861, #579 ) ;
#1930 = LINE ( 'NONE', #4288, #5668 ) ;
#1931 = DIRECTION ( 'NONE',  ( -1.000000000000000000, 0.000000000000000000, -0.000000000000000000 ) ) ;
#1932 = ORIENTED_EDGE ( 'NONE', *, *, #78, .F. ) ;
#1933 = ORIENTED_EDGE ( 'NONE', *, *, #645, .T. ) ;
#1934 = EDGE_CURVE ( 'NONE', #3114, #1118, #6057, .T. ) ;
#1935 = ORIENTED_EDGE ( 'NONE', *, *, #4583, .T. ) ;
#1936 = DIRECTION ( 'NONE',  ( -0.000000000000000000, 0.000000000000000000, 1.000000000000000000 ) ) ;
#1937 = DIRECTION ( 'NONE',  ( 0.000000000000000000, 0.000000000000000000, -1.000000000000000000 ) ) ;
#1938 = VECTOR ( 'NONE', #5380, 1000.000000000000000 ) ;
#1939 = FACE_OUTER_BOUND ( 'NONE', #5402, .T. ) ;
#1940 = CARTESIAN_POINT ( 'NONE',  ( 5.374999999999999112, 4.049999999999999822, 0.1750000000000000999 ) ) ;
#1941 = ORIENTED_EDGE ( 'NONE', *, *, #4306, .T. ) ;
#1942 = VERTEX_POINT ( 'NONE', #1282 ) ;
#1943 = DIRECTION ( 'NONE',  ( -1.000000000000000000, 0.000000000000000000, 4.336808689942021680E-16 ) ) ;
#1944 = CARTESIAN_POINT ( 'NONE',  ( 2.125000000000000000, 0.4999999999999998890, -1.574999999999999512 ) ) ;
#1945 = CARTESIAN_POINT ( 'NONE',  ( 7.781793621149187601, 1.577500000000001235, -1.577499999999999902 ) ) ;
#1946 = ORIENTED_EDGE ( 'NONE', *, *, #3728, .T. ) ;
#1947 = CARTESIAN_POINT ( 'NONE',  ( 5.724999999999997868, 0.1500000000000032419, -2.474999999999999645 ) ) ;
#1948 = CARTESIAN_POINT ( 'NONE',  ( 7.875000000000000000, 0.4999999999999998890, -0.8249999999999997335 ) ) ;
#1949 = ORIENTED_EDGE ( 'NONE', *, *, #4446, .F. ) ;
#1950 = ORIENTED_EDGE ( 'NONE', *, *, #4044, .T. ) ;
#1951 = ORIENTED_EDGE ( 'NONE', *, *, #6207, .T. ) ;
#1952 = EDGE_CURVE ( 'NONE', #3836, #6009, #5177, .T. ) ;
#1953 = CARTESIAN_POINT ( 'NONE',  ( 2.425000000000000266, -0.1499999999999963862, 2.324999999999999734 ) ) ;
#1954 = LINE ( 'NONE', #525, #5245 ) ;
#1955 = AXIS2_PLACEMENT_3D ( 'NONE', #2109, #5930, #1563 ) ;
#1956 = EDGE_CURVE ( 'NONE', #550, #5042, #3630, .T. ) ;
#1957 = CARTESIAN_POINT ( 'NONE',  ( 2.725000000000000089, 4.049999999999999822, 2.475000000000000089 ) ) ;
#1958 = VERTEX_POINT ( 'NONE', #813 ) ;
#1959 =( GEOMETRIC_REPRESENTATION_CONTEXT ( 3 ) GLOBAL_UNCERTAINTY_ASSIGNED_CONTEXT ( ( #3226 ) ) GLOBAL_UNIT_ASSIGNED_CONTEXT ( ( #925, #4366, #953 ) ) REPRESENTATION_CONTEXT ( 'NONE', 'WORKASPACE' ) );
#1960 = CARTESIAN_POINT ( 'NONE',  ( 6.452032961426903412, 2.250000000000000000, 1.075000000000000400 ) ) ;
#1961 = DIRECTION ( 'NONE',  ( 0.000000000000000000, -1.000000000000000000, -0.000000000000000000 ) ) ;
#1962 = DIRECTION ( 'NONE',  ( 0.000000000000000000, 0.000000000000000000, -1.000000000000000000 ) ) ;
#1963 = ORIENTED_EDGE ( 'NONE', *, *, #3282, .F. ) ;
#1964 = ORIENTED_EDGE ( 'NONE', *, *, #2783, .T. ) ;
#1965 = ORIENTED_EDGE ( 'NONE', *, *, #3258, .F. ) ;
#1966 = EDGE_CURVE ( 'NONE', #4994, #1942, #2201, .T. ) ;
#1967 = DIRECTION ( 'NONE',  ( 0.7071067811865505703, -7.666467083416910134E-17, 0.7071067811865444641 ) ) ;
#1968 = CARTESIAN_POINT ( 'NONE',  ( 4.274999999999998579, 3.449999999999999289, 0.2949999999999999289 ) ) ;
#1969 = ORIENTED_EDGE ( 'NONE', *, *, #2640, .T. ) ;
#1970 = CARTESIAN_POINT ( 'NONE',  ( 2.225000000000000533, 2.349999999999999645, 1.675000000000000266 ) ) ;
#1971 = CARTESIAN_POINT ( 'NONE',  ( 7.375000000000000000, 2.899999999999999911, -0.3249999999999997891 ) ) ;
#1972 = ADVANCED_FACE ( 'NONE', ( #4116 ), #873, .F. ) ;
#1973 = CARTESIAN_POINT ( 'NONE',  ( 5.524999999999998579, 2.575000000000000178, -1.200000000000000622 ) ) ;
#1974 = VERTEX_POINT ( 'NONE', #2742 ) ;
#1975 =( NAMED_UNIT ( * ) SI_UNIT ( $, .STERADIAN. ) SOLID_ANGLE_UNIT ( ) );
#1976 = ORIENTED_EDGE ( 'NONE', *, *, #5939, .F. ) ;
#1977 = VECTOR ( 'NONE', #617, 1000.000000000000000 ) ;
#1978 = CARTESIAN_POINT ( 'NONE',  ( 5.524999999999998579, 3.050000000000000266, -0.1050000000000000655 ) ) ;
#1979 = ORIENTED_EDGE ( 'NONE', *, *, #4577, .T. ) ;
#1980 = VERTEX_POINT ( 'NONE', #3720 ) ;
#1981 = VECTOR ( 'NONE', #641, 1000.000000000000000 ) ;
#1982 = VECTOR ( 'NONE', #217, 1000.000000000000000 ) ;
#1983 = EDGE_CURVE ( 'NONE', #4503, #2001, #842, .T. ) ;
#1984 = LINE ( 'NONE', #5485, #2698 ) ;
#1985 = DIRECTION ( 'NONE',  ( -1.000000000000000000, 0.000000000000000000, 0.000000000000000000 ) ) ;
#1986 =( NAMED_UNIT ( * ) PLANE_ANGLE_UNIT ( ) SI_UNIT ( $, .RADIAN. ) );
#1987 = LINE ( 'NONE', #5363, #3202 ) ;
#1988 = AXIS2_PLACEMENT_3D ( 'NONE', #1695, #5581, #748 ) ;
#1989 = CARTESIAN_POINT ( 'NONE',  ( 3.724999999999999201, 4.049999999999999822, 0.9749999999999990896 ) ) ;
#1990 = VECTOR ( 'NONE', #144, 1000.000000000000000 ) ;
#1991 = VECTOR ( 'NONE', #85, 1000.000000000000000 ) ;
#1992 = VERTEX_POINT ( 'NONE', #2774 ) ;
#1993 = AXIS2_PLACEMENT_3D ( 'NONE', #3369, #1337, #1367 ) ;
#1994 = CARTESIAN_POINT ( 'NONE',  ( 7.575000000000000178, 1.899999999999999689, 2.475000000000000533 ) ) ;
#1995 = CARTESIAN_POINT ( 'NONE',  ( 5.724999999999997868, 1.449999999999999956, 0.1750000000000000722 ) ) ;
#1996 = PLANE ( 'NONE',  #1069 ) ;
#1997 = ADVANCED_FACE ( 'NONE', ( #2233 ), #328, .F. ) ;
#1998 = LINE ( 'NONE', #538, #2793 ) ;
#1999 = LINE ( 'NONE', #3452, #2082 ) ;
#2000 = ORIENTED_EDGE ( 'NONE', *, *, #4889, .T. ) ;
#2001 = VERTEX_POINT ( 'NONE', #4634 ) ;
#2002 = ADVANCED_FACE ( 'NONE', ( #1219 ), #6175, .F. ) ;
#2003 = DIRECTION ( 'NONE',  ( -0.000000000000000000, -0.000000000000000000, 1.000000000000000000 ) ) ;
#2004 = EDGE_CURVE ( 'NONE', #3897, #2030, #296, .T. ) ;
#2005 = CARTESIAN_POINT ( 'NONE',  ( 4.124999999999999112, 2.574999999999999734, -1.200000000000000178 ) ) ;
#2006 = DIRECTION ( 'NONE',  ( 0.000000000000000000, 0.000000000000000000, -1.000000000000000000 ) ) ;
#2007 = ORIENTED_EDGE ( 'NONE', *, *, #5263, .T. ) ;
#2008 = VERTEX_POINT ( 'NONE', #2263 ) ;
#2009 = ORIENTED_EDGE ( 'NONE', *, *, #6238, .F. ) ;
#2010 = DIRECTION ( 'NONE',  ( 0.000000000000000000, -1.000000000000000000, 0.000000000000000000 ) ) ;
#2011 = EDGE_LOOP ( 'NONE', ( #5933, #406, #2947, #1905 ) ) ;
#2012 = VERTEX_POINT ( 'NONE', #267 ) ;
#2013 = ADVANCED_FACE ( 'NONE', ( #4179 ), #5207, .F. ) ;
#2014 = DIRECTION ( 'NONE',  ( -1.000000000000000000, -0.000000000000000000, -0.000000000000000000 ) ) ;
#2015 = LINE ( 'NONE', #556, #2838 ) ;
#2016 = VECTOR ( 'NONE', #389, 1000.000000000000000 ) ;
#2017 = CARTESIAN_POINT ( 'NONE',  ( 2.624999999999999556, 0.2500000000000000000, 2.475000000000000089 ) ) ;
#2018 = DIRECTION ( 'NONE',  ( 0.000000000000000000, 0.000000000000000000, -1.000000000000000000 ) ) ;
#2019 = DIRECTION ( 'NONE',  ( 0.000000000000000000, 1.000000000000000000, 0.000000000000000000 ) ) ;
#2020 = LINE ( 'NONE', #5864, #124 ) ;
#2021 = ORIENTED_EDGE ( 'NONE', *, *, #2205, .F. ) ;
#2022 = VECTOR ( 'NONE', #789, 1000.000000000000000 ) ;
#2023 = CARTESIAN_POINT ( 'NONE',  ( 4.474999999999998757, 1.449999999999999956, -1.224999999999999645 ) ) ;
#2024 = CARTESIAN_POINT ( 'NONE',  ( 6.275000000000001243, 4.049999999999999822, 0.9749999999999990896 ) ) ;
#2025 = CARTESIAN_POINT ( 'NONE',  ( 5.724999999999997868, -0.04999999999999568678, -2.474999999999999645 ) ) ;
#2026 = EDGE_CURVE ( 'NONE', #323, #100, #5604, .T. ) ;
#2027 = CARTESIAN_POINT ( 'NONE',  ( 2.725000000000000089, 0.2500000000000002220, 2.475000000000000089 ) ) ;
#2028 = CARTESIAN_POINT ( 'NONE',  ( 4.274999999999999467, 4.049999999999999822, 0.1750000000000000722 ) ) ;
#2029 = EDGE_CURVE ( 'NONE', #5947, #5632, #2295, .T. ) ;
#2030 = VERTEX_POINT ( 'NONE', #3184 ) ;
#2031 = ORIENTED_EDGE ( 'NONE', *, *, #901, .F. ) ;
#2032 = VERTEX_POINT ( 'NONE', #1339 ) ;
#2033 = DIRECTION ( 'NONE',  ( 1.000000000000000000, -0.000000000000000000, -0.000000000000000000 ) ) ;
#2034 = CARTESIAN_POINT ( 'NONE',  ( 4.474999999999998757, 2.899999999999999023, -0.7750000000000006883 ) ) ;
#2035 = PLANE ( 'NONE',  #4632 ) ;
#2036 = ORIENTED_EDGE ( 'NONE', *, *, #3756, .T. ) ;
#2037 = ORIENTED_EDGE ( 'NONE', *, *, #5064, .F. ) ;
#2038 = ORIENTED_EDGE ( 'NONE', *, *, #5850, .F. ) ;
#2039 = LINE ( 'NONE', #1521, #2496 ) ;
#2040 = ADVANCED_FACE ( 'NONE', ( #4246 ), #3279, .F. ) ;
#2041 = ORIENTED_EDGE ( 'NONE', *, *, #1698, .T. ) ;
#2042 = ORIENTED_EDGE ( 'NONE', *, *, #5014, .F. ) ;
#2043 = AXIS2_PLACEMENT_3D ( 'NONE', #5324, #2475, #3975 ) ;
#2044 = ADVANCED_FACE ( 'NONE', ( #1433 ), #5381, .F. ) ;
#2045 = LINE ( 'NONE', #5861, #682 ) ;
#2046 = CARTESIAN_POINT ( 'NONE',  ( 7.575000000000000178, 1.899999999999999911, 1.825000000000000622 ) ) ;
#2047 = LINE ( 'NONE', #3987, #524 ) ;
#2048 = DIRECTION ( 'NONE',  ( -0.000000000000000000, 0.000000000000000000, 1.000000000000000000 ) ) ;
#2049 = FACE_OUTER_BOUND ( 'NONE', #3315, .T. ) ;
#2050 = DIRECTION ( 'NONE',  ( -0.000000000000000000, -1.000000000000000000, -2.282530889443167515E-16 ) ) ;
#2051 = EDGE_CURVE ( 'NONE', #928, #1814, #1369, .T. ) ;
#2052 = VERTEX_POINT ( 'NONE', #3782 ) ;
#2053 = PLANE ( 'NONE',  #4729 ) ;
#2054 = VECTOR ( 'NONE', #1638, 1000.000000000000000 ) ;
#2055 = CARTESIAN_POINT ( 'NONE',  ( 5.669910864525444794, 0.5999999999999999778, 0.2250000000000008105 ) ) ;
#2056 = CARTESIAN_POINT ( 'NONE',  ( 5.724999999999997868, 1.199999999999999734, 0.1750000000000000722 ) ) ;
#2057 = ADVANCED_FACE ( 'NONE', ( #3819 ), #3912, .F. ) ;
#2058 = ORIENTED_EDGE ( 'NONE', *, *, #4876, .T. ) ;
#2059 = PRESENTATION_LAYER_ASSIGNMENT (  '', '', ( #127 ) ) ;
#2060 = DIRECTION ( 'NONE',  ( -1.000000000000000000, -0.000000000000000000, 0.000000000000000000 ) ) ;
#2061 = CARTESIAN_POINT ( 'NONE',  ( 3.624999999999999556, 0.7428932188134522718, 0.8749999999999996669 ) ) ;
#2062 = ORIENTED_EDGE ( 'NONE', *, *, #5051, .T. ) ;
#2063 = ORIENTED_EDGE ( 'NONE', *, *, #2026, .F. ) ;
#2064 = LINE ( 'NONE', #5446, #4259 ) ;
#2065 = DIRECTION ( 'NONE',  ( -0.000000000000000000, -0.000000000000000000, -1.000000000000000000 ) ) ;
#2066 = PLANE ( 'NONE',  #4933 ) ;
#2067 = VERTEX_POINT ( 'NONE', #2355 ) ;
#2068 = VERTEX_POINT ( 'NONE', #4401 ) ;
#2069 = PLANE ( 'NONE',  #268 ) ;
#2070 = EDGE_LOOP ( 'NONE', ( #1117, #580, #6106, #1912, #3242, #6066 ) ) ;
#2071 = ORIENTED_EDGE ( 'NONE', *, *, #1613, .F. ) ;
#2072 = DIRECTION ( 'NONE',  ( 0.000000000000000000, 0.000000000000000000, 1.000000000000000000 ) ) ;
#2073 = CARTESIAN_POINT ( 'NONE',  ( 5.524999999999998579, 4.049999999999999822, -1.174999999999999822 ) ) ;
#2074 = PLANE ( 'NONE',  #1330 ) ;
#2075 = DIRECTION ( 'NONE',  ( 1.084202172485505297E-16, 1.000000000000000000, 0.000000000000000000 ) ) ;
#2076 = DIRECTION ( 'NONE',  ( -1.277744513902812521E-16, 0.7071067811865473507, -0.7071067811865476838 ) ) ;
#2077 = DIRECTION ( 'NONE',  ( -1.000000000000000000, -0.000000000000000000, -0.000000000000000000 ) ) ;
#2078 = VERTEX_POINT ( 'NONE', #933 ) ;
#2079 = EDGE_CURVE ( 'NONE', #5542, #1034, #2841, .T. ) ;
#2080 = CARTESIAN_POINT ( 'NONE',  ( 4.274999999999999467, 1.199999999999999734, 0.3750000000000000000 ) ) ;
#2081 = CARTESIAN_POINT ( 'NONE',  ( 4.474999999999996980, -0.04999999999999636680, -2.375000000000000000 ) ) ;
#2082 = VECTOR ( 'NONE', #1042, 1000.000000000000000 ) ;
#2083 = DIRECTION ( 'NONE',  ( -0.000000000000000000, -1.000000000000000000, -1.251002506714043540E-16 ) ) ;
#2084 = VECTOR ( 'NONE', #427, 1000.000000000000000 ) ;
#2085 = ORIENTED_EDGE ( 'NONE', *, *, #5588, .T. ) ;
#2086 = PLANE ( 'NONE',  #1851 ) ;
#2087 = EDGE_LOOP ( 'NONE', ( #797, #2632, #1062, #4686 ) ) ;
#2088 = ADVANCED_FACE ( 'NONE', ( #418 ), #4850, .F. ) ;
#2089 = VECTOR ( 'NONE', #2018, 1000.000000000000000 ) ;
#2090 = AXIS2_PLACEMENT_3D ( 'NONE', #6140, #1212, #5132 ) ;
#2091 = CARTESIAN_POINT ( 'NONE',  ( 4.474999999999996980, 0.09999999999999999167, -0.8250000000000010658 ) ) ;
#2092 = VECTOR ( 'NONE', #589, 999.9999999999998863 ) ;
#2093 = FACE_OUTER_BOUND ( 'NONE', #5478, .T. ) ;
#2094 = ORIENTED_EDGE ( 'NONE', *, *, #4152, .T. ) ;
#2095 = ORIENTED_EDGE ( 'NONE', *, *, #3250, .T. ) ;
#2096 = PLANE ( 'NONE',  #4770 ) ;
#2097 = CARTESIAN_POINT ( 'NONE',  ( 2.125000000000000000, 3.399999999999999911, -1.174999999999999822 ) ) ;
#2098 = LINE ( 'NONE', #5881, #764 ) ;
#2099 = ORIENTED_EDGE ( 'NONE', *, *, #5890, .F. ) ;
#2100 = ORIENTED_EDGE ( 'NONE', *, *, #5934, .F. ) ;
#2101 = CARTESIAN_POINT ( 'NONE',  ( 7.375000000000000888, 0.2500000000000000000, 0.2250000000000008105 ) ) ;
#2102 = ORIENTED_EDGE ( 'NONE', *, *, #3283, .F. ) ;
#2103 = ORIENTED_EDGE ( 'NONE', *, *, #5354, .F. ) ;
#2104 = CARTESIAN_POINT ( 'NONE',  ( 4.274999999999997691, 0.2500000000000037748, -1.816421356237308826 ) ) ;
#2105 = LINE ( 'NONE', #5016, #2927 ) ;
#2106 = LINE ( 'NONE', #3469, #5502 ) ;
#2107 = FACE_OUTER_BOUND ( 'NONE', #1237, .T. ) ;
#2108 = LINE ( 'NONE', #3035, #1578 ) ;
#2109 = CARTESIAN_POINT ( 'NONE',  ( -6.875000000000000000, -13.83708784390703705, 0.3750000000000001110 ) ) ;
#2110 = EDGE_LOOP ( 'NONE', ( #3428, #5825, #208, #491 ) ) ;
#2111 = ORIENTED_EDGE ( 'NONE', *, *, #4599, .T. ) ;
#2112 = DIRECTION ( 'NONE',  ( 0.000000000000000000, 0.000000000000000000, -1.000000000000000000 ) ) ;
#2113 = DIRECTION ( 'NONE',  ( 1.000000000000000000, 0.000000000000000000, -0.000000000000000000 ) ) ;
#2114 = LINE ( 'NONE', #4554, #3398 ) ;
#2115 = VECTOR ( 'NONE', #4755, 1000.000000000000000 ) ;
#2116 = VERTEX_POINT ( 'NONE', #6206 ) ;
#2117 = FILL_AREA_STYLE_COLOUR ( '', #5117 ) ;
#2118 = VECTOR ( 'NONE', #530, 1000.000000000000000 ) ;
#2119 = ADVANCED_FACE ( 'NONE', ( #3313 ), #1848, .F. ) ;
#2120 = CARTESIAN_POINT ( 'NONE',  ( 5.524999999999998579, 3.950000000000000178, 0.1750000000000000722 ) ) ;
#2121 = DIRECTION ( 'NONE',  ( -1.000000000000000000, -0.000000000000000000, -0.000000000000000000 ) ) ;
#2122 = ORIENTED_EDGE ( 'NONE', *, *, #3327, .T. ) ;
#2123 = EDGE_CURVE ( 'NONE', #4038, #5704, #6233, .T. ) ;
#2124 = ORIENTED_EDGE ( 'NONE', *, *, #4779, .F. ) ;
#2125 = CARTESIAN_POINT ( 'NONE',  ( 2.625000000000000444, 0.000000000000000000, -1.374999999999997558 ) ) ;
#2126 = LINE ( 'NONE', #3589, #2480 ) ;
#2127 = PRODUCT_CONTEXT ( 'NONE', #4528, 'mechanical' ) ;
#2128 = ORIENTED_EDGE ( 'NONE', *, *, #3164, .F. ) ;
#2129 = CARTESIAN_POINT ( 'NONE',  ( -4.299999999999998934, 3.849999999999997424, 2.075000000000000622 ) ) ;
#2130 = ORIENTED_EDGE ( 'NONE', *, *, #3815, .F. ) ;
#2131 = ORIENTED_EDGE ( 'NONE', *, *, #185, .F. ) ;
#2132 = EDGE_CURVE ( 'NONE', #4207, #2008, #1881, .T. ) ;
#2133 = CARTESIAN_POINT ( 'NONE',  ( 2.624999999999999556, 1.899999999999999911, 1.825000000000000622 ) ) ;
#2134 = CARTESIAN_POINT ( 'NONE',  ( 5.524999999999998579, 3.299999999999999822, -0.9349999999999998312 ) ) ;
#2135 = CARTESIAN_POINT ( 'NONE',  ( 3.025000000000000799, 4.049999999999999822, -1.274999999999999245 ) ) ;
#2136 = DIRECTION ( 'NONE',  ( 0.000000000000000000, -1.000000000000000000, -0.000000000000000000 ) ) ;
#2137 = CARTESIAN_POINT ( 'NONE',  ( 7.625000000000000000, 4.049999999999999822, 2.475000000000000089 ) ) ;
#2138 = ORIENTED_EDGE ( 'NONE', *, *, #3283, .T. ) ;
#2139 = AXIS2_PLACEMENT_3D ( 'NONE', #2354, #5231, #2897 ) ;
#2140 = EDGE_CURVE ( 'NONE', #5562, #4230, #1403, .T. ) ;
#2141 = VECTOR ( 'NONE', #6213, 1000.000000000000000 ) ;
#2142 = DIRECTION ( 'NONE',  ( -1.000000000000000000, -0.000000000000000000, -0.000000000000000000 ) ) ;
#2143 = EDGE_CURVE ( 'NONE', #4472, #5107, #4822, .T. ) ;
#2144 = LINE ( 'NONE', #2055, #3948 ) ;
#2145 = LINE ( 'NONE', #5061, #5842 ) ;
#2146 = ORIENTED_EDGE ( 'NONE', *, *, #5155, .F. ) ;
#2147 = VECTOR ( 'NONE', #1706, 1000.000000000000000 ) ;
#2148 = FACE_OUTER_BOUND ( 'NONE', #2070, .T. ) ;
#2149 = CARTESIAN_POINT ( 'NONE',  ( 5.724999999999997868, 0.4999999999999998890, -0.8249999999999997335 ) ) ;
#2150 = ORIENTED_EDGE ( 'NONE', *, *, #4332, .T. ) ;
#2151 = VECTOR ( 'NONE', #2363, 1000.000000000000000 ) ;
#2152 = EDGE_CURVE ( 'NONE', #991, #5783, #31, .T. ) ;
#2153 = VERTEX_POINT ( 'NONE', #2385 ) ;
#2154 = ORIENTED_EDGE ( 'NONE', *, *, #639, .F. ) ;
#2155 = ORIENTED_EDGE ( 'NONE', *, *, #5170, .F. ) ;
#2156 = EDGE_CURVE ( 'NONE', #920, #2578, #960, .T. ) ;
#2157 = DIRECTION ( 'NONE',  ( 1.000000000000000000, -0.000000000000000000, 0.000000000000000000 ) ) ;
#2158 = LINE ( 'NONE', #321, #5138 ) ;
#2159 = ORIENTED_EDGE ( 'NONE', *, *, #1153, .F. ) ;
#2160 = CARTESIAN_POINT ( 'NONE',  ( 6.875000000000000000, 3.950000000000000178, -1.174999999999999822 ) ) ;
#2161 = EDGE_LOOP ( 'NONE', ( #4172, #755, #1206, #2506, #325 ) ) ;
#2162 = ORIENTED_EDGE ( 'NONE', *, *, #4103, .T. ) ;
#2163 = EDGE_CURVE ( 'NONE', #5501, #213, #5356, .T. ) ;
#2164 = FACE_BOUND ( 'NONE', #3946, .T. ) ;
#2165 = ADVANCED_FACE ( 'NONE', ( #2418 ), #4372, .F. ) ;
#2166 = CARTESIAN_POINT ( 'NONE',  ( 7.575000000000000178, 0.000000000000000000, 0.2250000000000008105 ) ) ;
#2167 = FACE_OUTER_BOUND ( 'NONE', #3265, .T. ) ;
#2168 = DIRECTION ( 'NONE',  ( 0.5773502691896257311, 0.5773502691896257311, -0.5773502691896257311 ) ) ;
#2169 = CARTESIAN_POINT ( 'NONE',  ( 3.408333333333335435, 2.683333333333328685, 3.158333333333329662 ) ) ;
#2170 = ORIENTED_EDGE ( 'NONE', *, *, #2335, .T. ) ;
#2171 = EDGE_CURVE ( 'NONE', #5704, #1992, #990, .T. ) ;
#2172 = LINE ( 'NONE', #1795, #4385 ) ;
#2173 = CARTESIAN_POINT ( 'NONE',  ( 4.274999999999997691, 0.1792893218813485789, -1.745710678118654435 ) ) ;
#2174 = DIRECTION ( 'NONE',  ( -1.000000000000000000, 0.000000000000000000, 0.000000000000000000 ) ) ;
#2175 = ORIENTED_EDGE ( 'NONE', *, *, #4446, .T. ) ;
#2176 =( NAMED_UNIT ( * ) PLANE_ANGLE_UNIT ( ) SI_UNIT ( $, .RADIAN. ) );
#2177 = VECTOR ( 'NONE', #2575, 1000.000000000000000 ) ;
#2178 = VECTOR ( 'NONE', #5592, 1000.000000000000000 ) ;
#2179 = VECTOR ( 'NONE', #895, 1000.000000000000000 ) ;
#2180 = VECTOR ( 'NONE', #724, 1000.000000000000000 ) ;
#2181 = CARTESIAN_POINT ( 'NONE',  ( 4.330089135474556095, 1.899999999999999689, 2.375000000000000888 ) ) ;
#2182 = CARTESIAN_POINT ( 'NONE',  ( 5.524999999999998579, 2.899999999999996803, -0.7749999999999999112 ) ) ;
#2183 = ORIENTED_EDGE ( 'NONE', *, *, #284, .F. ) ;
#2184 = VECTOR ( 'NONE', #6145, 1000.000000000000000 ) ;
#2185 = ORIENTED_EDGE ( 'NONE', *, *, #4623, .T. ) ;
#2186 = AXIS2_PLACEMENT_3D ( 'NONE', #1910, #2376, #3393 ) ;
#2187 = ORIENTED_EDGE ( 'NONE', *, *, #2513, .T. ) ;
#2188 = EDGE_LOOP ( 'NONE', ( #6133, #4122, #689, #3676 ) ) ;
#2189 = STYLED_ITEM ( 'NONE', ( #516 ), #308 ) ;
#2190 = VECTOR ( 'NONE', #3463, 1000.000000000000000 ) ;
#2191 = CARTESIAN_POINT ( 'NONE',  ( 4.274999999999998579, 1.449999999999999956, -1.224999999999999645 ) ) ;
#2192 = VECTOR ( 'NONE', #6284, 1000.000000000000000 ) ;
#2193 = DIRECTION ( 'NONE',  ( -1.000000000000000000, 0.000000000000000000, 0.000000000000000000 ) ) ;
#2194 = LINE ( 'NONE', #6047, #5554 ) ;
#2195 = VERTEX_POINT ( 'NONE', #513 ) ;
#2196 = ORIENTED_EDGE ( 'NONE', *, *, #4075, .F. ) ;
#2197 = EDGE_CURVE ( 'NONE', #3836, #4806, #2446, .T. ) ;
#2198 = EDGE_CURVE ( 'NONE', #6009, #4538, #66, .T. ) ;
#2199 = DIRECTION ( 'NONE',  ( -0.000000000000000000, 0.000000000000000000, -1.000000000000000000 ) ) ;
#2200 = CARTESIAN_POINT ( 'NONE',  ( 4.624999999999998224, 4.049999999999999822, 0.2749999999999995226 ) ) ;
#2201 = LINE ( 'NONE', #5111, #5948 ) ;
#2202 = LINE ( 'NONE', #1340, #3921 ) ;
#2203 = DIRECTION ( 'NONE',  ( 0.000000000000000000, 1.000000000000000000, 0.000000000000000000 ) ) ;
#2204 = ORIENTED_EDGE ( 'NONE', *, *, #5442, .F. ) ;
#2205 = EDGE_CURVE ( 'NONE', #838, #3019, #1115, .T. ) ;
#2206 = FILL_AREA_STYLE ('',( #274 ) ) ;
#2207 = SURFACE_STYLE_FILL_AREA ( #3252 ) ;
#2208 = LINE ( 'NONE', #3639, #5550 ) ;
#2209 = DIRECTION ( 'NONE',  ( 0.000000000000000000, 0.7071067811865405783, 0.7071067811865545671 ) ) ;
#2210 = LINE ( 'NONE', #565, #3211 ) ;
#2211 = DIRECTION ( 'NONE',  ( 1.000000000000000000, 0.000000000000000000, 0.000000000000000000 ) ) ;
#2212 = LINE ( 'NONE', #6102, #4219 ) ;
#2213 = EDGE_CURVE ( 'NONE', #4767, #5312, #2953, .T. ) ;
#2214 = AXIS2_PLACEMENT_3D ( 'NONE', #3701, #2824, #338 ) ;
#2215 = DIRECTION ( 'NONE',  ( 0.000000000000000000, 0.000000000000000000, -1.000000000000000000 ) ) ;
#2216 = ORIENTED_EDGE ( 'NONE', *, *, #1235, .F. ) ;
#2217 = ORIENTED_EDGE ( 'NONE', *, *, #4964, .F. ) ;
#2218 = ORIENTED_EDGE ( 'NONE', *, *, #68, .F. ) ;
#2219 = AXIS2_PLACEMENT_3D ( 'NONE', #5184, #4127, #2717 ) ;
#2220 = EDGE_CURVE ( 'NONE', #5042, #5193, #3460, .T. ) ;
#2221 = LINE ( 'NONE', #4168, #4568 ) ;
#2222 = ADVANCED_FACE ( 'NONE', ( #5917 ), #2066, .F. ) ;
#2223 = DIRECTION ( 'NONE',  ( -0.000000000000000000, 0.000000000000000000, 1.000000000000000000 ) ) ;
#2224 = DIRECTION ( 'NONE',  ( -0.000000000000000000, -0.000000000000000000, 1.000000000000000000 ) ) ;
#2225 =( GEOMETRIC_REPRESENTATION_CONTEXT ( 3 ) GLOBAL_UNCERTAINTY_ASSIGNED_CONTEXT ( ( #4263 ) ) GLOBAL_UNIT_ASSIGNED_CONTEXT ( ( #492, #1466, #3887 ) ) REPRESENTATION_CONTEXT ( 'NONE', 'WORKASPACE' ) );
#2226 = ORIENTED_EDGE ( 'NONE', *, *, #613, .T. ) ;
#2227 = PLANE ( 'NONE',  #6058 ) ;
#2228 = ORIENTED_EDGE ( 'NONE', *, *, #1031, .T. ) ;
#2229 = ORIENTED_EDGE ( 'NONE', *, *, #5682, .F. ) ;
#2230 = FACE_OUTER_BOUND ( 'NONE', #3812, .T. ) ;
#2231 = CARTESIAN_POINT ( 'NONE',  ( 10.00000000000000000, 0.000000000000000000, -1.224999999999999645 ) ) ;
#2232 = EDGE_CURVE ( 'NONE', #5, #5542, #3493, .T. ) ;
#2233 = FACE_OUTER_BOUND ( 'NONE', #1121, .T. ) ;
#2234 = CARTESIAN_POINT ( 'NONE',  ( 7.781793621149187601, 3.449999999999999734, 0.2950000000000000400 ) ) ;
#2235 = DIRECTION ( 'NONE',  ( -1.000000000000000000, 0.000000000000000000, -0.000000000000000000 ) ) ;
#2236 = ORIENTED_EDGE ( 'NONE', *, *, #2606, .F. ) ;
#2237 = EDGE_CURVE ( 'NONE', #4657, #4504, #3053, .T. ) ;
#2238 = DIRECTION ( 'NONE',  ( 0.000000000000000000, 0.000000000000000000, -1.000000000000000000 ) ) ;
#2239 = VECTOR ( 'NONE', #2681, 1000.000000000000114 ) ;
#2240 = LINE ( 'NONE', #2268, #396 ) ;
#2241 = VECTOR ( 'NONE', #5851, 1000.000000000000000 ) ;
#2242 = CARTESIAN_POINT ( 'NONE',  ( 4.474999999999996980, 0.1000000000000020872, -1.224999999999998312 ) ) ;
#2243 = CARTESIAN_POINT ( 'NONE',  ( 4.474999999999997868, 1.199999999999999734, 0.1750000000000000722 ) ) ;
#2244 = ORIENTED_EDGE ( 'NONE', *, *, #4413, .F. ) ;
#2245 = CARTESIAN_POINT ( 'NONE',  ( 5.374999999999999112, 1.449999999999999956, 0.3750000000000000555 ) ) ;
#2246 = CARTESIAN_POINT ( 'NONE',  ( 5.524999999999997691, 0.3500000000000009215, -1.324999999999999512 ) ) ;
#2247 = ADVANCED_FACE ( 'NONE', ( #3023 ), #2035, .F. ) ;
#2248 = CARTESIAN_POINT ( 'NONE',  ( -6.875000000000000000, 1.449999999999999956, 0.3750000000000001110 ) ) ;
#2249 = FACE_OUTER_BOUND ( 'NONE', #4441, .T. ) ;
#2250 = ORIENTED_EDGE ( 'NONE', *, *, #4907, .F. ) ;
#2251 = EDGE_LOOP ( 'NONE', ( #4818, #4106, #5856, #1583 ) ) ;
#2252 = VERTEX_POINT ( 'NONE', #546 ) ;
#2253 = CARTESIAN_POINT ( 'NONE',  ( 7.375000000000000888, 0.000000000000000000, 0.000000000000000000 ) ) ;
#2254 = AXIS2_PLACEMENT_3D ( 'NONE', #5234, #4703, #330 ) ;
#2255 = FACE_OUTER_BOUND ( 'NONE', #4390, .T. ) ;
#2256 = CARTESIAN_POINT ( 'NONE',  ( 6.000000000000000888, 0.000000000000000000, 2.075000000000000622 ) ) ;
#2257 = ORIENTED_EDGE ( 'NONE', *, *, #878, .F. ) ;
#2258 = CARTESIAN_POINT ( 'NONE',  ( 17.87500000000000355, 1.999999999999999112, 2.475000000000000089 ) ) ;
#2259 = ORIENTED_EDGE ( 'NONE', *, *, #5549, .T. ) ;
#2260 = VECTOR ( 'NONE', #5319, 1000.000000000000000 ) ;
#2261 = CARTESIAN_POINT ( 'NONE',  ( 2.125000000000000000, 0.5999999999999999778, 1.825000000000000622 ) ) ;
#2262 = PLANE ( 'NONE',  #2342 ) ;
#2263 = CARTESIAN_POINT ( 'NONE',  ( 4.474999999999996980, 0.3000000000000009881, -1.625000000000000888 ) ) ;
#2264 = CARTESIAN_POINT ( 'NONE',  ( 4.330089135474556095, 0.5999999999999999778, 1.825000000000000622 ) ) ;
#2265 = DIRECTION ( 'NONE',  ( 0.000000000000000000, 1.000000000000000000, 0.000000000000000000 ) ) ;
#2266 = VECTOR ( 'NONE', #4963, 1000.000000000000000 ) ;
#2267 = DIRECTION ( 'NONE',  ( 0.000000000000000000, 0.9284766908852604139, -0.3713906763541011125 ) ) ;
#2268 = CARTESIAN_POINT ( 'NONE',  ( 6.000000000000000888, 4.049999999999999822, 2.075000000000000622 ) ) ;
#2269 = CARTESIAN_POINT ( 'NONE',  ( 5.524999999999998579, 4.049999999999999822, -1.224999999999999645 ) ) ;
#2270 = CARTESIAN_POINT ( 'NONE',  ( 4.474999999999997868, 1.199999999999999734, 0.1750000000000000722 ) ) ;
#2271 = EDGE_CURVE ( 'NONE', #2008, #4504, #4979, .T. ) ;
#2272 = LINE ( 'NONE', #1351, #643 ) ;
#2273 = CARTESIAN_POINT ( 'NONE',  ( 4.274999999999998579, 3.450000000000001510, 1.870248747537497357E-14 ) ) ;
#2274 = DIRECTION ( 'NONE',  ( -1.000000000000000000, -0.000000000000000000, 0.000000000000000000 ) ) ;
#2275 = AXIS2_PLACEMENT_3D ( 'NONE', #4, #2325, #4277 ) ;
#2276 = LINE ( 'NONE', #374, #1470 ) ;
#2277 = VERTEX_POINT ( 'NONE', #4947 ) ;
#2278 = ORIENTED_EDGE ( 'NONE', *, *, #2895, .T. ) ;
#2279 = VECTOR ( 'NONE', #4871, 1000.000000000000000 ) ;
#2280 = ORIENTED_EDGE ( 'NONE', *, *, #5378, .T. ) ;
#2281 = DIRECTION ( 'NONE',  ( -0.000000000000000000, -0.000000000000000000, -1.000000000000000000 ) ) ;
#2282 = CARTESIAN_POINT ( 'NONE',  ( 4.624999999999998224, 3.250000000000000000, 0.6750000000000004885 ) ) ;
#2283 = VECTOR ( 'NONE', #409, 1000.000000000000000 ) ;
#2284 = CARTESIAN_POINT ( 'NONE',  ( 7.774999999999999467, 0.000000000000000000, 0.000000000000000000 ) ) ;
#2285 = VERTEX_POINT ( 'NONE', #6015 ) ;
#2286 = VECTOR ( 'NONE', #3073, 1000.000000000000000 ) ;
#2287 = CARTESIAN_POINT ( 'NONE',  ( 5.724999999999998757, 3.299999999999999822, -0.9349999999999998312 ) ) ;
#2288 = EDGE_LOOP ( 'NONE', ( #4197, #6039, #5410, #7 ) ) ;
#2289 = VERTEX_POINT ( 'NONE', #5448 ) ;
#2290 = VERTEX_POINT ( 'NONE', #2546 ) ;
#2291 = VECTOR ( 'NONE', #3871, 1000.000000000000000 ) ;
#2292 = VECTOR ( 'NONE', #1491, 1000.000000000000000 ) ;
#2293 = CARTESIAN_POINT ( 'NONE',  ( 4.274999999999998579, 3.299999999999999822, -0.7749999999999999112 ) ) ;
#2294 = LINE ( 'NONE', #2166, #1133 ) ;
#2295 = LINE ( 'NONE', #1791, #5641 ) ;
#2296 = DIRECTION ( 'NONE',  ( -0.000000000000000000, 0.000000000000000000, 1.000000000000000000 ) ) ;
#2297 = DIRECTION ( 'NONE',  ( 0.000000000000000000, 0.000000000000000000, 1.000000000000000000 ) ) ;
#2298 = ORIENTED_EDGE ( 'NONE', *, *, #5243, .T. ) ;
#2299 = LINE ( 'NONE', #3758, #1409 ) ;
#2300 = CARTESIAN_POINT ( 'NONE',  ( 5.724999999999997868, 2.575000000000000178, -1.200000000000000178 ) ) ;
#2301 = EDGE_CURVE ( 'NONE', #5831, #4874, #99, .T. ) ;
#2302 = CARTESIAN_POINT ( 'NONE',  ( 5.874999999999997335, 3.950000000000000178, 0.1750000000000000999 ) ) ;
#2303 = LINE ( 'NONE', #5619, #1745 ) ;
#2304 = CARTESIAN_POINT ( 'NONE',  ( 5.375000000000001776, 0.000000000000000000, 0.000000000000000000 ) ) ;
#2305 = DIRECTION ( 'NONE',  ( -1.000000000000000000, -0.000000000000000000, -0.000000000000000000 ) ) ;
#2306 = LINE ( 'NONE', #6254, #4639 ) ;
#2307 = EDGE_CURVE ( 'NONE', #2862, #5565, #2098, .T. ) ;
#2308 = VERTEX_POINT ( 'NONE', #1618 ) ;
#2309 = VERTEX_POINT ( 'NONE', #4501 ) ;
#2310 = ADVANCED_FACE ( 'NONE', ( #4467 ), #1147, .T. ) ;
#2311 = VERTEX_POINT ( 'NONE', #3976 ) ;
#2312 = VECTOR ( 'NONE', #2772, 1000.000000000000114 ) ;
#2313 = DIRECTION ( 'NONE',  ( -0.000000000000000000, -0.000000000000000000, -1.000000000000000000 ) ) ;
#2314 = DIRECTION ( 'NONE',  ( 1.000000000000000000, -0.000000000000000000, -0.000000000000000000 ) ) ;
#2315 = EDGE_CURVE ( 'NONE', #5823, #4994, #130, .T. ) ;
#2316 = PRODUCT_RELATED_PRODUCT_CATEGORY ( 'part', '', ( #2431 ) ) ;
#2317 = CARTESIAN_POINT ( 'NONE',  ( 4.474999999999999645, 4.049999999999999822, -1.224999999999999645 ) ) ;
#2318 = DIRECTION ( 'NONE',  ( 1.000000000000000000, 0.000000000000000000, 0.000000000000000000 ) ) ;
#2319 = ORIENTED_EDGE ( 'NONE', *, *, #4898, .T. ) ;
#2320 = EDGE_LOOP ( 'NONE', ( #1, #2218, #1754, #2473 ) ) ;
#2321 = EDGE_CURVE ( 'NONE', #3685, #5681, #165, .T. ) ;
#2322 = ORIENTED_EDGE ( 'NONE', *, *, #5771, .F. ) ;
#2323 = PLANE ( 'NONE',  #3328 ) ;
#2324 = CARTESIAN_POINT ( 'NONE',  ( 3.624999999999999556, 3.950000000000000178, 0.8749999999999996669 ) ) ;
#2325 = DIRECTION ( 'NONE',  ( 0.000000000000000000, 1.000000000000000000, 0.000000000000000000 ) ) ;
#2326 = DIRECTION ( 'NONE',  ( 0.000000000000000000, -0.000000000000000000, -1.000000000000000000 ) ) ;
#2327 = EDGE_CURVE ( 'NONE', #222, #715, #4563, .T. ) ;
#2328 = VERTEX_POINT ( 'NONE', #197 ) ;
#2329 = DIRECTION ( 'NONE',  ( 0.000000000000000000, 1.000000000000000000, 0.000000000000000000 ) ) ;
#2330 =( LENGTH_UNIT ( ) NAMED_UNIT ( * ) SI_UNIT ( .MILLI., .METRE. ) );
#2331 = PLANE ( 'NONE',  #464 ) ;
#2332 = ORIENTED_EDGE ( 'NONE', *, *, #1572, .T. ) ;
#2333 = LINE ( 'NONE', #4284, #5608 ) ;
#2334 = EDGE_CURVE ( 'NONE', #4182, #518, #2126, .T. ) ;
#2335 = EDGE_CURVE ( 'NONE', #4503, #4883, #5598, .T. ) ;
#2336 = DIRECTION ( 'NONE',  ( 0.000000000000000000, 0.000000000000000000, -1.000000000000000000 ) ) ;
#2337 = CARTESIAN_POINT ( 'NONE',  ( 2.125000000000000000, 2.349999999999999645, 0.6750000000000002665 ) ) ;
#2338 = LINE ( 'NONE', #4228, #3391 ) ;
#2339 = CARTESIAN_POINT ( 'NONE',  ( 4.474999999999998757, 3.299999999999999822, -0.7749999999999999112 ) ) ;
#2340 = ORIENTED_EDGE ( 'NONE', *, *, #2004, .T. ) ;
#2341 = ORIENTED_EDGE ( 'NONE', *, *, #1095, .T. ) ;
#2342 = AXIS2_PLACEMENT_3D ( 'NONE', #2675, #1281, #4633 ) ;
#2343 = CARTESIAN_POINT ( 'NONE',  ( 2.166666666666669183, 3.491666666666668473, -0.9166666666666677399 ) ) ;
#2344 = PLANE ( 'NONE',  #3195 ) ;
#2345 = EDGE_CURVE ( 'NONE', #4595, #5831, #3294, .T. ) ;
#2346 = CARTESIAN_POINT ( 'NONE',  ( 3.999999999999999112, 3.850000000000000977, 0.6750000000000004885 ) ) ;
#2347 = EDGE_CURVE ( 'NONE', #599, #1842, #5130, .T. ) ;
#2348 = CARTESIAN_POINT ( 'NONE',  ( 6.375000000000000888, 3.950000000000000178, 0.3749999999999998335 ) ) ;
#2349 = ORIENTED_EDGE ( 'NONE', *, *, #1384, .F. ) ;
#2350 = CLOSED_SHELL ( 'NONE', ( #2635, #3158, #4030, #833, #1738, #3206, #1498, #3543, #1333, #2044, #810, #5564, #2583, #5931, #5068 ) ) ;
#2351 = EDGE_CURVE ( 'NONE', #4041, #4975, #2704, .T. ) ;
#2352 = AXIS2_PLACEMENT_3D ( 'NONE', #2744, #1221, #2235 ) ;
#2353 = LINE ( 'NONE', #1878, #2808 ) ;
#2354 = CARTESIAN_POINT ( 'NONE',  ( 5.524999999999997691, -0.04999999999999636680, -2.375000000000000000 ) ) ;
#2355 = CARTESIAN_POINT ( 'NONE',  ( 7.375000000000000888, 1.899999999999999689, 2.475000000000000533 ) ) ;
#2356 = EDGE_CURVE ( 'NONE', #5853, #3019, #2639, .T. ) ;
#2357 = CARTESIAN_POINT ( 'NONE',  ( 7.375000000000000000, 2.899999999999999911, 0.1750000000000002387 ) ) ;
#2358 = STYLED_ITEM ( 'NONE', ( #3162 ), #2628 ) ;
#2359 = EDGE_LOOP ( 'NONE', ( #1979, #5269, #4949, #1130, #5752 ) ) ;
#2360 = EDGE_CURVE ( 'NONE', #5699, #3683, #802, .T. ) ;
#2361 = CARTESIAN_POINT ( 'NONE',  ( 7.375000000000000888, 1.899999999999999911, 1.825000000000000622 ) ) ;
#2362 = FACE_OUTER_BOUND ( 'NONE', #2448, .T. ) ;
#2363 = DIRECTION ( 'NONE',  ( 0.000000000000000000, 1.000000000000000000, 0.000000000000000000 ) ) ;
#2364 = ADVANCED_FACE ( 'NONE', ( #4594 ), #1685, .F. ) ;
#2365 = ORIENTED_EDGE ( 'NONE', *, *, #4779, .T. ) ;
#2366 = CARTESIAN_POINT ( 'NONE',  ( 2.375000000000000444, 2.899999999999999911, 0.1750000000000002387 ) ) ;
#2367 = PLANE ( 'NONE',  #1105 ) ;
#2368 = DIRECTION ( 'NONE',  ( 0.000000000000000000, -0.7071067811865440200, -0.7071067811865511255 ) ) ;
#2369 = LINE ( 'NONE', #4323, #4223 ) ;
#2370 = VERTEX_POINT ( 'NONE', #5103 ) ;
#2371 = ORIENTED_EDGE ( 'NONE', *, *, #2925, .F. ) ;
#2372 = PRODUCT_DEFINITION_SHAPE ( 'NONE', 'NONE',  #1196 ) ;
#2373 = FACE_OUTER_BOUND ( 'NONE', #5912, .T. ) ;
#2374 = CARTESIAN_POINT ( 'NONE',  ( 4.474999999999996980, 0.2500000000000037748, -1.816421356237308826 ) ) ;
#2375 = CARTESIAN_POINT ( 'NONE',  ( 5.724999999999997868, 0.4999999999999998890, -0.8249999999999997335 ) ) ;
#2376 = DIRECTION ( 'NONE',  ( -1.000000000000000000, 0.000000000000000000, 0.000000000000000000 ) ) ;
#2377 = ORIENTED_EDGE ( 'NONE', *, *, #1195, .F. ) ;
#2378 = VERTEX_POINT ( 'NONE', #287 ) ;
#2379 = ORIENTED_EDGE ( 'NONE', *, *, #3000, .F. ) ;
#2380 = VECTOR ( 'NONE', #3556, 1000.000000000000114 ) ;
#2382 = CARTESIAN_POINT ( 'NONE',  ( 4.274999999999997691, 0.09999999999999999167, -0.8250000000000010658 ) ) ;
#2381 = VECTOR ( 'NONE', #5259, 1000.000000000000000 ) ;
#2383 = VECTOR ( 'NONE', #1796, 1000.000000000000000 ) ;
#2384 = CARTESIAN_POINT ( 'NONE',  ( 4.624999999999998224, 4.049999999999999822, 0.1750000000000000999 ) ) ;
#2385 = CARTESIAN_POINT ( 'NONE',  ( 2.375000000000000444, 3.399999999999999911, 0.1750000000000002387 ) ) ;
#2386 = ORIENTED_EDGE ( 'NONE', *, *, #3167, .T. ) ;
#2387 = CARTESIAN_POINT ( 'NONE',  ( 0.000000000000000000, 0.000000000000000000, 0.000000000000000000 ) ) ;
#2388 = PLANE ( 'NONE',  #1283 ) ;
#2389 = EDGE_CURVE ( 'NONE', #837, #3236, #2765, .T. ) ;
#2390 = ORIENTED_EDGE ( 'NONE', *, *, #537, .F. ) ;
#2391 = VECTOR ( 'NONE', #4920, 1000.000000000000000 ) ;
#2392 = VECTOR ( 'NONE', #1303, 1000.000000000000000 ) ;
#2393 = VECTOR ( 'NONE', #2168, 999.9999999999998863 ) ;
#2394 = ORIENTED_EDGE ( 'NONE', *, *, #6199, .T. ) ;
#2395 = VECTOR ( 'NONE', #3178, 1000.000000000000000 ) ;
#2396 = CARTESIAN_POINT ( 'NONE',  ( 4.124999999999999112, 4.049999999999999822, 0.4749999999999995337 ) ) ;
#2397 = DIRECTION ( 'NONE',  ( 0.000000000000000000, -0.000000000000000000, -1.000000000000000000 ) ) ;
#2398 = PLANE ( 'NONE',  #331 ) ;
#2399 = VECTOR ( 'NONE', #1475, 1000.000000000000114 ) ;
#2400 = EDGE_CURVE ( 'NONE', #28, #2012, #1270, .T. ) ;
#2401 = VERTEX_POINT ( 'NONE', #6110 ) ;
#2402 = LINE ( 'NONE', #4356, #1383 ) ;
#2403 = DIRECTION ( 'NONE',  ( 0.000000000000000000, 0.000000000000000000, 1.000000000000000000 ) ) ;
#2404 = CARTESIAN_POINT ( 'NONE',  ( 5.724999999999997868, 4.049999999999999822, 0.4749999999999995337 ) ) ;
#2405 = VERTEX_POINT ( 'NONE', #6169 ) ;
#2406 = VERTEX_POINT ( 'NONE', #226 ) ;
#2407 = CARTESIAN_POINT ( 'NONE',  ( -6.875000000000000000, 3.950000000000000178, -1.174999999999999822 ) ) ;
#2408 = LINE ( 'NONE', #4236, #5841 ) ;
#2409 = DIRECTION ( 'NONE',  ( 0.000000000000000000, 0.000000000000000000, -1.000000000000000000 ) ) ;
#2410 = DIRECTION ( 'NONE',  ( -3.066586833366752221E-16, -0.7071067811865473507, 0.7071067811865477948 ) ) ;
#2411 = ORIENTED_EDGE ( 'NONE', *, *, #4932, .F. ) ;
#2412 = EDGE_LOOP ( 'NONE', ( #5198, #2568, #2063, #2608, #2007, #1092 ) ) ;
#2413 = EDGE_CURVE ( 'NONE', #1453, #1589, #1809, .T. ) ;
#2414 = EDGE_CURVE ( 'NONE', #5342, #5824, #2158, .T. ) ;
#2415 = CARTESIAN_POINT ( 'NONE',  ( 7.625000000000000000, 2.899999999999999911, 0.1750000000000002387 ) ) ;
#2416 = VECTOR ( 'NONE', #5286, 1000.000000000000000 ) ;
#2417 = FACE_OUTER_BOUND ( 'NONE', #420, .T. ) ;
#2418 = FACE_OUTER_BOUND ( 'NONE', #825, .T. ) ;
#2419 = ORIENTED_EDGE ( 'NONE', *, *, #2327, .T. ) ;
#2420 = LINE ( 'NONE', #1459, #2292 ) ;
#2421 = VECTOR ( 'NONE', #5951, 1000.000000000000000 ) ;
#2422 = DIRECTION ( 'NONE',  ( -0.000000000000000000, 1.000000000000000000, 5.251604272976699968E-15 ) ) ;
#2423 = ORIENTED_EDGE ( 'NONE', *, *, #6294, .T. ) ;
#2424 = VERTEX_POINT ( 'NONE', #1749 ) ;
#2425 = ORIENTED_EDGE ( 'NONE', *, *, #300, .F. ) ;
#2426 = DIRECTION ( 'NONE',  ( 1.000000000000000000, 0.000000000000000000, 0.000000000000000000 ) ) ;
#2427 = LINE ( 'NONE', #3889, #1576 ) ;
#2428 = CARTESIAN_POINT ( 'NONE',  ( 4.274999999999998579, 3.050000000000000266, -0.1050000000000000655 ) ) ;
#2429 = EDGE_CURVE ( 'NONE', #4230, #2561, #254, .T. ) ;
#2430 = EDGE_LOOP ( 'NONE', ( #2954, #456, #2637, #3191 ) ) ;
#2431 = PRODUCT ( 'BM02B-GHS-TBT (LF)(SN)(N)', 'BM02B-GHS-TBT (LF)(SN)(N)', '', ( #5956 ) ) ;
#2432 = DIRECTION ( 'NONE',  ( -1.000000000000000000, 0.000000000000000000, 1.807003620809174632E-16 ) ) ;
#2433 = DIRECTION ( 'NONE',  ( 1.000000000000000000, 0.000000000000000000, 4.336808689942021680E-16 ) ) ;
#2434 = CARTESIAN_POINT ( 'NONE',  ( 3.624999999999999556, 0.7428932188134522718, 0.8749999999999996669 ) ) ;
#2435 = EDGE_LOOP ( 'NONE', ( #4142, #1324, #5913, #5944, #5509, #1436 ) ) ;
#2436 = EDGE_CURVE ( 'NONE', #1372, #2948, #4625, .T. ) ;
#2437 = FACE_OUTER_BOUND ( 'NONE', #1744, .T. ) ;
#2438 = DIRECTION ( 'NONE',  ( 0.000000000000000000, 1.000000000000000000, 0.000000000000000000 ) ) ;
#2439 = VECTOR ( 'NONE', #2703, 1000.000000000000000 ) ;
#2440 = CARTESIAN_POINT ( 'NONE',  ( 6.375000000000000888, 3.950000000000000178, 0.8749999999999996669 ) ) ;
#2441 = VERTEX_POINT ( 'NONE', #835 ) ;
#2442 = ADVANCED_FACE ( 'NONE', ( #4726 ), #5541, .F. ) ;
#2443 = AXIS2_PLACEMENT_3D ( 'NONE', #997, #5796, #2934 ) ;
#2444 = CARTESIAN_POINT ( 'NONE',  ( 4.474999999999998757, 3.299999999999999822, -1.224999999999999645 ) ) ;
#2445 = DIRECTION ( 'NONE',  ( 0.000000000000000000, 0.000000000000000000, -1.000000000000000000 ) ) ;
#2446 = LINE ( 'NONE', #1019, #2986 ) ;
#2447 = ORIENTED_EDGE ( 'NONE', *, *, #1132, .F. ) ;
#2448 = EDGE_LOOP ( 'NONE', ( #4081, #2709, #4502, #3920, #3977, #3655 ) ) ;
#2449 = DIRECTION ( 'NONE',  ( 0.000000000000000000, 1.000000000000000000, 0.000000000000000000 ) ) ;
#2450 = ORIENTED_EDGE ( 'NONE', *, *, #1640, .F. ) ;
#2451 = CLOSED_SHELL ( 'NONE', ( #2892, #924, #2040, #5252, #1836, #4607, #3397, #5601, #726, #2834, #1783, #6131, #5391, #385, #211 ) ) ;
#2452 = DIRECTION ( 'NONE',  ( -1.000000000000000000, -0.000000000000000000, 0.000000000000000000 ) ) ;
#2453 = PLANE ( 'NONE',  #1926 ) ;
#2454 = CARTESIAN_POINT ( 'NONE',  ( 7.375000000000000000, 1.800000000000000044, -1.175000000000000044 ) ) ;
#2455 = CARTESIAN_POINT ( 'NONE',  ( 7.575000000000000178, 0.000000000000000000, 2.475000000000000089 ) ) ;
#2456 = VECTOR ( 'NONE', #5241, 1000.000000000000000 ) ;
#2457 = CARTESIAN_POINT ( 'NONE',  ( 7.375000000000000888, 0.5999999999999999778, 1.825000000000000622 ) ) ;
#2458 = ADVANCED_FACE ( 'NONE', ( #2735 ), #4692, .F. ) ;
#2459 = VERTEX_POINT ( 'NONE', #4202 ) ;
#2460 = LINE ( 'NONE', #5397, #3008 ) ;
#2461 = DIRECTION ( 'NONE',  ( 0.000000000000000000, 0.000000000000000000, 1.000000000000000000 ) ) ;
#2462 = CARTESIAN_POINT ( 'NONE',  ( -6.875000000000000000, 3.950000000000000178, -1.174999999999999822 ) ) ;
#2463 = ORIENTED_EDGE ( 'NONE', *, *, #1934, .F. ) ;
#2464 = ORIENTED_EDGE ( 'NONE', *, *, #3490, .F. ) ;
#2465 = ORIENTED_EDGE ( 'NONE', *, *, #3552, .F. ) ;
#2466 = ADVANCED_FACE ( 'NONE', ( #6138 ), #1299, .F. ) ;
#2467 = DIRECTION ( 'NONE',  ( 0.000000000000000000, 0.000000000000000000, -1.000000000000000000 ) ) ;
#2468 = DIRECTION ( 'NONE',  ( 0.000000000000000000, 0.000000000000000000, -1.000000000000000000 ) ) ;
#2469 = ORIENTED_EDGE ( 'NONE', *, *, #2640, .F. ) ;
#2470 = ORIENTED_EDGE ( 'NONE', *, *, #5095, .T. ) ;
#2471 = EDGE_CURVE ( 'NONE', #2195, #867, #5431, .T. ) ;
#2472 = ORIENTED_EDGE ( 'NONE', *, *, #4495, .T. ) ;
#2473 = ORIENTED_EDGE ( 'NONE', *, *, #3729, .F. ) ;
#2474 = LINE ( 'NONE', #4977, #393 ) ;
#2475 = DIRECTION ( 'NONE',  ( -1.000000000000000000, 0.000000000000000000, 0.000000000000000000 ) ) ;
#2476 = CARTESIAN_POINT ( 'NONE',  ( 7.375000000000000888, 0.000000000000000000, 0.2250000000000008105 ) ) ;
#2477 = ORIENTED_EDGE ( 'NONE', *, *, #892, .F. ) ;
#2478 = EDGE_LOOP ( 'NONE', ( #1857, #6191, #247, #5576 ) ) ;
#2479 = ORIENTED_EDGE ( 'NONE', *, *, #728, .T. ) ;
#2480 = VECTOR ( 'NONE', #1716, 1000.000000000000114 ) ;
#2481 = LINE ( 'NONE', #2549, #1683 ) ;
#2482 = ORIENTED_EDGE ( 'NONE', *, *, #3585, .F. ) ;
#2483 = ORIENTED_EDGE ( 'NONE', *, *, #4583, .F. ) ;
#2484 = VECTOR ( 'NONE', #3044, 1000.000000000000000 ) ;
#2485 = VECTOR ( 'NONE', #2852, 1000.000000000000000 ) ;
#2486 = DIRECTION ( 'NONE',  ( 0.000000000000000000, -1.000000000000000000, -3.252606517456514091E-15 ) ) ;
#2487 = DIRECTION ( 'NONE',  ( 0.000000000000000000, 1.000000000000000000, 0.000000000000000000 ) ) ;
#2488 = DIRECTION ( 'NONE',  ( 0.000000000000000000, 3.336006684570783101E-16, -1.000000000000000000 ) ) ;
#2489 = CARTESIAN_POINT ( 'NONE',  ( 2.125000000000000000, 0.4999999999999998890, -0.8249999999999997335 ) ) ;
#2490 = VECTOR ( 'NONE', #4514, 1000.000000000000000 ) ;
#2491 = VECTOR ( 'NONE', #138, 1000.000000000000000 ) ;
#2492 = CARTESIAN_POINT ( 'NONE',  ( 2.725000000000000089, 1.999999999999999112, 2.475000000000000089 ) ) ;
#2493 = LINE ( 'NONE', #1032, #535 ) ;
#2494 = AXIS2_PLACEMENT_3D ( 'NONE', #4547, #3510, #3958 ) ;
#2495 = ORIENTED_EDGE ( 'NONE', *, *, #5513, .T. ) ;
#2496 = VECTOR ( 'NONE', #5544, 1000.000000000000000 ) ;
#2497 = UNCERTAINTY_MEASURE_WITH_UNIT (LENGTH_MEASURE( 1.000000000000000082E-05 ), #5788, 'distance_accuracy_value', 'NONE');
#2498 = CARTESIAN_POINT ( 'NONE',  ( 7.375000000000000888, -0.1499999999999963862, 2.324999999999999734 ) ) ;
#2499 = EDGE_CURVE ( 'NONE', #3413, #3829, #3809, .T. ) ;
#2500 = DIRECTION ( 'NONE',  ( 0.000000000000000000, 0.000000000000000000, -1.000000000000000000 ) ) ;
#2501 = CARTESIAN_POINT ( 'NONE',  ( 2.624999999999999556, 0.5999999999999999778, 1.825000000000000622 ) ) ;
#2502 = EDGE_CURVE ( 'NONE', #3685, #4916, #3841, .T. ) ;
#2503 = CARTESIAN_POINT ( 'NONE',  ( 7.875000000000000000, 2.349999999999999645, 1.675000000000000266 ) ) ;
#2504 = LINE ( 'NONE', #4527, #5046 ) ;
#2505 = ORIENTED_EDGE ( 'NONE', *, *, #3641, .F. ) ;
#2506 = ORIENTED_EDGE ( 'NONE', *, *, #5727, .F. ) ;
#2507 = EDGE_CURVE ( 'NONE', #1980, #6074, #1359, .T. ) ;
#2508 = ADVANCED_FACE ( 'NONE', ( #604 ), #3482, .F. ) ;
#2509 = CARTESIAN_POINT ( 'NONE',  ( 7.275000000000000355, 1.999999999999999112, 2.475000000000000089 ) ) ;
#2510 = CARTESIAN_POINT ( 'NONE',  ( 7.375000000000000000, 1.800000000000000044, -1.374999999999997558 ) ) ;
#2511 = CARTESIAN_POINT ( 'NONE',  ( -7.875000000000000000, 0.4999999999999998890, -1.574999999999999512 ) ) ;
#2512 = VERTEX_POINT ( 'NONE', #1071 ) ;
#2513 = EDGE_CURVE ( 'NONE', #4427, #103, #3331, .T. ) ;
#2514 = EDGE_LOOP ( 'NONE', ( #3999, #1963, #3779, #1264 ) ) ;
#2515 = DIRECTION ( 'NONE',  ( -0.000000000000000000, 0.000000000000000000, 1.000000000000000000 ) ) ;
#2516 = EDGE_LOOP ( 'NONE', ( #5351, #3745, #3308, #136 ) ) ;
#2517 = ORIENTED_EDGE ( 'NONE', *, *, #5533, .F. ) ;
#2518 = EDGE_CURVE ( 'NONE', #1400, #5212, #5226, .T. ) ;
#2519 = LINE ( 'NONE', #5963, #2491 ) ;
#2520 = PLANE ( 'NONE',  #5484 ) ;
#2521 = VECTOR ( 'NONE', #3672, 1000.000000000000000 ) ;
#2522 = CARTESIAN_POINT ( 'NONE',  ( 4.474999999999996980, 0.4999999999999998890, -0.8249999999999997335 ) ) ;
#2523 = CARTESIAN_POINT ( 'NONE',  ( 4.274999999999999467, 4.000000000000000000, -1.224999999999999645 ) ) ;
#2524 = DIRECTION ( 'NONE',  ( 1.000000000000000000, 0.000000000000000000, -1.807003620809174632E-16 ) ) ;
#2525 = CARTESIAN_POINT ( 'NONE',  ( 6.875000000000000000, -13.83708784390703705, -1.174999999999999822 ) ) ;
#2526 = ORIENTED_EDGE ( 'NONE', *, *, #3893, .F. ) ;
#2527 = ORIENTED_EDGE ( 'NONE', *, *, #4976, .T. ) ;
#2528 = VECTOR ( 'NONE', #12, 1000.000000000000000 ) ;
#2529 = CARTESIAN_POINT ( 'NONE',  ( -6.875000000000000000, 3.950000000000000178, 0.3750000000000001110 ) ) ;
#2530 = DIRECTION ( 'NONE',  ( 1.000000000000000000, 0.000000000000000000, -0.000000000000000000 ) ) ;
#2531 = VECTOR ( 'NONE', #2961, 1000.000000000000000 ) ;
#2532 = LINE ( 'NONE', #670, #4541 ) ;
#2533 = EDGE_LOOP ( 'NONE', ( #581, #666, #3287, #2869 ) ) ;
#2534 = DIRECTION ( 'NONE',  ( 1.000000000000000000, -3.336006684570783101E-16, 0.000000000000000000 ) ) ;
#2535 = ORIENTED_EDGE ( 'NONE', *, *, #1789, .T. ) ;
#2536 = EDGE_CURVE ( 'NONE', #770, #904, #3272, .T. ) ;
#2537 = DIRECTION ( 'NONE',  ( 0.000000000000000000, 0.000000000000000000, -1.000000000000000000 ) ) ;
#2538 = CARTESIAN_POINT ( 'NONE',  ( -7.875000000000000000, 0.4999999999999998890, -0.8249999999999997335 ) ) ;
#2539 = ORIENTED_EDGE ( 'NONE', *, *, #4490, .T. ) ;
#2540 = ORIENTED_EDGE ( 'NONE', *, *, #3124, .T. ) ;
#2541 = VECTOR ( 'NONE', #4910, 1000.000000000000000 ) ;
#2542 = DIRECTION ( 'NONE',  ( 1.000000000000000000, 0.000000000000000000, -0.000000000000000000 ) ) ;
#2543 = ADVANCED_FACE ( 'NONE', ( #864 ), #5781, .F. ) ;
#2544 = MANIFOLD_SOLID_BREP ( 'LPattern2[27]', #2562 ) ;
#2545 = CARTESIAN_POINT ( 'NONE',  ( 6.875000000000000888, 0.2499999999999999445, 2.475000000000000089 ) ) ;
#2546 = CARTESIAN_POINT ( 'NONE',  ( 7.375000000000000888, 1.899999999999999911, 1.825000000000000622 ) ) ;
#2547 = ORIENTED_EDGE ( 'NONE', *, *, #242, .F. ) ;
#2548 = ORIENTED_EDGE ( 'NONE', *, *, #2123, .T. ) ;
#2549 = CARTESIAN_POINT ( 'NONE',  ( 4.474999999999998757, 1.449999999999999956, -1.224999999999999645 ) ) ;
#2550 = ORIENTED_EDGE ( 'NONE', *, *, #5429, .F. ) ;
#2551 = ORIENTED_EDGE ( 'NONE', *, *, #5523, .F. ) ;
#2552 = VECTOR ( 'NONE', #4115, 1000.000000000000000 ) ;
#2553 = EDGE_CURVE ( 'NONE', #5961, #5632, #4783, .T. ) ;
#2554 = CARTESIAN_POINT ( 'NONE',  ( 5.724999999999997868, 0.3000000000000008771, -1.374999999999999778 ) ) ;
#2555 = CARTESIAN_POINT ( 'NONE',  ( 7.875000000000000000, 1.800000000000000044, -1.774999999999999689 ) ) ;
#2556 = EDGE_CURVE ( 'NONE', #5713, #1345, #479, .T. ) ;
#2557 = DIRECTION ( 'NONE',  ( 3.336006684570783101E-16, 1.000000000000000000, 0.000000000000000000 ) ) ;
#2558 = DIRECTION ( 'NONE',  ( -0.000000000000000000, 0.000000000000000000, 1.000000000000000000 ) ) ;
#2559 = LINE ( 'NONE', #5555, #4647 ) ;
#2560 = FACE_OUTER_BOUND ( 'NONE', #5921, .T. ) ;
#2561 = VERTEX_POINT ( 'NONE', #2346 ) ;
#2562 = CLOSED_SHELL ( 'NONE', ( #4987, #4782, #6237, #4610, #1887, #1811, #1854 ) ) ;
#2563 = CARTESIAN_POINT ( 'NONE',  ( 4.969259957225234613E-17, 4.049999999999999822, 0.2750000000000002442 ) ) ;
#2564 = AXIS2_PLACEMENT_3D ( 'NONE', #1957, #3890, #970 ) ;
#2565 = DIRECTION ( 'NONE',  ( 0.000000000000000000, 0.000000000000000000, -1.000000000000000000 ) ) ;
#2566 = DIRECTION ( 'NONE',  ( -1.000000000000000000, -0.000000000000000000, -0.000000000000000000 ) ) ;
#2567 = DIRECTION ( 'NONE',  ( 0.000000000000000000, -0.7071067811865474617, -0.7071067811865474617 ) ) ;
#2568 = ORIENTED_EDGE ( 'NONE', *, *, #6038, .T. ) ;
#2569 = CARTESIAN_POINT ( 'NONE',  ( 7.375000000000000000, 3.399999999999999911, -0.3249999999999997891 ) ) ;
#2570 = LINE ( 'NONE', #5348, #870 ) ;
#2571 = VERTEX_POINT ( 'NONE', #1870 ) ;
#2572 = ORIENTED_EDGE ( 'NONE', *, *, #4599, .F. ) ;
#2573 = LINE ( 'NONE', #5379, #1497 ) ;
#2574 = CARTESIAN_POINT ( 'NONE',  ( 2.125000000000000000, 2.349999999999999645, 1.675000000000000266 ) ) ;
#2575 = DIRECTION ( 'NONE',  ( 0.000000000000000000, 1.000000000000000000, 0.000000000000000000 ) ) ;
#2576 = VERTEX_POINT ( 'NONE', #2859 ) ;
#2577 = CARTESIAN_POINT ( 'NONE',  ( 5.724999999999997868, 3.950000000000000178, 0.3750000000000000000 ) ) ;
#2578 = VERTEX_POINT ( 'NONE', #4813 ) ;
#2579 = ORIENTED_EDGE ( 'NONE', *, *, #4269, .F. ) ;
#2580 = DIRECTION ( 'NONE',  ( 1.000000000000000000, 0.000000000000000000, -0.000000000000000000 ) ) ;
#2581 = CARTESIAN_POINT ( 'NONE',  ( 10.00000000000000000, 4.049999999999999822, 0.2749999999999996336 ) ) ;
#2582 = LINE ( 'NONE', #2017, #3360 ) ;
#2583 = ADVANCED_FACE ( 'NONE', ( #1939 ), #443, .F. ) ;
#2584 = DIRECTION ( 'NONE',  ( -0.000000000000000000, 0.000000000000000000, 1.000000000000000000 ) ) ;
#2585 = LINE ( 'NONE', #1820, #3305 ) ;
#2586 = PLANE ( 'NONE',  #2964 ) ;
#2587 = ORIENTED_EDGE ( 'NONE', *, *, #5037, .T. ) ;
#2588 = AXIS2_PLACEMENT_3D ( 'NONE', #5873, #2467, #3934 ) ;
#2589 = MANIFOLD_SOLID_BREP ( 'Boss-Extrude9', #3983 ) ;
#2590 = VERTEX_POINT ( 'NONE', #1574 ) ;
#2591 = SURFACE_STYLE_FILL_AREA ( #6000 ) ;
#2592 = DIRECTION ( 'NONE',  ( -0.7071067811865490160, -0.000000000000000000, 0.7071067811865460184 ) ) ;
#2593 = EDGE_CURVE ( 'NONE', #5584, #1614, #5528, .T. ) ;
#2594 = VECTOR ( 'NONE', #6195, 1000.000000000000000 ) ;
#2595 = CARTESIAN_POINT ( 'NONE',  ( 6.531793621149187601, 1.449999999999999956, 0.3750000000000000000 ) ) ;
#2596 = VECTOR ( 'NONE', #2851, 999.9999999999998863 ) ;
#2597 =( LENGTH_UNIT ( ) NAMED_UNIT ( * ) SI_UNIT ( .MILLI., .METRE. ) );
#2598 = VECTOR ( 'NONE', #5719, 1000.000000000000000 ) ;
#2599 = VECTOR ( 'NONE', #1760, 1000.000000000000000 ) ;
#2600 = LINE ( 'NONE', #3112, #2990 ) ;
#2601 = LINE ( 'NONE', #282, #4429 ) ;
#2602 = ORIENTED_EDGE ( 'NONE', *, *, #1983, .T. ) ;
#2603 = ORIENTED_EDGE ( 'NONE', *, *, #2471, .F. ) ;
#2604 = DIRECTION ( 'NONE',  ( 1.000000000000000000, -0.000000000000000000, -0.000000000000000000 ) ) ;
#2605 = DIRECTION ( 'NONE',  ( -0.000000000000000000, 0.7071067811865545671, -0.7071067811865405783 ) ) ;
#2606 = EDGE_CURVE ( 'NONE', #3683, #2862, #5093, .T. ) ;
#2607 = ORIENTED_EDGE ( 'NONE', *, *, #4591, .T. ) ;
#2608 = ORIENTED_EDGE ( 'NONE', *, *, #1204, .F. ) ;
#2609 = CARTESIAN_POINT ( 'NONE',  ( 4.474999999999996980, 0.1500000000000032419, -2.474999999999999645 ) ) ;
#2610 = EDGE_LOOP ( 'NONE', ( #2465, #3500, #2517, #2729, #1866, #1890 ) ) ;
#2611 = VERTEX_POINT ( 'NONE', #4096 ) ;
#2612 = EDGE_CURVE ( 'NONE', #1512, #837, #5563, .T. ) ;
#2613 = DIRECTION ( 'NONE',  ( 0.000000000000000000, -0.7071067811865479058, 0.7071067811865472397 ) ) ;
#2614 = LINE ( 'NONE', #3063, #6091 ) ;
#2615 = LINE ( 'NONE', #2522, #4705 ) ;
#2616 = DIRECTION ( 'NONE',  ( -1.000000000000000000, -0.000000000000000000, -0.000000000000000000 ) ) ;
#2617 = CARTESIAN_POINT ( 'NONE',  ( 4.274999999999999467, 1.199999999999999734, 0.1750000000000000722 ) ) ;
#2618 = CARTESIAN_POINT ( 'NONE',  ( 6.875000000000000888, -6.123233995736742617E-17, 0.2250000000000008105 ) ) ;
#2619 = ORIENTED_EDGE ( 'NONE', *, *, #722, .T. ) ;
#2620 = ORIENTED_EDGE ( 'NONE', *, *, #3243, .T. ) ;
#2621 = DIRECTION ( 'NONE',  ( 0.000000000000000000, 1.000000000000000000, 0.000000000000000000 ) ) ;
#2622 = DIRECTION ( 'NONE',  ( 0.000000000000000000, 0.8944271909999175207, 0.4472135954999548191 ) ) ;
#2623 = FACE_OUTER_BOUND ( 'NONE', #5411, .T. ) ;
#2624 = EDGE_CURVE ( 'NONE', #2309, #1372, #3640, .T. ) ;
#2625 = ORIENTED_EDGE ( 'NONE', *, *, #2518, .F. ) ;
#2626 = ORIENTED_EDGE ( 'NONE', *, *, #574, .F. ) ;
#2627 = VECTOR ( 'NONE', #5059, 1000.000000000000000 ) ;
#2628 = MANIFOLD_SOLID_BREP ( 'Boss-Extrude7', #4293 ) ;
#2629 = LINE ( 'NONE', #2659, #4120 ) ;
#2630 = EDGE_CURVE ( 'NONE', #2032, #3059, #3998, .T. ) ;
#2631 = CARTESIAN_POINT ( 'NONE',  ( 2.425000000000000266, -0.1499999999999963862, 2.324999999999999734 ) ) ;
#2632 = ORIENTED_EDGE ( 'NONE', *, *, #273, .F. ) ;
#2633 = VERTEX_POINT ( 'NONE', #4068 ) ;
#2634 = EDGE_LOOP ( 'NONE', ( #6090, #1941, #2792, #1012 ) ) ;
#2635 = ADVANCED_FACE ( 'NONE', ( #4523 ), #2086, .F. ) ;
#2636 = EDGE_CURVE ( 'NONE', #1593, #4261, #3075, .T. ) ;
#2637 = ORIENTED_EDGE ( 'NONE', *, *, #449, .F. ) ;
#2638 = CARTESIAN_POINT ( 'NONE',  ( 4.474999999999996980, 0.4999999999999998890, -0.8249999999999997335 ) ) ;
#2639 = LINE ( 'NONE', #769, #2686 ) ;
#2640 = EDGE_CURVE ( 'NONE', #743, #1750, #1318, .T. ) ;
#2641 = ORIENTED_EDGE ( 'NONE', *, *, #1679, .F. ) ;
#2642 = LINE ( 'NONE', #5451, #5648 ) ;
#2643 = VERTEX_POINT ( 'NONE', #2782 ) ;
#2644 = ORIENTED_EDGE ( 'NONE', *, *, #4621, .T. ) ;
#2645 = DIRECTION ( 'NONE',  ( 1.000000000000000000, -0.000000000000000000, -0.000000000000000000 ) ) ;
#2646 = CARTESIAN_POINT ( 'NONE',  ( 4.274999999999999467, 4.049999999999999822, -1.224999999999999645 ) ) ;
#2647 = PLANE ( 'NONE',  #876 ) ;
#2648 = CARTESIAN_POINT ( 'NONE',  ( -6.875000000000000000, 3.950000000000000178, 0.3750000000000001110 ) ) ;
#2649 = FACE_OUTER_BOUND ( 'NONE', #5000, .T. ) ;
#2650 = VERTEX_POINT ( 'NONE', #335 ) ;
#2651 = AXIS2_PLACEMENT_3D ( 'NONE', #5597, #4078, #4624 ) ;
#2652 = DIRECTION ( 'NONE',  ( 1.000000000000000000, 0.000000000000000000, -0.000000000000000000 ) ) ;
#2653 = EDGE_CURVE ( 'NONE', #1171, #4421, #913, .T. ) ;
#2654 = DIRECTION ( 'NONE',  ( 0.000000000000000000, -8.642948658383689284E-16, -1.000000000000000000 ) ) ;
#2655 = VERTEX_POINT ( 'NONE', #3668 ) ;
#2656 = SURFACE_SIDE_STYLE ('',( #5063 ) ) ;
#2657 = ORIENTED_EDGE ( 'NONE', *, *, #6092, .T. ) ;
#2658 = VECTOR ( 'NONE', #6068, 1000.000000000000000 ) ;
#2659 = CARTESIAN_POINT ( 'NONE',  ( 2.125000000000000000, 0.4999999999999998890, -0.8249999999999997335 ) ) ;
#2660 = LINE ( 'NONE', #3140, #4540 ) ;
#2661 = ORIENTED_EDGE ( 'NONE', *, *, #2821, .F. ) ;
#2662 = EDGE_CURVE ( 'NONE', #5452, #1713, #2820, .T. ) ;
#2663 = ORIENTED_EDGE ( 'NONE', *, *, #262, .T. ) ;
#2664 = VECTOR ( 'NONE', #4222, 999.9999999999998863 ) ;
#2665 = VERTEX_POINT ( 'NONE', #306 ) ;
#2666 = EDGE_LOOP ( 'NONE', ( #386, #506, #5412, #3971, #612, #1385, #4851, #6017 ) ) ;
#2667 = ADVANCED_FACE ( 'NONE', ( #3255 ), #850, .T. ) ;
#2668 = CARTESIAN_POINT ( 'NONE',  ( 2.125000000000000000, 0.6500000000000000222, -1.774999999999999689 ) ) ;
#2669 = ADVANCED_FACE ( 'NONE', ( #4157 ), #4768, .F. ) ;
#2670 = CARTESIAN_POINT ( 'NONE',  ( -4.299999999999998934, 3.850000000000000977, 0.6750000000000004885 ) ) ;
#2671 = CARTESIAN_POINT ( 'NONE',  ( 5.724999999999998757, 1.449999999999999956, -1.224999999999999645 ) ) ;
#2672 = VERTEX_POINT ( 'NONE', #5615 ) ;
#2673 = ORIENTED_EDGE ( 'NONE', *, *, #5682, .T. ) ;
#2674 = CARTESIAN_POINT ( 'NONE',  ( 7.625000000000000000, 2.899999999999999911, 0.1750000000000002387 ) ) ;
#2675 = CARTESIAN_POINT ( 'NONE',  ( 4.330089135474556095, 1.899999999999999911, 1.825000000000000622 ) ) ;
#2676 = DIRECTION ( 'NONE',  ( 0.000000000000000000, -1.000000000000000000, -3.252606517456514091E-15 ) ) ;
#2677 = DIRECTION ( 'NONE',  ( 0.000000000000000000, -0.7071067811865472397, -0.7071067811865479058 ) ) ;
#2678 = CARTESIAN_POINT ( 'NONE',  ( 5.524999999999998579, 1.449999999999999956, -1.224999999999999645 ) ) ;
#2679 = ORIENTED_EDGE ( 'NONE', *, *, #5127, .T. ) ;
#2680 = EDGE_CURVE ( 'NONE', #2195, #5352, #2333, .T. ) ;
#2681 = DIRECTION ( 'NONE',  ( -0.7071067811865490160, -0.000000000000000000, -0.7071067811865460184 ) ) ;
#2682 = FILL_AREA_STYLE ('',( #4250 ) ) ;
#2683 = CARTESIAN_POINT ( 'NONE',  ( 5.669910864525444794, 0.5999999999999999778, 1.825000000000000622 ) ) ;
#2684 = EDGE_LOOP ( 'NONE', ( #3010, #3043, #2708, #4961 ) ) ;
#2685 = EDGE_CURVE ( 'NONE', #3424, #1850, #5154, .T. ) ;
#2686 = VECTOR ( 'NONE', #1242, 1000.000000000000000 ) ;
#2687 = VECTOR ( 'NONE', #1771, 1000.000000000000000 ) ;
#2688 = SHAPE_REPRESENTATION ( 'BMxxB-GHS-TBT_02', ( #4433 ), #4550 ) ;
#2689 = EDGE_CURVE ( 'NONE', #1552, #4539, #5705, .T. ) ;
#2690 = VECTOR ( 'NONE', #1079, 1000.000000000000000 ) ;
#2691 = CARTESIAN_POINT ( 'NONE',  ( 4.624999999999998224, 2.250000000000000000, 0.6750000000000004885 ) ) ;
#2692 = AXIS2_PLACEMENT_3D ( 'NONE', #603, #5561, #2654 ) ;
#2693 = DIRECTION ( 'NONE',  ( -0.000000000000000000, -0.4472135954999579832, -0.8944271909999159664 ) ) ;
#2694 = CARTESIAN_POINT ( 'NONE',  ( 6.375000000000000888, 3.950000000000000178, 0.8749999999999996669 ) ) ;
#2695 = LINE ( 'NONE', #2631, #50 ) ;
#2696 = EDGE_LOOP ( 'NONE', ( #1517, #4906, #5865, #3408, #1752, #5235, #4262, #2187 ) ) ;
#2697 = VECTOR ( 'NONE', #5863, 1000.000000000000114 ) ;
#2698 = VECTOR ( 'NONE', #4021, 1000.000000000000000 ) ;
#2699 = ORIENTED_EDGE ( 'NONE', *, *, #5127, .F. ) ;
#2700 = VECTOR ( 'NONE', #783, 1000.000000000000000 ) ;
#2701 = ADVANCED_FACE ( 'NONE', ( #1858 ), #1797, .T. ) ;
#2702 = VECTOR ( 'NONE', #3087, 1000.000000000000000 ) ;
#2703 = DIRECTION ( 'NONE',  ( 0.000000000000000000, 1.000000000000000000, 0.000000000000000000 ) ) ;
#2704 = LINE ( 'NONE', #3621, #563 ) ;
#2705 = ADVANCED_FACE ( 'NONE', ( #5186 ), #3793, .T. ) ;
#2706 = CARTESIAN_POINT ( 'NONE',  ( 7.375000000000000888, 1.899999999999999911, 1.825000000000000622 ) ) ;
#2707 = ORIENTED_EDGE ( 'NONE', *, *, #860, .T. ) ;
#2708 = ORIENTED_EDGE ( 'NONE', *, *, #1319, .T. ) ;
#2709 = ORIENTED_EDGE ( 'NONE', *, *, #2152, .T. ) ;
#2710 = DIRECTION ( 'NONE',  ( -1.000000000000000000, -0.000000000000000000, -0.000000000000000000 ) ) ;
#2711 = DIRECTION ( 'NONE',  ( -0.000000000000000000, -5.421010862427520198E-16, 1.000000000000000000 ) ) ;
#2712 = DIRECTION ( 'NONE',  ( 1.000000000000000000, 0.000000000000000000, 0.000000000000000000 ) ) ;
#2713 = PLANE ( 'NONE',  #4234 ) ;
#2714 = CARTESIAN_POINT ( 'NONE',  ( 3.125000000000000000, 0.7428932188134522718, 0.8749999999999998890 ) ) ;
#2715 = ORIENTED_EDGE ( 'NONE', *, *, #3209, .T. ) ;
#2716 = ADVANCED_FACE ( 'NONE', ( #2848 ), #6184, .T. ) ;
#2717 = DIRECTION ( 'NONE',  ( -0.000000000000000000, -1.000000000000000000, -1.251002506714043540E-16 ) ) ;
#2718 = CARTESIAN_POINT ( 'NONE',  ( 6.531793621149187601, 6.140988867593913192E-18, -0.02500000000000096242 ) ) ;
#2719 = UNCERTAINTY_MEASURE_WITH_UNIT (LENGTH_MEASURE( 1.000000000000000082E-05 ), #637, 'distance_accuracy_value', 'NONE');
#2720 = CARTESIAN_POINT ( 'NONE',  ( 5.724999999999997868, 0.1792893218813485789, -1.745710678118654435 ) ) ;
#2721 = ORIENTED_EDGE ( 'NONE', *, *, #962, .T. ) ;
#2722 = VECTOR ( 'NONE', #4780, 1000.000000000000000 ) ;
#2723 = CARTESIAN_POINT ( 'NONE',  ( 4.274999999999999467, 1.449999999999999956, 0.1750000000000000722 ) ) ;
#2724 = CARTESIAN_POINT ( 'NONE',  ( 7.375000000000000000, 3.950000000000000178, 0.1750000000000002387 ) ) ;
#2725 = DIRECTION ( 'NONE',  ( 0.000000000000000000, 1.000000000000000000, 0.000000000000000000 ) ) ;
#2726 = VECTOR ( 'NONE', #2003, 1000.000000000000000 ) ;
#2727 = CARTESIAN_POINT ( 'NONE',  ( 5.724999999999997868, -0.04999999999999568678, -2.474999999999999645 ) ) ;
#2728 = VERTEX_POINT ( 'NONE', #1382 ) ;
#2729 = ORIENTED_EDGE ( 'NONE', *, *, #1384, .T. ) ;
#2730 = VERTEX_POINT ( 'NONE', #3318 ) ;
#2731 = AXIS2_PLACEMENT_3D ( 'NONE', #2081, #2530, #5560 ) ;
#2732 = ORIENTED_EDGE ( 'NONE', *, *, #4790, .F. ) ;
#2733 = LINE ( 'NONE', #894, #2115 ) ;
#2734 = LINE ( 'NONE', #4691, #1131 ) ;
#2735 = FACE_OUTER_BOUND ( 'NONE', #4017, .T. ) ;
#2736 = VECTOR ( 'NONE', #3439, 1000.000000000000000 ) ;
#2737 = DIRECTION ( 'NONE',  ( 0.000000000000000000, 0.000000000000000000, -1.000000000000000000 ) ) ;
#2738 = ORIENTED_EDGE ( 'NONE', *, *, #528, .F. ) ;
#2739 = ORIENTED_EDGE ( 'NONE', *, *, #4932, .T. ) ;
#2740 = DIRECTION ( 'NONE',  ( 0.000000000000000000, -1.000000000000000000, 0.000000000000000000 ) ) ;
#2741 = CARTESIAN_POINT ( 'NONE',  ( 3.999999999999999112, 4.049999999999999822, 2.175000000000000711 ) ) ;
#2742 = CARTESIAN_POINT ( 'NONE',  ( 5.524999999999997691, -0.1499999999999963862, -2.374999999999999112 ) ) ;
#2743 = DIRECTION ( 'NONE',  ( 0.000000000000000000, -0.000000000000000000, 1.000000000000000000 ) ) ;
#2744 = CARTESIAN_POINT ( 'NONE',  ( -6.875000000000000000, -13.83708784390703705, -1.174999999999999822 ) ) ;
#2745 = ADVANCED_FACE ( 'NONE', ( #5215 ), #3192, .F. ) ;
#2746 = EDGE_CURVE ( 'NONE', #5831, #1664, #1255, .T. ) ;
#2747 = MECHANICAL_DESIGN_GEOMETRIC_PRESENTATION_REPRESENTATION (  '', ( #1128 ), #9 ) ;
#2748 = CARTESIAN_POINT ( 'NONE',  ( 4.124999999999999112, 4.049999999999999822, 0.2749999999999994671 ) ) ;
#2749 = VECTOR ( 'NONE', #3911, 1000.000000000000000 ) ;
#2750 = LINE ( 'NONE', #2269, #3803 ) ;
#2751 = DIRECTION ( 'NONE',  ( 0.000000000000000000, -0.000000000000000000, 1.000000000000000000 ) ) ;
#2752 = VECTOR ( 'NONE', #662, 1000.000000000000000 ) ;
#2753 = PRODUCT_DEFINITION_CONTEXT ( 'detailed design', #3940, 'design' ) ;
#2754 = CARTESIAN_POINT ( 'NONE',  ( 5.374999999999999112, 4.049999999999999822, 0.2749999999999994671 ) ) ;
#2755 = LINE ( 'NONE', #1800, #5983 ) ;
#2756 = CARTESIAN_POINT ( 'NONE',  ( 6.875000000000000888, -6.123233995736742617E-17, -0.3340169943749460302 ) ) ;
#2757 = DIRECTION ( 'NONE',  ( 0.000000000000000000, 1.000000000000000000, -1.445602896647327084E-15 ) ) ;
#2758 = ORIENTED_EDGE ( 'NONE', *, *, #919, .F. ) ;
#2759 = ORIENTED_EDGE ( 'NONE', *, *, #3955, .F. ) ;
#2760 = VERTEX_POINT ( 'NONE', #3696 ) ;
#2761 = ORIENTED_EDGE ( 'NONE', *, *, #2143, .F. ) ;
#2762 = CARTESIAN_POINT ( 'NONE',  ( 4.474999999999996980, 0.1792893218813485512, -1.745710678118654435 ) ) ;
#2763 = VECTOR ( 'NONE', #3827, 1000.000000000000114 ) ;
#2764 = CARTESIAN_POINT ( 'NONE',  ( 7.575000000000000178, 1.899999999999999911, 1.825000000000000622 ) ) ;
#2765 = LINE ( 'NONE', #1209, #6240 ) ;
#2766 = CARTESIAN_POINT ( 'NONE',  ( 6.275000000000001243, 4.049999999999999822, 0.000000000000000000 ) ) ;
#2767 = EDGE_LOOP ( 'NONE', ( #1091, #6097, #2505, #2657 ) ) ;
#2768 = ORIENTED_EDGE ( 'NONE', *, *, #5794, .F. ) ;
#2769 = ORIENTED_EDGE ( 'NONE', *, *, #2518, .T. ) ;
#2770 = COLOUR_RGB ( '',0.7960784313725489669, 0.8235294117647058432, 0.9372549019607843146 ) ;
#2771 = ADVANCED_FACE ( 'NONE', ( #5646 ), #1288, .F. ) ;
#2772 = DIRECTION ( 'NONE',  ( -0.000000000000000000, -0.7071067811865474617, -0.7071067811865474617 ) ) ;
#2773 = DIRECTION ( 'NONE',  ( 0.000000000000000000, -1.000000000000000000, 0.000000000000000000 ) ) ;
#2774 = CARTESIAN_POINT ( 'NONE',  ( 4.274999999999997691, -0.1499999999999963862, -1.474999999999999645 ) ) ;
#2775 = DIRECTION ( 'NONE',  ( 0.000000000000000000, 1.000000000000000000, 0.000000000000000000 ) ) ;
#2776 = LINE ( 'NONE', #1761, #5216 ) ;
#2777 = COLOUR_RGB ( '',1.000000000000000000, 1.000000000000000000, 1.000000000000000000 ) ;
#2778 = EDGE_CURVE ( 'NONE', #6009, #1203, #3442, .T. ) ;
#2779 = DIRECTION ( 'NONE',  ( 0.000000000000000000, -0.7071067811865381358, -0.7071067811865570096 ) ) ;
#2780 = CARTESIAN_POINT ( 'NONE',  ( 6.875000000000000888, -6.123233995736742617E-17, 2.475000000000000089 ) ) ;
#2781 = VERTEX_POINT ( 'NONE', #3350 ) ;
#2782 = CARTESIAN_POINT ( 'NONE',  ( 4.624999999999998224, 1.449999999999999956, 0.1750000000000000999 ) ) ;
#2783 = EDGE_CURVE ( 'NONE', #93, #775, #5334, .T. ) ;
#2784 = EDGE_CURVE ( 'NONE', #341, #5032, #5393, .T. ) ;
#2785 = CARTESIAN_POINT ( 'NONE',  ( 7.174999999999999822, 3.149999999999999911, 2.375000000000000444 ) ) ;
#2786 = FACE_OUTER_BOUND ( 'NONE', #858, .T. ) ;
#2787 = CARTESIAN_POINT ( 'NONE',  ( 5.724999999999997868, 1.449999999999999956, 0.3750000000000000000 ) ) ;
#2788 = EDGE_CURVE ( 'NONE', #2370, #5783, #2493, .T. ) ;
#2789 = VECTOR ( 'NONE', #3145, 1000.000000000000000 ) ;
#2790 = CARTESIAN_POINT ( 'NONE',  ( 7.875000000000000000, 4.049999999999999822, 2.475000000000000089 ) ) ;
#2791 = ORIENTED_EDGE ( 'NONE', *, *, #5631, .T. ) ;
#2792 = ORIENTED_EDGE ( 'NONE', *, *, #752, .T. ) ;
#2793 = VECTOR ( 'NONE', #477, 1000.000000000000000 ) ;
#2794 = ORIENTED_EDGE ( 'NONE', *, *, #4688, .T. ) ;
#2795 = VECTOR ( 'NONE', #2468, 1000.000000000000000 ) ;
#2796 = UNCERTAINTY_MEASURE_WITH_UNIT (LENGTH_MEASURE( 1.000000000000000082E-05 ), #6277, 'distance_accuracy_value', 'NONE');
#2797 = PLANE ( 'NONE',  #4869 ) ;
#2798 = AXIS2_PLACEMENT_3D ( 'NONE', #5232, #234, #2812 ) ;
#2799 = ADVANCED_FACE ( 'NONE', ( #1896 ), #4860, .F. ) ;
#2800 = CARTESIAN_POINT ( 'NONE',  ( 5.669910864525444794, 0.5999999999999999778, 0.2250000000000008105 ) ) ;
#2801 = VECTOR ( 'NONE', #3185, 1000.000000000000000 ) ;
#2802 = FILL_AREA_STYLE ('',( #1839 ) ) ;
#2803 = VECTOR ( 'NONE', #5703, 1000.000000000000000 ) ;
#2804 = DIRECTION ( 'NONE',  ( -1.000000000000000000, -0.000000000000000000, -0.000000000000000000 ) ) ;
#2805 = ORIENTED_EDGE ( 'NONE', *, *, #1449, .F. ) ;
#2806 = ORIENTED_EDGE ( 'NONE', *, *, #5429, .T. ) ;
#2807 = EDGE_LOOP ( 'NONE', ( #2587, #3717, #153, #137 ) ) ;
#2808 = VECTOR ( 'NONE', #5262, 1000.000000000000000 ) ;
#2809 = LINE ( 'NONE', #2293, #709 ) ;
#2810 = ADVANCED_FACE ( 'NONE', ( #4888 ), #4452, .T. ) ;
#2811 = PLANE ( 'NONE',  #5900 ) ;
#2812 = DIRECTION ( 'NONE',  ( 0.000000000000000000, 0.7071067811865431318, 0.7071067811865517916 ) ) ;
#2813 = DIRECTION ( 'NONE',  ( 0.000000000000000000, -1.000000000000000000, -3.336006684570783101E-16 ) ) ;
#2814 = DIRECTION ( 'NONE',  ( 0.000000000000000000, -1.000000000000000000, 0.000000000000000000 ) ) ;
#2815 = ADVANCED_FACE ( 'NONE', ( #80 ), #4799, .F. ) ;
#2816 = EDGE_LOOP ( 'NONE', ( #3896, #4800, #3488, #1555 ) ) ;
#2817 = DIRECTION ( 'NONE',  ( 0.000000000000000000, 1.000000000000000000, 0.000000000000000000 ) ) ;
#2818 =( LENGTH_UNIT ( ) NAMED_UNIT ( * ) SI_UNIT ( .MILLI., .METRE. ) );
#2819 = CARTESIAN_POINT ( 'NONE',  ( 5.524999999999998579, 1.449999999999999956, 0.1750000000000000722 ) ) ;
#2820 = LINE ( 'NONE', #400, #1240 ) ;
#2821 = EDGE_CURVE ( 'NONE', #3897, #3461, #1925, .T. ) ;
#2822 = EDGE_CURVE ( 'NONE', #1992, #2052, #2020, .T. ) ;
#2823 = PLANE ( 'NONE',  #5962 ) ;
#2824 = DIRECTION ( 'NONE',  ( -4.336808689942021680E-16, 0.000000000000000000, 1.000000000000000000 ) ) ;
#2825 = CARTESIAN_POINT ( 'NONE',  ( 5.724999999999997868, 3.450000000000001510, 1.870248747537497357E-14 ) ) ;
#2826 = DIRECTION ( 'NONE',  ( 0.000000000000000000, 0.000000000000000000, 1.000000000000000000 ) ) ;
#2827 = VERTEX_POINT ( 'NONE', #461 ) ;
#2828 = VECTOR ( 'NONE', #888, 1000.000000000000000 ) ;
#2829 = EDGE_CURVE ( 'NONE', #3317, #487, #999, .T. ) ;
#2830 = DIRECTION ( 'NONE',  ( 0.000000000000000000, 0.000000000000000000, -1.000000000000000000 ) ) ;
#2831 = CARTESIAN_POINT ( 'NONE',  ( 4.474999999999997868, 1.199999999999999734, 0.1750000000000000722 ) ) ;
#2832 = CARTESIAN_POINT ( 'NONE',  ( 6.875000000000000000, 1.449999999999999956, -1.174999999999999822 ) ) ;
#2833 = CARTESIAN_POINT ( 'NONE',  ( 5.524999999999998579, 4.049999999999999822, -1.224999999999999645 ) ) ;
#2834 = ADVANCED_FACE ( 'NONE', ( #526 ), #3474, .F. ) ;
#2835 = ORIENTED_EDGE ( 'NONE', *, *, #3714, .F. ) ;
#2836 = PRESENTATION_LAYER_ASSIGNMENT (  '', '', ( #5872 ) ) ;
#2837 = DIRECTION ( 'NONE',  ( -0.000000000000000000, -0.000000000000000000, -1.000000000000000000 ) ) ;
#2838 = VECTOR ( 'NONE', #5457, 1000.000000000000000 ) ;
#2839 = EDGE_CURVE ( 'NONE', #1520, #2308, #1061, .T. ) ;
#2840 = FACE_OUTER_BOUND ( 'NONE', #5647, .T. ) ;
#2841 = LINE ( 'NONE', #4761, #1363 ) ;
#2842 = DIRECTION ( 'NONE',  ( 0.000000000000000000, 0.000000000000000000, -1.000000000000000000 ) ) ;
#2843 = ORIENTED_EDGE ( 'NONE', *, *, #5714, .F. ) ;
#2844 = ORIENTED_EDGE ( 'NONE', *, *, #1015, .T. ) ;
#2845 = CARTESIAN_POINT ( 'NONE',  ( 5.524999999999997691, 0.2500000000000037748, -1.816421356237308826 ) ) ;
#2846 = LINE ( 'NONE', #2455, #2391 ) ;
#2847 = ORIENTED_EDGE ( 'NONE', *, *, #613, .F. ) ;
#2848 = FACE_OUTER_BOUND ( 'NONE', #2435, .T. ) ;
#2849 = CARTESIAN_POINT ( 'NONE',  ( -6.875000000000000000, 1.449999999999999956, 0.3750000000000001110 ) ) ;
#2850 = PLANE ( 'NONE',  #2930 ) ;
#2851 = DIRECTION ( 'NONE',  ( 0.5773502691896259531, 0.5773502691896259531, 0.5773502691896253980 ) ) ;
#2852 = DIRECTION ( 'NONE',  ( 0.000000000000000000, -0.7071067811865472397, -0.7071067811865479058 ) ) ;
#2853 = VERTEX_POINT ( 'NONE', #2457 ) ;
#2854 = ORIENTED_EDGE ( 'NONE', *, *, #2413, .F. ) ;
#2855 = AXIS2_PLACEMENT_3D ( 'NONE', #512, #3877, #6174 ) ;
#2856 = EDGE_CURVE ( 'NONE', #1180, #5988, #4414, .T. ) ;
#2857 = CARTESIAN_POINT ( 'NONE',  ( 2.625000000000000444, 3.399999999999999911, -1.174999999999999822 ) ) ;
#2858 = DIRECTION ( 'NONE',  ( 0.000000000000000000, -0.000000000000000000, -1.000000000000000000 ) ) ;
#2859 = CARTESIAN_POINT ( 'NONE',  ( 2.624999999999999556, 0.5999999999999999778, 0.2250000000000008105 ) ) ;
#2860 = ADVANCED_FACE ( 'NONE', ( #3380 ), #2398, .F. ) ;
#2861 = PLANE ( 'NONE',  #365 ) ;
#2862 = VERTEX_POINT ( 'NONE', #1989 ) ;
#2863 = VERTEX_POINT ( 'NONE', #2965 ) ;
#2864 = VECTOR ( 'NONE', #3412, 1000.000000000000000 ) ;
#2865 = ADVANCED_FACE ( 'NONE', ( #4922 ), #561, .T. ) ;
#2866 = DIRECTION ( 'NONE',  ( 0.000000000000000000, 0.000000000000000000, 1.000000000000000000 ) ) ;
#2867 = DIRECTION ( 'NONE',  ( 1.000000000000000000, 0.000000000000000000, 0.000000000000000000 ) ) ;
#2868 = DIRECTION ( 'NONE',  ( 0.000000000000000000, 0.000000000000000000, 1.000000000000000000 ) ) ;
#2869 = ORIENTED_EDGE ( 'NONE', *, *, #4688, .F. ) ;
#2870 = LINE ( 'NONE', #1947, #1375 ) ;
#2871 = FACE_OUTER_BOUND ( 'NONE', #1805, .T. ) ;
#2872 = VERTEX_POINT ( 'NONE', #2428 ) ;
#2873 =( GEOMETRIC_REPRESENTATION_CONTEXT ( 3 ) GLOBAL_UNCERTAINTY_ASSIGNED_CONTEXT ( ( #1317 ) ) GLOBAL_UNIT_ASSIGNED_CONTEXT ( ( #2597, #4650, #214 ) ) REPRESENTATION_CONTEXT ( 'NONE', 'WORKASPACE' ) );
#2874 = ORIENTED_EDGE ( 'NONE', *, *, #4898, .F. ) ;
#2875 = DIRECTION ( 'NONE',  ( 1.000000000000000000, 0.000000000000000000, 0.000000000000000000 ) ) ;
#2876 = CARTESIAN_POINT ( 'NONE',  ( 5.524999999999997691, 3.950000000000000178, -1.174999999999999822 ) ) ;
#2877 = EDGE_CURVE ( 'NONE', #4595, #5870, #4382, .T. ) ;
#2878 = DIRECTION ( 'NONE',  ( -1.000000000000000000, -0.000000000000000000, -0.000000000000000000 ) ) ;
#2879 = CARTESIAN_POINT ( 'NONE',  ( -7.875000000000000000, 0.000000000000000000, -0.8249999999999997335 ) ) ;
#2880 = LINE ( 'NONE', #4833, #4642 ) ;
#2881 = ADVANCED_FACE ( 'NONE', ( #2560 ), #5583, .F. ) ;
#2882 = LINE ( 'NONE', #559, #567 ) ;
#2883 = ORIENTED_EDGE ( 'NONE', *, *, #2345, .F. ) ;
#2884 = VERTEX_POINT ( 'NONE', #5556 ) ;
#2885 = EDGE_CURVE ( 'NONE', #2008, #3886, #6060, .T. ) ;
#2886 = CARTESIAN_POINT ( 'NONE',  ( 10.00000000000000000, 0.000000000000000000, -1.224999999999999645 ) ) ;
#2887 = CARTESIAN_POINT ( 'NONE',  ( 7.875000000000000000, 3.399999999999999911, -1.174999999999999822 ) ) ;
#2888 = PRESENTATION_STYLE_ASSIGNMENT (( #5288 ) ) ;
#2889 = CARTESIAN_POINT ( 'NONE',  ( 5.724999999999997868, 1.199999999999999734, 0.1750000000000000722 ) ) ;
#2890 = ORIENTED_EDGE ( 'NONE', *, *, #1031, .F. ) ;
#2891 = ORIENTED_EDGE ( 'NONE', *, *, #5258, .F. ) ;
#2892 = ADVANCED_FACE ( 'NONE', ( #4575 ), #1630, .F. ) ;
#2894 = DIRECTION ( 'NONE',  ( 0.000000000000000000, 0.000000000000000000, -1.000000000000000000 ) ) ;
#2893 = VECTOR ( 'NONE', #122, 1000.000000000000000 ) ;
#2895 = EDGE_CURVE ( 'NONE', #5107, #6201, #6027, .T. ) ;
#2896 = AXIS2_PLACEMENT_3D ( 'NONE', #5465, #5428, #4487 ) ;
#2897 = DIRECTION ( 'NONE',  ( 0.000000000000000000, 0.000000000000000000, 1.000000000000000000 ) ) ;
#2898 = CARTESIAN_POINT ( 'NONE',  ( 5.724999999999997868, -0.1499999999999963862, -1.474999999999999645 ) ) ;
#2899 =( LENGTH_UNIT ( ) NAMED_UNIT ( * ) SI_UNIT ( .MILLI., .METRE. ) );
#2900 = LINE ( 'NONE', #4345, #428 ) ;
#2901 = ORIENTED_EDGE ( 'NONE', *, *, #2400, .T. ) ;
#2902 = AXIS2_PLACEMENT_3D ( 'NONE', #998, #1856, #2935 ) ;
#2903 = VECTOR ( 'NONE', #3306, 1000.000000000000000 ) ;
#2904 = ORIENTED_EDGE ( 'NONE', *, *, #5771, .T. ) ;
#2905 = PRODUCT_DEFINITION_FORMATION_WITH_SPECIFIED_SOURCE ( 'ANY', '', #2431, .NOT_KNOWN. ) ;
#2906 = VERTEX_POINT ( 'NONE', #2137 ) ;
#2907 = AXIS2_PLACEMENT_3D ( 'NONE', #455, #2422, #903 ) ;
#2908 = FILL_AREA_STYLE ('',( #5332 ) ) ;
#2909 = CYLINDRICAL_SURFACE ( 'NONE', #3606, 0.09999999999999982514 ) ;
#2910 = DIRECTION ( 'NONE',  ( 0.000000000000000000, 4.336808689941999494E-16, -1.000000000000000000 ) ) ;
#2911 = ORIENTED_EDGE ( 'NONE', *, *, #4413, .T. ) ;
#2912 = ORIENTED_EDGE ( 'NONE', *, *, #4144, .T. ) ;
#2913 = EDGE_CURVE ( 'NONE', #463, #2611, #4027, .T. ) ;
#2914 = PLANE ( 'NONE',  #1080 ) ;
#2915 = DIRECTION ( 'NONE',  ( 1.000000000000000000, -0.000000000000000000, 0.000000000000000000 ) ) ;
#2916 = CARTESIAN_POINT ( 'NONE',  ( 2.125000000000000000, 4.049999999999999822, 0.1750000000000002387 ) ) ;
#2917 = ADVANCED_FACE ( 'NONE', ( #1190 ), #2586, .F. ) ;
#2918 = ORIENTED_EDGE ( 'NONE', *, *, #5293, .T. ) ;
#2919 = VERTEX_POINT ( 'NONE', #5462 ) ;
#2920 = CARTESIAN_POINT ( 'NONE',  ( -4.299999999999998934, 0.000000000000000000, 2.075000000000000622 ) ) ;
#2921 = DIRECTION ( 'NONE',  ( 0.000000000000000000, 1.000000000000000000, 0.000000000000000000 ) ) ;
#2922 = VERTEX_POINT ( 'NONE', #4993 ) ;
#2923 = PLANE ( 'NONE',  #4943 ) ;
#2924 = VERTEX_POINT ( 'NONE', #3570 ) ;
#2925 = EDGE_CURVE ( 'NONE', #3886, #1689, #5022, .T. ) ;
#2926 = LINE ( 'NONE', #1084, #2726 ) ;
#2927 = VECTOR ( 'NONE', #4955, 1000.000000000000000 ) ;
#2928 = CARTESIAN_POINT ( 'NONE',  ( 4.330089135474556095, 0.5999999999999999778, 0.2250000000000008105 ) ) ;
#2929 = CARTESIAN_POINT ( 'NONE',  ( 4.274999999999997691, -0.1499999999999963862, -1.474999999999999645 ) ) ;
#2930 = AXIS2_PLACEMENT_3D ( 'NONE', #5398, #1961, #434 ) ;
#2931 = CARTESIAN_POINT ( 'NONE',  ( 4.274999999999999467, 2.574999999999999734, -1.200000000000000178 ) ) ;
#2932 = ORIENTED_EDGE ( 'NONE', *, *, #1728, .T. ) ;
#2933 = PLANE ( 'NONE',  #1413 ) ;
#2934 = DIRECTION ( 'NONE',  ( 0.000000000000000000, -0.000000000000000000, -1.000000000000000000 ) ) ;
#2935 = DIRECTION ( 'NONE',  ( 0.000000000000000000, 0.000000000000000000, 1.000000000000000000 ) ) ;
#2936 = CARTESIAN_POINT ( 'NONE',  ( 0.000000000000000000, 4.049999999999999822, 0.2749999999999996336 ) ) ;
#2937 = EDGE_CURVE ( 'NONE', #4261, #5988, #1697, .T. ) ;
#2938 = ORIENTED_EDGE ( 'NONE', *, *, #4244, .F. ) ;
#2939 = CARTESIAN_POINT ( 'NONE',  ( 5.724999999999997868, -0.1499999999999963862, -1.474999999999999645 ) ) ;
#2940 = CARTESIAN_POINT ( 'NONE',  ( 2.225000000000000533, 2.349999999999999645, 0.6750000000000002665 ) ) ;
#2941 = CARTESIAN_POINT ( 'NONE',  ( 2.625000000000000444, 2.899999999999999911, -0.3249999999999997891 ) ) ;
#2942 = ORIENTED_EDGE ( 'NONE', *, *, #2685, .T. ) ;
#2943 = VERTEX_POINT ( 'NONE', #207 ) ;
#2944 = DIRECTION ( 'NONE',  ( 0.000000000000000000, 0.000000000000000000, -1.000000000000000000 ) ) ;
#2945 = DIRECTION ( 'NONE',  ( 0.000000000000000000, 0.000000000000000000, -1.000000000000000000 ) ) ;
#2946 = VECTOR ( 'NONE', #1818, 1000.000000000000000 ) ;
#2947 = ORIENTED_EDGE ( 'NONE', *, *, #255, .F. ) ;
#2948 = VERTEX_POINT ( 'NONE', #4482 ) ;
#2949 = VERTEX_POINT ( 'NONE', #5520 ) ;
#2950 = VECTOR ( 'NONE', #4990, 1000.000000000000000 ) ;
#2951 = PLANE ( 'NONE',  #5183 ) ;
#2952 = PLANE ( 'NONE',  #1632 ) ;
#2953 = LINE ( 'NONE', #5409, #2380 ) ;
#2954 = ORIENTED_EDGE ( 'NONE', *, *, #5243, .F. ) ;
#2955 = ORIENTED_EDGE ( 'NONE', *, *, #262, .F. ) ;
#2956 = ORIENTED_EDGE ( 'NONE', *, *, #5727, .T. ) ;
#2957 = LINE ( 'NONE', #4882, #3207 ) ;
#2958 = VERTEX_POINT ( 'NONE', #1663 ) ;
#2959 = EDGE_CURVE ( 'NONE', #2988, #316, #1600, .T. ) ;
#2960 = LINE ( 'NONE', #175, #877 ) ;
#2961 = DIRECTION ( 'NONE',  ( -1.000000000000000000, -0.000000000000000000, -0.000000000000000000 ) ) ;
#2962 = DIRECTION ( 'NONE',  ( 0.000000000000000000, 0.000000000000000000, -1.000000000000000000 ) ) ;
#2963 = CARTESIAN_POINT ( 'NONE',  ( 5.874999999999997335, 3.950000000000000178, 0.3750000000000001110 ) ) ;
#2964 = AXIS2_PLACEMENT_3D ( 'NONE', #5055, #3129, #5085 ) ;
#2965 = CARTESIAN_POINT ( 'NONE',  ( 5.374999999999999112, 3.950000000000000178, 0.3750000000000000555 ) ) ;
#2966 = ORIENTED_EDGE ( 'NONE', *, *, #5157, .T. ) ;
#2967 = ADVANCED_FACE ( 'NONE', ( #2649 ), #630, .F. ) ;
#2968 = DIRECTION ( 'NONE',  ( -0.000000000000000000, -0.000000000000000000, -1.000000000000000000 ) ) ;
#2969 = LINE ( 'NONE', #1901, #3734 ) ;
#2970 = LINE ( 'NONE', #5399, #5345 ) ;
#2971 = ADVANCED_FACE ( 'NONE', ( #4548 ), #3001, .F. ) ;
#2972 = ORIENTED_EDGE ( 'NONE', *, *, #4812, .F. ) ;
#2973 = EDGE_LOOP ( 'NONE', ( #2707, #3550, #4268, #4241 ) ) ;
#2974 = EDGE_CURVE ( 'NONE', #5918, #5164, #180, .T. ) ;
#2975 = EDGE_CURVE ( 'NONE', #904, #3465, #4118, .T. ) ;
#2976 = DIRECTION ( 'NONE',  ( 0.000000000000000000, -0.000000000000000000, 1.000000000000000000 ) ) ;
#2977 = CARTESIAN_POINT ( 'NONE',  ( 2.624999999999999556, 1.899999999999999911, 1.825000000000000622 ) ) ;
#2978 = EDGE_LOOP ( 'NONE', ( #160, #3423, #5282, #805 ) ) ;
#2979 = ORIENTED_EDGE ( 'NONE', *, *, #4812, .T. ) ;
#2980 = EDGE_CURVE ( 'NONE', #2781, #2289, #696, .T. ) ;
#2981 = CARTESIAN_POINT ( 'NONE',  ( 4.124999999999999112, 3.950000000000000178, 0.3750000000000000555 ) ) ;
#2982 = LINE ( 'NONE', #2097, #1524 ) ;
#2983 = DIRECTION ( 'NONE',  ( 0.000000000000000000, 0.000000000000000000, -1.000000000000000000 ) ) ;
#2984 = EDGE_LOOP ( 'NONE', ( #3562, #4637, #4420, #6073, #5763, #5847 ) ) ;
#2985 = EDGE_LOOP ( 'NONE', ( #2956, #2673, #4102, #2806, #1655, #3612, #2185, #3626 ) ) ;
#2986 = VECTOR ( 'NONE', #1086, 1000.000000000000000 ) ;
#2987 = CARTESIAN_POINT ( 'NONE',  ( 2.625000000000000444, 2.899999999999999911, 0.1750000000000002387 ) ) ;
#2988 = VERTEX_POINT ( 'NONE', #5968 ) ;
#2989 = ORIENTED_EDGE ( 'NONE', *, *, #6185, .T. ) ;
#2990 = VECTOR ( 'NONE', #703, 1000.000000000000000 ) ;
#2991 = AXIS2_PLACEMENT_3D ( 'NONE', #4775, #4750, #4260 ) ;
#2992 = VECTOR ( 'NONE', #2174, 1000.000000000000000 ) ;
#2993 = DIRECTION ( 'NONE',  ( 0.000000000000000000, -1.000000000000000000, 0.000000000000000000 ) ) ;
#2994 = PLANE ( 'NONE',  #4159 ) ;
#2995 = PLANE ( 'NONE',  #831 ) ;
#2996 = CARTESIAN_POINT ( 'NONE',  ( 11.25000000000000000, 2.899999999999996803, -0.7749999999999999112 ) ) ;
#2997 = AXIS2_PLACEMENT_3D ( 'NONE', #5019, #2584, #663 ) ;
#2998 = AXIS2_PLACEMENT_3D ( 'NONE', #3504, #4477, #5924 ) ;
#2999 = DIRECTION ( 'NONE',  ( 0.000000000000000000, 0.000000000000000000, -1.000000000000000000 ) ) ;
#3000 = EDGE_CURVE ( 'NONE', #2633, #4649, #4762, .T. ) ;
#3001 = PLANE ( 'NONE',  #3368 ) ;
#3002 = AXIS2_PLACEMENT_3D ( 'NONE', #4374, #935, #3402 ) ;
#3003 = ORIENTED_EDGE ( 'NONE', *, *, #407, .T. ) ;
#3004 = ORIENTED_EDGE ( 'NONE', *, *, #4066, .T. ) ;
#3005 = AXIS2_PLACEMENT_3D ( 'NONE', #2609, #5920, #3026 ) ;
#3006 = LINE ( 'NONE', #2498, #660 ) ;
#3007 = LINE ( 'NONE', #210, #5273 ) ;
#3008 = VECTOR ( 'NONE', #4319, 1000.000000000000000 ) ;
#3009 = CARTESIAN_POINT ( 'NONE',  ( 4.274999999999997691, 0.1500000000000037970, -1.816421356237308826 ) ) ;
#3010 = ORIENTED_EDGE ( 'NONE', *, *, #993, .F. ) ;
#3011 = DIRECTION ( 'NONE',  ( 0.000000000000000000, 0.000000000000000000, -1.000000000000000000 ) ) ;
#3012 = ORIENTED_EDGE ( 'NONE', *, *, #5529, .F. ) ;
#3013 = EDGE_CURVE ( 'NONE', #5594, #6201, #2776, .T. ) ;
#3014 = EDGE_CURVE ( 'NONE', #5193, #6274, #4212, .T. ) ;
#3015 = CARTESIAN_POINT ( 'NONE',  ( 5.724999999999997868, -0.1499999999999963862, -1.474999999999999645 ) ) ;
#3016 = FACE_OUTER_BOUND ( 'NONE', #1873, .T. ) ;
#3017 = ADVANCED_FACE ( 'NONE', ( #3155 ), #844, .T. ) ;
#3018 = VERTEX_POINT ( 'NONE', #6177 ) ;
#3019 = VERTEX_POINT ( 'NONE', #5179 ) ;
#3020 = EDGE_CURVE ( 'NONE', #4285, #3392, #815, .T. ) ;
#3021 = DIRECTION ( 'NONE',  ( 0.000000000000000000, 0.000000000000000000, -1.000000000000000000 ) ) ;
#3022 = LINE ( 'NONE', #2005, #3253 ) ;
#3023 = FACE_OUTER_BOUND ( 'NONE', #6209, .T. ) ;
#3024 = ORIENTED_EDGE ( 'NONE', *, *, #3490, .T. ) ;
#3025 = VERTEX_POINT ( 'NONE', #4734 ) ;
#3026 = DIRECTION ( 'NONE',  ( 0.000000000000000000, -8.642948658383689284E-16, -1.000000000000000000 ) ) ;
#3027 = VERTEX_POINT ( 'NONE', #1793 ) ;
#3028 = ORIENTED_EDGE ( 'NONE', *, *, #3988, .F. ) ;
#3029 = ADVANCED_FACE ( 'NONE', ( #6208 ), #4278, .F. ) ;
#3030 = CARTESIAN_POINT ( 'NONE',  ( 5.874999999999997335, 1.199999999999999734, 0.3750000000000000555 ) ) ;
#3031 = DIRECTION ( 'NONE',  ( -1.000000000000000000, 0.000000000000000000, 0.000000000000000000 ) ) ;
#3032 = AXIS2_PLACEMENT_3D ( 'NONE', #1416, #3795, #2915 ) ;
#3033 = PLANE ( 'NONE',  #6010 ) ;
#3034 = CARTESIAN_POINT ( 'NONE',  ( 5.524999999999997691, 0.4999999999999998890, -0.8249999999999997335 ) ) ;
#3035 = CARTESIAN_POINT ( 'NONE',  ( 7.875000000000000000, 0.5999999999999999778, 1.825000000000000622 ) ) ;
#3036 = CARTESIAN_POINT ( 'NONE',  ( 4.474999999999996980, 0.4999999999999998890, -0.8249999999999997335 ) ) ;
#3037 = VECTOR ( 'NONE', #3189, 1000.000000000000000 ) ;
#3038 = DIRECTION ( 'NONE',  ( 0.000000000000000000, 0.000000000000000000, -1.000000000000000000 ) ) ;
#3039 = DIRECTION ( 'NONE',  ( 0.000000000000000000, -0.7071067811865475727, 0.7071067811865475727 ) ) ;
#3040 = VECTOR ( 'NONE', #5964, 1000.000000000000000 ) ;
#3041 = PLANE ( 'NONE',  #2692 ) ;
#3042 = CARTESIAN_POINT ( 'NONE',  ( 4.474999999999997868, 2.575000000000000178, -1.200000000000000400 ) ) ;
#3043 = ORIENTED_EDGE ( 'NONE', *, *, #1852, .T. ) ;
#3044 = DIRECTION ( 'NONE',  ( 0.000000000000000000, 0.000000000000000000, -1.000000000000000000 ) ) ;
#3045 = LINE ( 'NONE', #1011, #1269 ) ;
#3046 = ORIENTED_EDGE ( 'NONE', *, *, #885, .T. ) ;
#3047 = VERTEX_POINT ( 'NONE', #2678 ) ;
#3048 = ADVANCED_FACE ( 'NONE', ( #3281 ), #4670, .F. ) ;
#3049 = VECTOR ( 'NONE', #4675, 1000.000000000000114 ) ;
#3050 = VECTOR ( 'NONE', #2711, 1000.000000000000000 ) ;
#3051 = FACE_OUTER_BOUND ( 'NONE', #2684, .T. ) ;
#3052 = LINE ( 'NONE', #4978, #414 ) ;
#3053 = LINE ( 'NONE', #3527, #5236 ) ;
#3054 = ORIENTED_EDGE ( 'NONE', *, *, #1076, .T. ) ;
#3055 = SHAPE_DEFINITION_REPRESENTATION ( #2372, #2688 ) ;
#3056 = ORIENTED_EDGE ( 'NONE', *, *, #645, .F. ) ;
#3057 = CARTESIAN_POINT ( 'NONE',  ( 5.724999999999997868, 3.050000000000000266, -0.02500000000000021302 ) ) ;
#3058 = ORIENTED_EDGE ( 'NONE', *, *, #2414, .T. ) ;
#3059 = VERTEX_POINT ( 'NONE', #750 ) ;
#3060 = VECTOR ( 'NONE', #3347, 1000.000000000000000 ) ;
#3061 = ADVANCED_FACE ( 'NONE', ( #3722 ), #298, .F. ) ;
#3062 = CARTESIAN_POINT ( 'NONE',  ( 4.474999999999996980, 3.449999999999999734, 0.2950000000000000400 ) ) ;
#3063 = CARTESIAN_POINT ( 'NONE',  ( 2.425000000000000266, 0.5999999999999999778, 1.825000000000000622 ) ) ;
#3064 = DIRECTION ( 'NONE',  ( 0.000000000000000000, 1.000000000000000000, 0.000000000000000000 ) ) ;
#3065 = PLANE ( 'NONE',  #2997 ) ;
#3066 = FACE_OUTER_BOUND ( 'NONE', #5254, .T. ) ;
#3067 = CARTESIAN_POINT ( 'NONE',  ( 2.624999999999999556, 1.899999999999999689, 2.475000000000000533 ) ) ;
#3068 = VERTEX_POINT ( 'NONE', #1821 ) ;
#3069 = EDGE_LOOP ( 'NONE', ( #1276, #1148, #4868, #2663 ) ) ;
#3070 = LINE ( 'NONE', #2529, #1659 ) ;
#3071 = AXIS2_PLACEMENT_3D ( 'NONE', #2243, #3288, #1828 ) ;
#3072 = CARTESIAN_POINT ( 'NONE',  ( 4.274999999999997691, 0.3000000000000009881, -1.625000000000000888 ) ) ;
#3073 = DIRECTION ( 'NONE',  ( 1.000000000000000000, 0.000000000000000000, -1.807003620809174632E-16 ) ) ;
#3074 = ORIENTED_EDGE ( 'NONE', *, *, #5370, .T. ) ;
#3075 = LINE ( 'NONE', #5029, #2054 ) ;
#3076 = MECHANICAL_DESIGN_GEOMETRIC_PRESENTATION_REPRESENTATION (  '', ( #5810 ), #2873 ) ;
#3077 = CARTESIAN_POINT ( 'NONE',  ( 4.474999999999996980, 1.199999999999999734, 0.1750000000000000722 ) ) ;
#3078 = CARTESIAN_POINT ( 'NONE',  ( 5.524999999999997691, 0.1500000000000037970, -1.816421356237308826 ) ) ;
#3079 = ORIENTED_EDGE ( 'NONE', *, *, #3443, .F. ) ;
#3080 = EDGE_CURVE ( 'NONE', #1575, #991, #3248, .T. ) ;
#3081 = ORIENTED_EDGE ( 'NONE', *, *, #6268, .F. ) ;
#3082 = VECTOR ( 'NONE', #3038, 1000.000000000000000 ) ;
#3083 = LINE ( 'NONE', #3492, #929 ) ;
#3084 = DIRECTION ( 'NONE',  ( -1.000000000000000000, 0.000000000000000000, 0.000000000000000000 ) ) ;
#3085 = VERTEX_POINT ( 'NONE', #5666 ) ;
#3086 = EDGE_LOOP ( 'NONE', ( #4049, #562, #1110, #6135 ) ) ;
#3087 = DIRECTION ( 'NONE',  ( -1.000000000000000000, -0.000000000000000000, -0.000000000000000000 ) ) ;
#3088 = VERTEX_POINT ( 'NONE', #6089 ) ;
#3089 = VERTEX_POINT ( 'NONE', #1312 ) ;
#3090 = EDGE_CURVE ( 'NONE', #3882, #518, #5209, .T. ) ;
#3091 = CARTESIAN_POINT ( 'NONE',  ( 6.452032961426903412, 2.649999999999998135, 1.075000000000000400 ) ) ;
#3092 = CARTESIAN_POINT ( 'NONE',  ( 4.274999999999999467, 4.049999999999999822, 0.2749999999999994116 ) ) ;
#3093 = VECTOR ( 'NONE', #3400, 1000.000000000000114 ) ;
#3094 = CARTESIAN_POINT ( 'NONE',  ( 7.375000000000000888, 0.2500000000000000000, -0.3340169943749460302 ) ) ;
#3095 = PLANE ( 'NONE',  #4431 ) ;
#3096 = FACE_OUTER_BOUND ( 'NONE', #2110, .T. ) ;
#3097 = DIRECTION ( 'NONE',  ( 0.000000000000000000, 0.7071067811865474617, 0.7071067811865474617 ) ) ;
#3098 = ORIENTED_EDGE ( 'NONE', *, *, #4274, .T. ) ;
#3099 = AXIS2_PLACEMENT_3D ( 'NONE', #1674, #2060, #4492 ) ;
#3100 = AXIS2_PLACEMENT_3D ( 'NONE', #2800, #1937, #381 ) ;
#3101 = VECTOR ( 'NONE', #2397, 1000.000000000000000 ) ;
#3102 = LINE ( 'NONE', #1065, #139 ) ;
#3103 = DIRECTION ( 'NONE',  ( 0.000000000000000000, 0.000000000000000000, 1.000000000000000000 ) ) ;
#3104 = AXIS2_PLACEMENT_3D ( 'NONE', #244, #2215, #5622 ) ;
#3105 = CARTESIAN_POINT ( 'NONE',  ( 5.724999999999997868, 0.5000000000000022204, -1.324999999999999734 ) ) ;
#3106 = AXIS2_PLACEMENT_3D ( 'NONE', #883, #4156, #754 ) ;
#3107 = CARTESIAN_POINT ( 'NONE',  ( 5.524999999999998579, 3.299999999999999822, -1.224999999999999645 ) ) ;
#3108 = EDGE_CURVE ( 'NONE', #1034, #981, #5606, .T. ) ;
#3109 = AXIS2_PLACEMENT_3D ( 'NONE', #811, #1185, #2199 ) ;
#3110 = AXIS2_PLACEMENT_3D ( 'NONE', #2387, #4881, #3880 ) ;
#3111 = ADVANCED_FACE ( 'NONE', ( #3186 ), #1341, .T. ) ;
#3112 = CARTESIAN_POINT ( 'NONE',  ( 3.624999999999999556, 0.7428932188134522718, 0.3749999999999998335 ) ) ;
#3113 = LINE ( 'NONE', #190, #1366 ) ;
#3114 = VERTEX_POINT ( 'NONE', #3784 ) ;
#3115 = ORIENTED_EDGE ( 'NONE', *, *, #3167, .F. ) ;
#3116 = VERTEX_POINT ( 'NONE', #5142 ) ;
#3117 = ORIENTED_EDGE ( 'NONE', *, *, #763, .F. ) ;
#3118 = CARTESIAN_POINT ( 'NONE',  ( -7.875000000000000000, 0.6500000000000000222, -1.774999999999999689 ) ) ;
#3119 = DIRECTION ( 'NONE',  ( 1.000000000000000000, 0.000000000000000000, 0.000000000000000000 ) ) ;
#3120 = EDGE_LOOP ( 'NONE', ( #3811, #2146, #1976, #4588, #4002, #1398, #4693, #5377, #3115, #6080, #5932, #3865, #4777 ) ) ;
#3121 = LINE ( 'NONE', #2101, #170 ) ;
#3122 = ORIENTED_EDGE ( 'NONE', *, *, #2220, .T. ) ;
#3123 = EDGE_LOOP ( 'NONE', ( #5511, #4072, #4862, #1149 ) ) ;
#3124 = EDGE_CURVE ( 'NONE', #3678, #5699, #784, .T. ) ;
#3125 = DIRECTION ( 'NONE',  ( 0.000000000000000000, -1.355252715606880789E-16, 1.000000000000000000 ) ) ;
#3126 = FACE_OUTER_BOUND ( 'NONE', #5361, .T. ) ;
#3127 = LINE ( 'NONE', #4087, #2490 ) ;
#3128 = CARTESIAN_POINT ( 'NONE',  ( 7.375000000000000000, 3.950000000000000178, 0.000000000000000000 ) ) ;
#3129 = DIRECTION ( 'NONE',  ( 0.000000000000000000, -1.000000000000000000, 0.000000000000000000 ) ) ;
#3130 = ORIENTED_EDGE ( 'NONE', *, *, #4814, .T. ) ;
#3131 = VECTOR ( 'NONE', #3425, 1000.000000000000000 ) ;
#3132 = EDGE_CURVE ( 'NONE', #218, #1942, #6119, .T. ) ;
#3133 = DIRECTION ( 'NONE',  ( -1.000000000000000000, -0.000000000000000000, 0.000000000000000000 ) ) ;
#3134 = CARTESIAN_POINT ( 'NONE',  ( 3.125000000000000000, 1.449999999999999956, -1.174999999999999822 ) ) ;
#3135 = CARTESIAN_POINT ( 'NONE',  ( 2.624999999999999556, 1.899999999999999911, 1.825000000000000622 ) ) ;
#3136 = EDGE_CURVE ( 'NONE', #3047, #5991, #1023, .T. ) ;
#3137 = FILL_AREA_STYLE_COLOUR ( '', #2770 ) ;
#3138 = STYLED_ITEM ( 'NONE', ( #6152 ), #4722 ) ;
#3139 = CARTESIAN_POINT ( 'NONE',  ( 3.791666666666666075, 4.116666666666667140, 0.5416666666666666297 ) ) ;
#3140 = CARTESIAN_POINT ( 'NONE',  ( 2.125000000000000000, 4.049999999999999822, 2.475000000000000089 ) ) ;
#3141 = ORIENTED_EDGE ( 'NONE', *, *, #1192, .F. ) ;
#3142 = ORIENTED_EDGE ( 'NONE', *, *, #4192, .F. ) ;
#3143 = ORIENTED_EDGE ( 'NONE', *, *, #5466, .F. ) ;
#3144 = FACE_OUTER_BOUND ( 'NONE', #2359, .T. ) ;
#3145 = DIRECTION ( 'NONE',  ( -1.000000000000000000, -0.000000000000000000, -0.000000000000000000 ) ) ;
#3146 = EDGE_LOOP ( 'NONE', ( #5503, #5990, #972, #1611, #3551, #1804, #2423, #3633, #1743, #3737, #2844, #4972, #395 ) ) ;
#3147 = DIRECTION ( 'NONE',  ( -1.000000000000000000, 0.000000000000000000, 0.000000000000000000 ) ) ;
#3148 = ORIENTED_EDGE ( 'NONE', *, *, #5014, .T. ) ;
#3149 = ORIENTED_EDGE ( 'NONE', *, *, #1319, .F. ) ;
#3150 = EDGE_CURVE ( 'NONE', #5291, #588, #2900, .T. ) ;
#3151 = PLANE ( 'NONE',  #3109 ) ;
#3152 = DIRECTION ( 'NONE',  ( 0.000000000000000000, 0.7071067811865545671, -0.7071067811865405783 ) ) ;
#3153 = CARTESIAN_POINT ( 'NONE',  ( 4.474999999999996980, 0.5000000000000022204, -1.324999999999999734 ) ) ;
#3154 = FACE_OUTER_BOUND ( 'NONE', #1214, .T. ) ;
#3155 = FACE_OUTER_BOUND ( 'NONE', #5679, .T. ) ;
#3156 = ORIENTED_EDGE ( 'NONE', *, *, #1210, .F. ) ;
#3157 = VECTOR ( 'NONE', #2867, 1000.000000000000000 ) ;
#3158 = ADVANCED_FACE ( 'NONE', ( #3314 ), #419, .F. ) ;
#3159 = CARTESIAN_POINT ( 'NONE',  ( 7.375000000000000000, 4.049999999999999822, -1.374999999999997558 ) ) ;
#3160 = LINE ( 'NONE', #790, #363 ) ;
#3161 = VERTEX_POINT ( 'NONE', #5298 ) ;
#3162 = PRESENTATION_STYLE_ASSIGNMENT (( #1138 ) ) ;
#3163 = VERTEX_POINT ( 'NONE', #1978 ) ;
#3164 = EDGE_CURVE ( 'NONE', #4539, #5557, #2957, .T. ) ;
#3165 = CLOSED_SHELL ( 'NONE', ( #6281, #4347, #108, #4476, #2745, #532, #4463, #3775, #3961, #1502 ) ) ;
#3166 = VECTOR ( 'NONE', #5638, 1000.000000000000000 ) ;
#3167 = EDGE_CURVE ( 'NONE', #2289, #5625, #4405, .T. ) ;
#3168 = DIRECTION ( 'NONE',  ( -1.000000000000000000, 0.000000000000000000, -1.807003620809174632E-16 ) ) ;
#3169 = DIRECTION ( 'NONE',  ( -1.000000000000000000, 0.000000000000000000, 0.000000000000000000 ) ) ;
#3170 = LINE ( 'NONE', #5122, #1364 ) ;
#3171 = LINE ( 'NONE', #705, #1672 ) ;
#3172 = ORIENTED_EDGE ( 'NONE', *, *, #6062, .F. ) ;
#3173 = PRESENTATION_LAYER_ASSIGNMENT (  '', '', ( #2358 ) ) ;
#3174 = EDGE_CURVE ( 'NONE', #5819, #4721, #4792, .T. ) ;
#3175 = VERTEX_POINT ( 'NONE', #4853 ) ;
#3176 = CARTESIAN_POINT ( 'NONE',  ( 2.625000000000000444, 0.000000000000000000, -1.374999999999997558 ) ) ;
#3177 = DIRECTION ( 'NONE',  ( -1.000000000000000000, -0.000000000000000000, 0.000000000000000000 ) ) ;
#3178 = DIRECTION ( 'NONE',  ( -1.000000000000000000, -0.000000000000000000, -0.000000000000000000 ) ) ;
#3179 = EDGE_CURVE ( 'NONE', #6114, #2650, #1435, .T. ) ;
#3180 = ORIENTED_EDGE ( 'NONE', *, *, #4766, .T. ) ;
#3181 = ORIENTED_EDGE ( 'NONE', *, *, #2975, .F. ) ;
#3182 = CARTESIAN_POINT ( 'NONE',  ( 4.624999999999998224, 3.950000000000000178, 0.3750000000000001110 ) ) ;
#3183 = CARTESIAN_POINT ( 'NONE',  ( 7.375000000000000888, 0.5999999999999999778, 1.825000000000000622 ) ) ;
#3184 = CARTESIAN_POINT ( 'NONE',  ( 4.274999999999997691, 0.5000000000000022204, -1.324999999999999734 ) ) ;
#3185 = DIRECTION ( 'NONE',  ( 0.000000000000000000, -5.421010862427526114E-15, 1.000000000000000000 ) ) ;
#3186 = FACE_OUTER_BOUND ( 'NONE', #6282, .T. ) ;
#3187 = ORIENTED_EDGE ( 'NONE', *, *, #1153, .T. ) ;
#3188 = EDGE_CURVE ( 'NONE', #981, #4324, #6273, .T. ) ;
#3189 = DIRECTION ( 'NONE',  ( -1.000000000000000000, 0.000000000000000000, 1.807003620809174632E-16 ) ) ;
#3190 = LINE ( 'NONE', #2242, #1471 ) ;
#3191 = ORIENTED_EDGE ( 'NONE', *, *, #407, .F. ) ;
#3192 = PLANE ( 'NONE',  #644 ) ;
#3193 = EDGE_LOOP ( 'NONE', ( #3602, #1051, #2699, #3864 ) ) ;
#3194 = AXIS2_PLACEMENT_3D ( 'NONE', #3239, #5197, #3776 ) ;
#3195 = AXIS2_PLACEMENT_3D ( 'NONE', #4365, #6292, #5684 ) ;
#3196 = CARTESIAN_POINT ( 'NONE',  ( 2.624999999999999556, 0.2500000000000000000, 0.2250000000000008105 ) ) ;
#3197 = AXIS2_PLACEMENT_3D ( 'NONE', #1540, #4895, #6253 ) ;
#3198 = CARTESIAN_POINT ( 'NONE',  ( -6.875000000000000000, 4.000000000000000000, -1.224999999999999645 ) ) ;
#3199 = DIRECTION ( 'NONE',  ( 1.000000000000000000, 0.000000000000000000, 0.000000000000000000 ) ) ;
#3200 = LINE ( 'NONE', #5162, #5344 ) ;
#3201 = ORIENTED_EDGE ( 'NONE', *, *, #4154, .F. ) ;
#3202 = VECTOR ( 'NONE', #6278, 1000.000000000000000 ) ;
#3203 = VECTOR ( 'NONE', #6263, 1000.000000000000000 ) ;
#3204 = ORIENTED_EDGE ( 'NONE', *, *, #776, .F. ) ;
#3205 = VECTOR ( 'NONE', #6118, 1000.000000000000000 ) ;
#3206 = ADVANCED_FACE ( 'NONE', ( #4311 ), #2388, .F. ) ;
#3207 = VECTOR ( 'NONE', #2842, 1000.000000000000000 ) ;
#3209 = EDGE_CURVE ( 'NONE', #6266, #3358, #4375, .T. ) ;
#3208 = CARTESIAN_POINT ( 'NONE',  ( 2.625000000000000444, 3.399999999999999911, -0.3249999999999995670 ) ) ;
#3210 = CARTESIAN_POINT ( 'NONE',  ( 5.724999999999998757, 4.049999999999999822, -1.174999999999999822 ) ) ;
#3211 = VECTOR ( 'NONE', #2432, 1000.000000000000000 ) ;
#3212 = DIRECTION ( 'NONE',  ( 0.000000000000000000, -5.421010862427520198E-16, 1.000000000000000000 ) ) ;
#3213 = LINE ( 'NONE', #5599, #2395 ) ;
#3214 = ORIENTED_EDGE ( 'NONE', *, *, #3217, .T. ) ;
#3215 = ORIENTED_EDGE ( 'NONE', *, *, #336, .T. ) ;
#3216 = VERTEX_POINT ( 'NONE', #1462 ) ;
#3217 = EDGE_CURVE ( 'NONE', #4261, #5858, #35, .T. ) ;
#3218 = PLANE ( 'NONE',  #1577 ) ;
#3219 = DIRECTION ( 'NONE',  ( 0.000000000000000000, -1.000000000000000000, 0.000000000000000000 ) ) ;
#3220 = DIRECTION ( 'NONE',  ( -1.000000000000000000, -0.000000000000000000, -0.000000000000000000 ) ) ;
#3221 = LINE ( 'NONE', #5695, #54 ) ;
#3222 = DIRECTION ( 'NONE',  ( 1.000000000000000000, -0.000000000000000000, -0.000000000000000000 ) ) ;
#3223 = CARTESIAN_POINT ( 'NONE',  ( 5.524999999999998579, 1.199999999999999734, 0.1750000000000000722 ) ) ;
#3224 = CARTESIAN_POINT ( 'NONE',  ( 6.452032961426903412, 2.250000000000000000, 0.6750000000000004885 ) ) ;
#3225 = DIRECTION ( 'NONE',  ( 0.000000000000000000, -1.000000000000000000, 0.000000000000000000 ) ) ;
#3226 = UNCERTAINTY_MEASURE_WITH_UNIT (LENGTH_MEASURE( 1.000000000000000082E-05 ), #925, 'distance_accuracy_value', 'NONE');
#3227 = ORIENTED_EDGE ( 'NONE', *, *, #3485, .F. ) ;
#3228 = CARTESIAN_POINT ( 'NONE',  ( 7.781793621149187601, 3.050000000000000266, 0.000000000000000000 ) ) ;
#3229 = VECTOR ( 'NONE', #1293, 1000.000000000000000 ) ;
#3230 = DIRECTION ( 'NONE',  ( 1.000000000000000000, 0.000000000000000000, 0.000000000000000000 ) ) ;
#3231 = CARTESIAN_POINT ( 'NONE',  ( 4.474999999999996980, 0.3500000000000009215, -1.324999999999999512 ) ) ;
#3232 = DIRECTION ( 'NONE',  ( 1.000000000000000000, -0.000000000000000000, -0.000000000000000000 ) ) ;
#3233 = AXIS2_PLACEMENT_3D ( 'NONE', #280, #2693, #4227 ) ;
#3234 = CARTESIAN_POINT ( 'NONE',  ( 4.624999999999998224, 3.950000000000000178, 0.1750000000000000999 ) ) ;
#3235 = ORIENTED_EDGE ( 'NONE', *, *, #5939, .T. ) ;
#3236 = VERTEX_POINT ( 'NONE', #1948 ) ;
#3237 = LINE ( 'NONE', #1331, #5472 ) ;
#3238 = LINE ( 'NONE', #3118, #3860 ) ;
#3239 = CARTESIAN_POINT ( 'NONE',  ( 7.375000000000000000, 4.049999999999999822, 0.1750000000000002387 ) ) ;
#3240 = FACE_OUTER_BOUND ( 'NONE', #3334, .T. ) ;
#3241 = VERTEX_POINT ( 'NONE', #3403 ) ;
#3242 = ORIENTED_EDGE ( 'NONE', *, *, #3164, .T. ) ;
#3243 = EDGE_CURVE ( 'NONE', #2655, #3018, #3820, .T. ) ;
#3244 = LINE ( 'NONE', #840, #2312 ) ;
#3245 = LINE ( 'NONE', #266, #1231 ) ;
#3246 = DIRECTION ( 'NONE',  ( -1.000000000000000000, 0.000000000000000000, -0.000000000000000000 ) ) ;
#3247 = CARTESIAN_POINT ( 'NONE',  ( 5.524999999999998579, 3.299999999999999822, -0.7749999999999999112 ) ) ;
#3248 = LINE ( 'NONE', #4150, #3875 ) ;
#3249 = ORIENTED_EDGE ( 'NONE', *, *, #4555, .F. ) ;
#3250 = EDGE_CURVE ( 'NONE', #2760, #1034, #5725, .T. ) ;
#3251 = DIRECTION ( 'NONE',  ( 1.000000000000000000, 0.000000000000000000, 0.000000000000000000 ) ) ;
#3252 = FILL_AREA_STYLE ('',( #4611 ) ) ;
#3253 = VECTOR ( 'NONE', #684, 1000.000000000000000 ) ;
#3254 = PLANE ( 'NONE',  #771 ) ;
#3255 = FACE_OUTER_BOUND ( 'NONE', #5482, .T. ) ;
#3256 = EDGE_LOOP ( 'NONE', ( #5938, #3351, #505, #5430 ) ) ;
#3257 = VECTOR ( 'NONE', #4059, 1000.000000000000000 ) ;
#3258 = EDGE_CURVE ( 'NONE', #3489, #1070, #992, .T. ) ;
#3259 = LINE ( 'NONE', #2723, #1534 ) ;
#3260 = CARTESIAN_POINT ( 'NONE',  ( 0.000000000000000000, 4.049999999999999822, 0.4749999999999995337 ) ) ;
#3261 = LINE ( 'NONE', #5651, #3229 ) ;
#3262 = DIRECTION ( 'NONE',  ( -1.000000000000000000, 0.000000000000000000, 0.000000000000000000 ) ) ;
#3263 = ORIENTED_EDGE ( 'NONE', *, *, #5980, .F. ) ;
#3264 = ORIENTED_EDGE ( 'NONE', *, *, #4355, .T. ) ;
#3265 = EDGE_LOOP ( 'NONE', ( #4484, #4252, #4529, #1643 ) ) ;
#3266 = ORIENTED_EDGE ( 'NONE', *, *, #3124, .F. ) ;
#3267 = EDGE_CURVE ( 'NONE', #1503, #679, #1405, .T. ) ;
#3268 = DIRECTION ( 'NONE',  ( -0.000000000000000000, 0.7071067811865474617, 0.7071067811865474617 ) ) ;
#3269 = VECTOR ( 'NONE', #3632, 1000.000000000000000 ) ;
#3270 = ADVANCED_FACE ( 'NONE', ( #2871 ), #5328, .F. ) ;
#3271 = LINE ( 'NONE', #1358, #2179 ) ;
#3272 = LINE ( 'NONE', #2832, #4198 ) ;
#3273 = LINE ( 'NONE', #5630, #5642 ) ;
#3274 = ORIENTED_EDGE ( 'NONE', *, *, #2156, .F. ) ;
#3275 = ORIENTED_EDGE ( 'NONE', *, *, #521, .T. ) ;
#3276 = ORIENTED_EDGE ( 'NONE', *, *, #5860, .T. ) ;
#3277 = LINE ( 'NONE', #6231, #4025 ) ;
#3278 = PLANE ( 'NONE',  #2855 ) ;
#3279 = PLANE ( 'NONE',  #2798 ) ;
#3280 = CARTESIAN_POINT ( 'NONE',  ( 2.425000000000000266, 1.899999999999999911, 1.825000000000000622 ) ) ;
#3281 = FACE_OUTER_BOUND ( 'NONE', #762, .T. ) ;
#3282 = EDGE_CURVE ( 'NONE', #2309, #2853, #3433, .T. ) ;
#3283 = EDGE_CURVE ( 'NONE', #316, #1419, #2481, .T. ) ;
#3284 = ORIENTED_EDGE ( 'NONE', *, *, #284, .T. ) ;
#3285 = FACE_OUTER_BOUND ( 'NONE', #1184, .T. ) ;
#3286 = LINE ( 'NONE', #1826, #4838 ) ;
#3287 = ORIENTED_EDGE ( 'NONE', *, *, #5187, .F. ) ;
#3288 = DIRECTION ( 'NONE',  ( 1.807003620809174632E-16, 0.000000000000000000, -1.000000000000000000 ) ) ;
#3289 = EDGE_CURVE ( 'NONE', #2405, #1329, #5413, .T. ) ;
#3290 = DIRECTION ( 'NONE',  ( -0.5773502691896259531, 0.5773502691896259531, 0.5773502691896253980 ) ) ;
#3291 = PLANE ( 'NONE',  #3233 ) ;
#3292 = CARTESIAN_POINT ( 'NONE',  ( 5.524999999999998579, 3.950000000000000178, 0.3750000000000000000 ) ) ;
#3293 = EDGE_CURVE ( 'NONE', #1070, #5858, #687, .T. ) ;
#3294 = CIRCLE ( 'NONE', #45, 0.1000000000000000472 ) ;
#3295 = DIRECTION ( 'NONE',  ( -1.000000000000000000, 0.000000000000000000, 0.000000000000000000 ) ) ;
#3296 = ORIENTED_EDGE ( 'NONE', *, *, #6021, .T. ) ;
#3297 = VECTOR ( 'NONE', #675, 1000.000000000000000 ) ;
#3298 = VECTOR ( 'NONE', #3262, 1000.000000000000000 ) ;
#3299 = EDGE_CURVE ( 'NONE', #714, #350, #135, .T. ) ;
#3301 = LINE ( 'NONE', #2343, #2722 ) ;
#3300 = SHAPE_REPRESENTATION ( 'BM02B-GHS-TBT (LF)(SN)(N)', ( #1474, #3002 ), #1682 ) ;
#3302 = AXIS2_PLACEMENT_3D ( 'NONE', #5083, #4060, #5995 ) ;
#3303 = CIRCLE ( 'NONE', #4231, 0.09999999999999982514 ) ;
#3304 = LINE ( 'NONE', #1869, #2381 ) ;
#3305 = VECTOR ( 'NONE', #874, 1000.000000000000000 ) ;
#3306 = DIRECTION ( 'NONE',  ( 0.000000000000000000, 1.000000000000000000, 0.000000000000000000 ) ) ;
#3307 = EDGE_LOOP ( 'NONE', ( #1965, #2644, #5889, #3201, #3532, #5888 ) ) ;
#3308 = ORIENTED_EDGE ( 'NONE', *, *, #4591, .F. ) ;
#3309 = VECTOR ( 'NONE', #741, 1000.000000000000000 ) ;
#3310 = VECTOR ( 'NONE', #4926, 1000.000000000000000 ) ;
#3311 = CARTESIAN_POINT ( 'NONE',  ( 6.452032961426903412, 3.250000000000000000, 0.6750000000000004885 ) ) ;
#3312 = CARTESIAN_POINT ( 'NONE',  ( 4.274999999999998579, 1.449999999999999956, -0.7749999999999999112 ) ) ;
#3313 = FACE_OUTER_BOUND ( 'NONE', #982, .T. ) ;
#3314 = FACE_OUTER_BOUND ( 'NONE', #2816, .T. ) ;
#3315 = EDGE_LOOP ( 'NONE', ( #3235, #4530, #5414, #2150 ) ) ;
#3316 = CARTESIAN_POINT ( 'NONE',  ( 4.474999999999996980, 0.3500000000000009215, -1.324999999999999512 ) ) ;
#3317 = VERTEX_POINT ( 'NONE', #1592 ) ;
#3318 = CARTESIAN_POINT ( 'NONE',  ( 4.474999999999996980, 3.050000000000000266, -0.1049999999999996214 ) ) ;
#3319 = EDGE_CURVE ( 'NONE', #5136, #2309, #199, .T. ) ;
#3320 = ADVANCED_FACE ( 'NONE', ( #228 ), #2069, .F. ) ;
#3321 = DIRECTION ( 'NONE',  ( -1.000000000000000000, -0.000000000000000000, -0.000000000000000000 ) ) ;
#3322 = LINE ( 'NONE', #5744, #4974 ) ;
#3323 = CARTESIAN_POINT ( 'NONE',  ( 2.725000000000000089, 0.2500000000000000000, 2.475000000000000089 ) ) ;
#3324 = DIRECTION ( 'NONE',  ( -1.000000000000000000, -0.000000000000000000, 0.000000000000000000 ) ) ;
#3325 = ORIENTED_EDGE ( 'NONE', *, *, #1789, .F. ) ;
#3326 = VERTEX_POINT ( 'NONE', #3530 ) ;
#3327 = EDGE_CURVE ( 'NONE', #2401, #4285, #2039, .T. ) ;
#3328 = AXIS2_PLACEMENT_3D ( 'NONE', #5292, #4275, #6269 ) ;
#3329 = CARTESIAN_POINT ( 'NONE',  ( 4.474999999999996980, -0.1499999999999963862, -1.474999999999999645 ) ) ;
#3330 = DIRECTION ( 'NONE',  ( 0.000000000000000000, 3.336006684570783101E-16, -1.000000000000000000 ) ) ;
#3331 = LINE ( 'NONE', #382, #5611 ) ;
#3332 = LINE ( 'NONE', #2889, #2903 ) ;
#3333 = ORIENTED_EDGE ( 'NONE', *, *, #6268, .T. ) ;
#3334 = EDGE_LOOP ( 'NONE', ( #2365, #866, #2883, #799 ) ) ;
#3335 = AXIS2_PLACEMENT_3D ( 'NONE', #1538, #3479, #1066 ) ;
#3336 = LINE ( 'NONE', #6204, #6150 ) ;
#3337 = VECTOR ( 'NONE', #5049, 1000.000000000000227 ) ;
#3338 = DIRECTION ( 'NONE',  ( 0.000000000000000000, 0.000000000000000000, 1.000000000000000000 ) ) ;
#3339 = CARTESIAN_POINT ( 'NONE',  ( 6.000000000000000888, 0.000000000000000000, 0.6750000000000004885 ) ) ;
#3340 = ORIENTED_EDGE ( 'NONE', *, *, #4875, .F. ) ;
#3341 = SHAPE_REPRESENTATION_RELATIONSHIP ( 'NONE' , 'NONE' ,  #2688, #308 ) ;
#3342 = EDGE_CURVE ( 'NONE', #2252, #4778, #2642, .T. ) ;
#3343 = PRODUCT ( 'BMxxB-GHS-TBT_02', 'BMxxB-GHS-TBT_02', '', ( #2127 ) ) ;
#3344 = DIRECTION ( 'NONE',  ( 0.000000000000000000, 0.7071067811865475727, 0.7071067811865474617 ) ) ;
#3345 = ORIENTED_EDGE ( 'NONE', *, *, #5716, .T. ) ;
#3346 = EDGE_CURVE ( 'NONE', #1713, #1958, #102, .T. ) ;
#3347 = DIRECTION ( 'NONE',  ( -1.000000000000000000, 0.000000000000000000, 0.000000000000000000 ) ) ;
#3348 = CARTESIAN_POINT ( 'NONE',  ( 5.524999999999998579, 1.199999999999999734, 0.1750000000000000722 ) ) ;
#3349 = EDGE_CURVE ( 'NONE', #2922, #837, #1554, .T. ) ;
#3350 = CARTESIAN_POINT ( 'NONE',  ( 4.474999999999996980, -0.04999999999999568678, -2.474999999999999645 ) ) ;
#3351 = ORIENTED_EDGE ( 'NONE', *, *, #993, .T. ) ;
#3352 = VECTOR ( 'NONE', #6144, 1000.000000000000227 ) ;
#3353 = LINE ( 'NONE', #5308, #786 ) ;
#3354 = LINE ( 'NONE', #3447, #1816 ) ;
#3355 = LINE ( 'NONE', #4358, #1573 ) ;
#3356 = PLANE ( 'NONE',  #6044 ) ;
#3357 = EDGE_CURVE ( 'NONE', #588, #283, #5481, .T. ) ;
#3358 = VERTEX_POINT ( 'NONE', #3057 ) ;
#3359 = EDGE_LOOP ( 'NONE', ( #6210, #5256, #6239, #5508 ) ) ;
#3360 = VECTOR ( 'NONE', #627, 1000.000000000000000 ) ;
#3361 = EDGE_CURVE ( 'NONE', #3241, #3089, #3591, .T. ) ;
#3362 = DIRECTION ( 'NONE',  ( -1.000000000000000000, 0.000000000000000000, 0.000000000000000000 ) ) ;
#3363 = FACE_OUTER_BOUND ( 'NONE', #3307, .T. ) ;
#3364 = CARTESIAN_POINT ( 'NONE',  ( 7.375000000000000888, 0.2500000000000000000, 2.475000000000000089 ) ) ;
#3365 = DIRECTION ( 'NONE',  ( 0.000000000000000000, -0.7071067811865475727, 0.7071067811865475727 ) ) ;
#3366 = ORIENTED_EDGE ( 'NONE', *, *, #1762, .T. ) ;
#3367 = VECTOR ( 'NONE', #3699, 1000.000000000000000 ) ;
#3368 = AXIS2_PLACEMENT_3D ( 'NONE', #720, #236, #4960 ) ;
#3369 = CARTESIAN_POINT ( 'NONE',  ( 4.274999999999998579, 1.199999999999999734, 0.1750000000000000722 ) ) ;
#3370 = PLANE ( 'NONE',  #2043 ) ;
#3371 = ADVANCED_FACE ( 'NONE', ( #654 ), #3980, .F. ) ;
#3372 = DIRECTION ( 'NONE',  ( 0.000000000000000000, 5.251604272976699179E-15, -1.000000000000000000 ) ) ;
#3373 = ORIENTED_EDGE ( 'NONE', *, *, #3595, .F. ) ;
#3374 = CARTESIAN_POINT ( 'NONE',  ( 4.274999999999997691, -0.04999999999999567291, -2.474999999999999645 ) ) ;
#3375 = EDGE_LOOP ( 'NONE', ( #701, #3858, #3325, #5165 ) ) ;
#3376 = VECTOR ( 'NONE', #6197, 1000.000000000000000 ) ;
#3377 = VERTEX_POINT ( 'NONE', #2577 ) ;
#3378 = LINE ( 'NONE', #3825, #2528 ) ;
#3379 = CARTESIAN_POINT ( 'NONE',  ( 4.274999999999998579, 1.449999999999999956, 0.000000000000000000 ) ) ;
#3380 = FACE_OUTER_BOUND ( 'NONE', #5589, .T. ) ;
#3381 = ORIENTED_EDGE ( 'NONE', *, *, #5906, .T. ) ;
#3382 = ORIENTED_EDGE ( 'NONE', *, *, #6186, .F. ) ;
#3383 = VECTOR ( 'NONE', #5058, 1000.000000000000000 ) ;
#3384 = CARTESIAN_POINT ( 'NONE',  ( 5.524999999999997691, -0.1499999999999963862, -1.474999999999999645 ) ) ;
#3385 = FACE_OUTER_BOUND ( 'NONE', #5545, .T. ) ;
#3386 = PLANE ( 'NONE',  #973 ) ;
#3387 = EDGE_LOOP ( 'NONE', ( #5536, #3524, #1721, #4930, #421, #5098 ) ) ;
#3388 = ORIENTED_EDGE ( 'NONE', *, *, #4577, .F. ) ;
#3389 = DIRECTION ( 'NONE',  ( 0.000000000000000000, 0.000000000000000000, 1.000000000000000000 ) ) ;
#3390 = CARTESIAN_POINT ( 'NONE',  ( 3.124999999999999112, -6.123233995736742617E-17, 0.2250000000000008105 ) ) ;
#3391 = VECTOR ( 'NONE', #2725, 1000.000000000000000 ) ;
#3392 = VERTEX_POINT ( 'NONE', #1090 ) ;
#3393 = DIRECTION ( 'NONE',  ( 0.000000000000000000, 0.000000000000000000, -1.000000000000000000 ) ) ;
#3394 = ORIENTED_EDGE ( 'NONE', *, *, #142, .T. ) ;
#3396 = LINE ( 'NONE', #648, #2521 ) ;
#3395 = VECTOR ( 'NONE', #1323, 1000.000000000000000 ) ;
#3397 = ADVANCED_FACE ( 'NONE', ( #4473 ), #168, .F. ) ;
#3398 = VECTOR ( 'NONE', #1636, 1000.000000000000000 ) ;
#3399 = LINE ( 'NONE', #5355, #5001 ) ;
#3400 = DIRECTION ( 'NONE',  ( -0.000000000000000000, -0.7071067811865431318, -0.7071067811865517916 ) ) ;
#3401 = VERTEX_POINT ( 'NONE', #5510 ) ;
#3402 = DIRECTION ( 'NONE',  ( 1.000000000000000000, 0.000000000000000000, 0.000000000000000000 ) ) ;
#3403 = CARTESIAN_POINT ( 'NONE',  ( 7.375000000000000000, 3.950000000000000178, 0.1750000000000002387 ) ) ;
#3404 = ORIENTED_EDGE ( 'NONE', *, *, #736, .F. ) ;
#3405 = VECTOR ( 'NONE', #3623, 1000.000000000000000 ) ;
#3406 = VERTEX_POINT ( 'NONE', #621 ) ;
#3407 = VECTOR ( 'NONE', #1220, 999.9999999999998863 ) ;
#3408 = ORIENTED_EDGE ( 'NONE', *, *, #816, .T. ) ;
#3409 = SURFACE_STYLE_USAGE ( .BOTH. , #459 ) ;
#3410 = PLANE ( 'NONE',  #2443 ) ;
#3411 = DIRECTION ( 'NONE',  ( 0.000000000000000000, 0.000000000000000000, -1.000000000000000000 ) ) ;
#3412 = DIRECTION ( 'NONE',  ( -0.000000000000000000, -4.553649124439118623E-15, 1.000000000000000000 ) ) ;
#3413 = VERTEX_POINT ( 'NONE', #3950 ) ;
#3414 = DIRECTION ( 'NONE',  ( -1.000000000000000000, -0.000000000000000000, 0.000000000000000000 ) ) ;
#3415 = CARTESIAN_POINT ( 'NONE',  ( 7.875000000000000000, 3.399999999999999911, -1.174999999999999822 ) ) ;
#3416 = LINE ( 'NONE', #1447, #1781 ) ;
#3417 = ORIENTED_EDGE ( 'NONE', *, *, #5405, .T. ) ;
#3418 = ORIENTED_EDGE ( 'NONE', *, *, #4900, .F. ) ;
#3419 = FACE_OUTER_BOUND ( 'NONE', #1021, .T. ) ;
#3420 = DIRECTION ( 'NONE',  ( 1.000000000000000000, 0.000000000000000000, 0.000000000000000000 ) ) ;
#3421 = ORIENTED_EDGE ( 'NONE', *, *, #2788, .T. ) ;
#3422 = EDGE_CURVE ( 'NONE', #3979, #463, #3121, .T. ) ;
#3423 = ORIENTED_EDGE ( 'NONE', *, *, #5211, .T. ) ;
#3424 = VERTEX_POINT ( 'NONE', #4052 ) ;
#3425 = DIRECTION ( 'NONE',  ( -0.000000000000000000, -1.000000000000000000, -0.000000000000000000 ) ) ;
#3426 = DIRECTION ( 'NONE',  ( 0.000000000000000000, -1.355252715606880789E-16, 1.000000000000000000 ) ) ;
#3427 = DIRECTION ( 'NONE',  ( 0.000000000000000000, 0.7071067811865440200, 0.7071067811865511255 ) ) ;
#3428 = ORIENTED_EDGE ( 'NONE', *, *, #362, .F. ) ;
#3429 = ORIENTED_EDGE ( 'NONE', *, *, #5798, .T. ) ;
#3430 =( NAMED_UNIT ( * ) PLANE_ANGLE_UNIT ( ) SI_UNIT ( $, .RADIAN. ) );
#3431 = VECTOR ( 'NONE', #4848, 1000.000000000000000 ) ;
#3432 = ORIENTED_EDGE ( 'NONE', *, *, #4384, .F. ) ;
#3433 = LINE ( 'NONE', #5385, #4651 ) ;
#3434 = EDGE_CURVE ( 'NONE', #3358, #5527, #1622, .T. ) ;
#3435 = ORIENTED_EDGE ( 'NONE', *, *, #95, .F. ) ;
#3436 = VERTEX_POINT ( 'NONE', #5041 ) ;
#3437 = ADVANCED_FACE ( 'NONE', ( #5886 ), #2227, .F. ) ;
#3438 = CARTESIAN_POINT ( 'NONE',  ( 3.125000000000000000, 1.449999999999999956, 0.8749999999999998890 ) ) ;
#3439 = DIRECTION ( 'NONE',  ( -0.000000000000000000, 1.000000000000000000, -0.000000000000000000 ) ) ;
#3440 = DIRECTION ( 'NONE',  ( 1.000000000000000000, 0.000000000000000000, -0.000000000000000000 ) ) ;
#3441 = DIRECTION ( 'NONE',  ( 0.000000000000000000, -1.000000000000000000, 2.710505431213761393E-17 ) ) ;
#3442 = LINE ( 'NONE', #1469, #4908 ) ;
#3443 = EDGE_CURVE ( 'NONE', #4518, #2655, #6170, .T. ) ;
#3444 = VERTEX_POINT ( 'NONE', #2671 ) ;
#3445 = EDGE_CURVE ( 'NONE', #1345, #3489, #4662, .T. ) ;
#3446 = FACE_OUTER_BOUND ( 'NONE', #3120, .T. ) ;
#3447 = CARTESIAN_POINT ( 'NONE',  ( 7.875000000000000000, 1.899999999999999911, 1.825000000000000622 ) ) ;
#3448 = PLANE ( 'NONE',  #3503 ) ;
#3449 = ORIENTED_EDGE ( 'NONE', *, *, #105, .T. ) ;
#3450 = ADVANCED_FACE ( 'NONE', ( #1812 ), #4626, .F. ) ;
#3451 = PLANE ( 'NONE',  #6042 ) ;
#3452 = CARTESIAN_POINT ( 'NONE',  ( 4.330089135474556095, 0.5999999999999999778, 1.825000000000000622 ) ) ;
#3453 = AXIS2_PLACEMENT_3D ( 'NONE', #1748, #3680, #320 ) ;
#3454 = ORIENTED_EDGE ( 'NONE', *, *, #1547, .T. ) ;
#3455 = ORIENTED_EDGE ( 'NONE', *, *, #2937, .F. ) ;
#3456 = ADVANCED_FACE ( 'NONE', ( #4171 ), #5685, .T. ) ;
#3457 = EDGE_CURVE ( 'NONE', #2001, #1980, #3213, .T. ) ;
#3458 = DIRECTION ( 'NONE',  ( 1.000000000000000000, -0.000000000000000000, 0.000000000000000000 ) ) ;
#3459 = DIRECTION ( 'NONE',  ( 0.000000000000000000, 0.000000000000000000, -1.000000000000000000 ) ) ;
#3460 = LINE ( 'NONE', #1049, #1265 ) ;
#3461 = VERTEX_POINT ( 'NONE', #1687 ) ;
#3462 = ORIENTED_EDGE ( 'NONE', *, *, #220, .F. ) ;
#3463 = DIRECTION ( 'NONE',  ( 0.000000000000000000, 1.000000000000000000, 0.000000000000000000 ) ) ;
#3464 = EDGE_LOOP ( 'NONE', ( #1773, #429, #1295, #3404 ) ) ;
#3465 = VERTEX_POINT ( 'NONE', #2160 ) ;
#3466 = CLOSED_SHELL ( 'NONE', ( #2815, #5469, #6050, #1928, #97, #907, #3477 ) ) ;
#3467 = FACE_OUTER_BOUND ( 'NONE', #1434, .T. ) ;
#3468 = DIRECTION ( 'NONE',  ( 1.000000000000000000, 0.000000000000000000, 0.000000000000000000 ) ) ;
#3469 = CARTESIAN_POINT ( 'NONE',  ( 2.624999999999999556, 1.899999999999999689, 2.475000000000000533 ) ) ;
#3470 = LINE ( 'NONE', #77, #2089 ) ;
#3471 = DIRECTION ( 'NONE',  ( -1.000000000000000000, 0.000000000000000000, 0.000000000000000000 ) ) ;
#3472 =( GEOMETRIC_REPRESENTATION_CONTEXT ( 3 ) GLOBAL_UNCERTAINTY_ASSIGNED_CONTEXT ( ( #2719 ) ) GLOBAL_UNIT_ASSIGNED_CONTEXT ( ( #637, #2176, #6004 ) ) REPRESENTATION_CONTEXT ( 'NONE', 'WORKASPACE' ) );
#3473 = EDGE_CURVE ( 'NONE', #131, #3317, #2194, .T. ) ;
#3474 = PLANE ( 'NONE',  #6120 ) ;
#3475 = EDGE_CURVE ( 'NONE', #2611, #3413, #322, .T. ) ;
#3476 = ORIENTED_EDGE ( 'NONE', *, *, #640, .F. ) ;
#3477 = ADVANCED_FACE ( 'NONE', ( #806 ), #1718, .T. ) ;
#3478 = LINE ( 'NONE', #1568, #5720 ) ;
#3479 = DIRECTION ( 'NONE',  ( 0.000000000000000000, 1.000000000000000000, 0.000000000000000000 ) ) ;
#3480 = DIRECTION ( 'NONE',  ( 0.000000000000000000, -0.7071067811865474617, -0.7071067811865474617 ) ) ;
#3481 = ORIENTED_EDGE ( 'NONE', *, *, #1651, .F. ) ;
#3482 = PLANE ( 'NONE',  #3885 ) ;
#3483 = ORIENTED_EDGE ( 'NONE', *, *, #242, .T. ) ;
#3484 = EDGE_CURVE ( 'NONE', #2001, #6048, #1782, .T. ) ;
#3485 = EDGE_CURVE ( 'NONE', #3852, #101, #348, .T. ) ;
#3486 = DIRECTION ( 'NONE',  ( -1.000000000000000000, -0.000000000000000000, -0.000000000000000000 ) ) ;
#3487 = CARTESIAN_POINT ( 'NONE',  ( 7.575000000000000178, 0.000000000000000000, 2.475000000000000089 ) ) ;
#3488 = ORIENTED_EDGE ( 'NONE', *, *, #2198, .F. ) ;
#3489 = VERTEX_POINT ( 'NONE', #4694 ) ;
#3490 = EDGE_CURVE ( 'NONE', #5988, #2378, #6079, .T. ) ;
#3491 = CARTESIAN_POINT ( 'NONE',  ( 3.624999999999999556, 3.950000000000000178, 0.8749999999999996669 ) ) ;
#3492 = CARTESIAN_POINT ( 'NONE',  ( -6.875000000000000000, 3.950000000000000178, -1.174999999999999822 ) ) ;
#3493 = LINE ( 'NONE', #5953, #4737 ) ;
#3494 = VERTEX_POINT ( 'NONE', #2706 ) ;
#3495 = ORIENTED_EDGE ( 'NONE', *, *, #6023, .F. ) ;
#3496 = VERTEX_POINT ( 'NONE', #3682 ) ;
#3497 = AXIS2_PLACEMENT_3D ( 'NONE', #3848, #5265, #1489 ) ;
#3498 = DIRECTION ( 'NONE',  ( 0.000000000000000000, 0.000000000000000000, 1.000000000000000000 ) ) ;
#3499 = ORIENTED_EDGE ( 'NONE', *, *, #2662, .F. ) ;
#3500 = ORIENTED_EDGE ( 'NONE', *, *, #2347, .T. ) ;
#3501 = VECTOR ( 'NONE', #6189, 1000.000000000000000 ) ;
#3502 = VECTOR ( 'NONE', #2019, 1000.000000000000000 ) ;
#3503 = AXIS2_PLACEMENT_3D ( 'NONE', #2434, #3833, #5310 ) ;
#3504 = CARTESIAN_POINT ( 'NONE',  ( 0.000000000000000000, 0.000000000000000000, 0.000000000000000000 ) ) ;
#3505 = LINE ( 'NONE', #2046, #2531 ) ;
#3506 = CARTESIAN_POINT ( 'NONE',  ( 7.875000000000000000, 0.6500000000000000222, -1.774999999999999689 ) ) ;
#3507 = DIRECTION ( 'NONE',  ( 1.000000000000000000, 0.000000000000000000, 0.000000000000000000 ) ) ;
#3508 = AXIS2_PLACEMENT_3D ( 'NONE', #718, #2048, #5894 ) ;
#3509 = AXIS2_PLACEMENT_3D ( 'NONE', #3657, #2740, #1693 ) ;
#3510 = DIRECTION ( 'NONE',  ( 1.000000000000000000, 0.000000000000000000, -0.000000000000000000 ) ) ;
#3511 = CARTESIAN_POINT ( 'NONE',  ( 4.474999999999996980, 0.3000000000000008771, -1.374999999999999778 ) ) ;
#3512 = PRESENTATION_LAYER_ASSIGNMENT (  '', '', ( #2189 ) ) ;
#3513 = VERTEX_POINT ( 'NONE', #289 ) ;
#3514 = ORIENTED_EDGE ( 'NONE', *, *, #4490, .F. ) ;
#3515 = VECTOR ( 'NONE', #1920, 1000.000000000000000 ) ;
#3516 = CARTESIAN_POINT ( 'NONE',  ( 4.624999999999998224, 3.950000000000000178, 0.1750000000000000999 ) ) ;
#3517 = CARTESIAN_POINT ( 'NONE',  ( 7.375000000000000000, 3.399999999999999911, 0.1750000000000001554 ) ) ;
#3518 = VECTOR ( 'NONE', #3831, 1000.000000000000000 ) ;
#3519 = LINE ( 'NONE', #4966, #2180 ) ;
#3520 = EDGE_CURVE ( 'NONE', #307, #4806, #1751, .T. ) ;
#3521 = LINE ( 'NONE', #5002, #3297 ) ;
#3522 = LINE ( 'NONE', #1109, #2795 ) ;
#3523 = EDGE_CURVE ( 'NONE', #3161, #5423, #3273, .T. ) ;
#3524 = ORIENTED_EDGE ( 'NONE', *, *, #3930, .F. ) ;
#3525 = CARTESIAN_POINT ( 'NONE',  ( 4.624999999999998224, 0.000000000000000000, 0.000000000000000000 ) ) ;
#3526 = CARTESIAN_POINT ( 'NONE',  ( 2.375000000000000444, 3.399999999999999911, 0.1750000000000002387 ) ) ;
#3527 = CARTESIAN_POINT ( 'NONE',  ( 4.274999999999997691, 0.1792893218813485512, -1.745710678118654435 ) ) ;
#3528 = ORIENTED_EDGE ( 'NONE', *, *, #4264, .T. ) ;
#3529 = EDGE_LOOP ( 'NONE', ( #667, #2411, #405, #3625 ) ) ;
#3530 = CARTESIAN_POINT ( 'NONE',  ( 6.974999999999999645, 4.049999999999999822, -1.274999999999999245 ) ) ;
#3531 = VERTEX_POINT ( 'NONE', #2287 ) ;
#3532 = ORIENTED_EDGE ( 'NONE', *, *, #1868, .F. ) ;
#3533 = VECTOR ( 'NONE', #862, 1000.000000000000000 ) ;
#3534 = DIRECTION ( 'NONE',  ( 1.000000000000000000, -0.000000000000000000, -0.000000000000000000 ) ) ;
#3535 = DIRECTION ( 'NONE',  ( 0.000000000000000000, 8.642948658383688297E-16, 1.000000000000000000 ) ) ;
#3536 = AXIS2_PLACEMENT_3D ( 'NONE', #2879, #5368, #4320 ) ;
#3537 = LINE ( 'NONE', #4572, #2752 ) ;
#3538 = DIRECTION ( 'NONE',  ( 1.000000000000000000, 0.000000000000000000, 0.000000000000000000 ) ) ;
#3539 = PLANE ( 'NONE',  #2494 ) ;
#3540 = DIRECTION ( 'NONE',  ( 0.5773502691896290617, 0.5773502691896240657, 0.5773502691896240657 ) ) ;
#3541 = ORIENTED_EDGE ( 'NONE', *, *, #447, .F. ) ;
#3542 = DIRECTION ( 'NONE',  ( 0.000000000000000000, 0.000000000000000000, 1.000000000000000000 ) ) ;
#3543 = ADVANCED_FACE ( 'NONE', ( #3240 ), #836, .F. ) ;
#3544 = DIRECTION ( 'NONE',  ( -1.000000000000000000, 0.000000000000000000, 0.000000000000000000 ) ) ;
#3545 = CARTESIAN_POINT ( 'NONE',  ( 4.474999999999998757, 1.449999999999999956, -1.174999999999999822 ) ) ;
#3546 = FILL_AREA_STYLE ('',( #2117 ) ) ;
#3547 = VERTEX_POINT ( 'NONE', #5227 ) ;
#3548 = DIRECTION ( 'NONE',  ( -0.000000000000000000, 1.000000000000000000, 5.251604272976699968E-15 ) ) ;
#3549 = CARTESIAN_POINT ( 'NONE',  ( 2.125000000000000000, 0.6499999999999999112, -1.574999999999999512 ) ) ;
#3550 = ORIENTED_EDGE ( 'NONE', *, *, #5706, .F. ) ;
#3551 = ORIENTED_EDGE ( 'NONE', *, *, #3641, .T. ) ;
#3552 = EDGE_CURVE ( 'NONE', #599, #2958, #865, .T. ) ;
#3553 = VECTOR ( 'NONE', #3847, 1000.000000000000000 ) ;
#3554 = PLANE ( 'NONE',  #2214 ) ;
#3555 = CARTESIAN_POINT ( 'NONE',  ( 2.625000000000000444, 2.899999999999999911, -0.3249999999999997891 ) ) ;
#3556 = DIRECTION ( 'NONE',  ( 0.7071067811865490160, -0.000000000000000000, 0.7071067811865460184 ) ) ;
#3557 = ORIENTED_EDGE ( 'NONE', *, *, #3217, .F. ) ;
#3558 = CARTESIAN_POINT ( 'NONE',  ( 0.000000000000000000, 0.000000000000000000, 0.000000000000000000 ) ) ;
#3559 = ORIENTED_EDGE ( 'NONE', *, *, #1143, .F. ) ;
#3560 = CARTESIAN_POINT ( 'NONE',  ( 5.724999999999997868, 4.049999999999999822, 0.1750000000000000722 ) ) ;
#3561 = ORIENTED_EDGE ( 'NONE', *, *, #2335, .F. ) ;
#3562 = ORIENTED_EDGE ( 'NONE', *, *, #1691, .F. ) ;
#3563 = CIRCLE ( 'NONE', #1633, 0.1000000000000000472 ) ;
#3564 = ADVANCED_FACE ( 'NONE', ( #5812 ), #2923, .F. ) ;
#3565 = FACE_OUTER_BOUND ( 'NONE', #6075, .T. ) ;
#3566 = CARTESIAN_POINT ( 'NONE',  ( 3.999999999999999112, 0.2100000000000001865, 2.495000000000000551 ) ) ;
#3567 = LINE ( 'NONE', #1597, #632 ) ;
#3568 = CARTESIAN_POINT ( 'NONE',  ( -4.299999999999998934, 0.000000000000000000, 0.6750000000000004885 ) ) ;
#3569 = CARTESIAN_POINT ( 'NONE',  ( 4.474999999999997868, 1.199999999999999734, 0.3750000000000000000 ) ) ;
#3570 = CARTESIAN_POINT ( 'NONE',  ( 2.225000000000000533, 4.049999999999999822, 1.675000000000000266 ) ) ;
#3571 = ORIENTED_EDGE ( 'NONE', *, *, #1673, .T. ) ;
#3572 = ORIENTED_EDGE ( 'NONE', *, *, #1504, .T. ) ;
#3573 = ADVANCED_FACE ( 'NONE', ( #384 ), #3777, .F. ) ;
#3574 = SURFACE_STYLE_USAGE ( .BOTH. , #1634 ) ;
#3575 = AXIS2_PLACEMENT_3D ( 'NONE', #3036, #112, #4604 ) ;
#3576 = CARTESIAN_POINT ( 'NONE',  ( 5.724999999999999645, 3.949999999999998845, -1.174999999999997602 ) ) ;
#3577 = DIRECTION ( 'NONE',  ( -1.000000000000000000, 0.000000000000000000, -1.807003620809174632E-16 ) ) ;
#3578 = ORIENTED_EDGE ( 'NONE', *, *, #5060, .F. ) ;
#3579 = DIRECTION ( 'NONE',  ( 0.000000000000000000, -1.000000000000000000, -4.553649124439118623E-15 ) ) ;
#3580 = VECTOR ( 'NONE', #187, 1000.000000000000000 ) ;
#3581 = LINE ( 'NONE', #5094, #2484 ) ;
#3582 = CARTESIAN_POINT ( 'NONE',  ( 4.474999999999996980, 1.449999999999999956, 0.3750000000000000000 ) ) ;
#3583 = ORIENTED_EDGE ( 'NONE', *, *, #4716, .T. ) ;
#3584 = EDGE_LOOP ( 'NONE', ( #905, #934, #2942, #1306 ) ) ;
#3585 = EDGE_CURVE ( 'NONE', #2328, #2405, #3810, .T. ) ;
#3586 = VERTEX_POINT ( 'NONE', #2348 ) ;
#3587 = ORIENTED_EDGE ( 'NONE', *, *, #3966, .T. ) ;
#3588 = CARTESIAN_POINT ( 'NONE',  ( 5.375000000000001776, 2.649999999999998135, 1.075000000000000400 ) ) ;
#3589 = CARTESIAN_POINT ( 'NONE',  ( 4.124999999999999112, 3.950000000000000178, 0.3750000000000001110 ) ) ;
#3590 = ORIENTED_EDGE ( 'NONE', *, *, #3014, .T. ) ;
#3591 = LINE ( 'NONE', #1119, #3711 ) ;
#3592 = ORIENTED_EDGE ( 'NONE', *, *, #536, .F. ) ;
#3593 = ORIENTED_EDGE ( 'NONE', *, *, #728, .F. ) ;
#3594 = ORIENTED_EDGE ( 'NONE', *, *, #1528, .F. ) ;
#3595 = EDGE_CURVE ( 'NONE', #5699, #3424, #6228, .T. ) ;
#3596 = PLANE ( 'NONE',  #1678 ) ;
#3597 = AXIS2_PLACEMENT_3D ( 'NONE', #4237, #5573, #347 ) ;
#3598 = DIRECTION ( 'NONE',  ( 3.336006684570783101E-16, 1.000000000000000000, -0.000000000000000000 ) ) ;
#3599 = CYLINDRICAL_SURFACE ( 'NONE', #3907, 0.09999999999999982514 ) ;
#3600 = CARTESIAN_POINT ( 'NONE',  ( 5.524999999999998579, 1.449999999999999956, -0.02500000000000060854 ) ) ;
#3601 = CARTESIAN_POINT ( 'NONE',  ( 4.274999999999999467, 1.449999999999999956, -1.224999999999999645 ) ) ;
#3602 = ORIENTED_EDGE ( 'NONE', *, *, #3349, .T. ) ;
#3603 = VECTOR ( 'NONE', #3900, 1000.000000000000000 ) ;
#3604 = ADVANCED_FACE ( 'NONE', ( #4844 ), #1397, .F. ) ;
#3605 = VECTOR ( 'NONE', #1511, 1000.000000000000000 ) ;
#3606 = AXIS2_PLACEMENT_3D ( 'NONE', #4316, #558, #3826 ) ;
#3607 = DIRECTION ( 'NONE',  ( 0.000000000000000000, 1.000000000000000000, 0.000000000000000000 ) ) ;
#3608 = CARTESIAN_POINT ( 'NONE',  ( 2.625000000000000444, 3.950000000000000178, 0.1750000000000002387 ) ) ;
#3609 = VECTOR ( 'NONE', #2775, 1000.000000000000000 ) ;
#3610 = CARTESIAN_POINT ( 'NONE',  ( 6.452032961426903412, 2.649999999999998135, 1.075000000000000400 ) ) ;
#3611 = ORIENTED_EDGE ( 'NONE', *, *, #2536, .T. ) ;
#3612 = ORIENTED_EDGE ( 'NONE', *, *, #5229, .T. ) ;
#3613 = VECTOR ( 'NONE', #1525, 1000.000000000000000 ) ;
#3614 = PLANE ( 'NONE',  #5538 ) ;
#3615 = DIRECTION ( 'NONE',  ( 1.000000000000000000, 0.000000000000000000, -0.000000000000000000 ) ) ;
#3616 = ORIENTED_EDGE ( 'NONE', *, *, #1016, .T. ) ;
#3617 = ORIENTED_EDGE ( 'NONE', *, *, #6290, .F. ) ;
#3618 = ORIENTED_EDGE ( 'NONE', *, *, #2959, .T. ) ;
#3619 = EDGE_CURVE ( 'NONE', #5764, #1420, #5320, .T. ) ;
#3620 = PLANE ( 'NONE',  #2651 ) ;
#3621 = CARTESIAN_POINT ( 'NONE',  ( 6.375000000000000888, 1.449999999999999956, 0.8749999999999996669 ) ) ;
#3622 = EDGE_LOOP ( 'NONE', ( #4051, #2170, #5943, #60 ) ) ;
#3623 = DIRECTION ( 'NONE',  ( 1.000000000000000000, -0.000000000000000000, -0.000000000000000000 ) ) ;
#3624 = EDGE_LOOP ( 'NONE', ( #4143, #1969, #8, #3649 ) ) ;
#3625 = ORIENTED_EDGE ( 'NONE', *, *, #6101, .T. ) ;
#3626 = ORIENTED_EDGE ( 'NONE', *, *, #5129, .T. ) ;
#3627 = CARTESIAN_POINT ( 'NONE',  ( 7.875000000000000000, 0.000000000000000000, -0.8249999999999997335 ) ) ;
#3628 = DIRECTION ( 'NONE',  ( -1.000000000000000000, 4.688441826964343312E-16, 0.000000000000000000 ) ) ;
#3629 = ADVANCED_FACE ( 'NONE', ( #1871 ), #2861, .F. ) ;
#3630 = LINE ( 'NONE', #1310, #4942 ) ;
#3631 = LINE ( 'NONE', #4180, #2801 ) ;
#3632 = DIRECTION ( 'NONE',  ( -0.000000000000000000, 1.000000000000000000, -0.000000000000000000 ) ) ;
#3633 = ORIENTED_EDGE ( 'NONE', *, *, #2345, .T. ) ;
#3634 = EDGE_CURVE ( 'NONE', #590, #4924, #986, .T. ) ;
#3635 = AXIS2_PLACEMENT_3D ( 'NONE', #5650, #3732, #372 ) ;
#3636 = PRESENTATION_STYLE_ASSIGNMENT (( #1729 ) ) ;
#3637 =( NAMED_UNIT ( * ) PLANE_ANGLE_UNIT ( ) SI_UNIT ( $, .RADIAN. ) );
#3638 = EDGE_CURVE ( 'NONE', #4402, #743, #3332, .T. ) ;
#3639 = CARTESIAN_POINT ( 'NONE',  ( 5.524999999999998579, 1.449999999999999956, 0.1750000000000000722 ) ) ;
#3640 = LINE ( 'NONE', #4582, #5317 ) ;
#3641 = EDGE_CURVE ( 'NONE', #213, #1355, #3303, .T. ) ;
#3642 = EDGE_LOOP ( 'NONE', ( #3074, #3792, #5687, #6192 ) ) ;
#3643 = VECTOR ( 'NONE', #424, 1000.000000000000000 ) ;
#3644 = DIRECTION ( 'NONE',  ( -0.000000000000000000, -1.000000000000000000, -0.000000000000000000 ) ) ;
#3645 = EDGE_CURVE ( 'NONE', #4576, #3424, #1427, .T. ) ;
#3646 = CARTESIAN_POINT ( 'NONE',  ( 5.524999999999997691, 0.3000000000000009881, -1.625000000000000888 ) ) ;
#3647 = CARTESIAN_POINT ( 'NONE',  ( 4.474999999999997868, 3.950000000000000178, 0.3750000000000000000 ) ) ;
#3648 = ORIENTED_EDGE ( 'NONE', *, *, #3930, .T. ) ;
#3649 = ORIENTED_EDGE ( 'NONE', *, *, #5074, .T. ) ;
#3650 = CARTESIAN_POINT ( 'NONE',  ( 4.274999999999998579, 3.050000000000000266, 0.000000000000000000 ) ) ;
#3651 = DIRECTION ( 'NONE',  ( 0.000000000000000000, 0.000000000000000000, 1.000000000000000000 ) ) ;
#3652 = DIRECTION ( 'NONE',  ( 0.000000000000000000, 0.000000000000000000, -1.000000000000000000 ) ) ;
#3653 = ORIENTED_EDGE ( 'NONE', *, *, #5100, .F. ) ;
#3654 = ORIENTED_EDGE ( 'NONE', *, *, #3475, .T. ) ;
#3655 = ORIENTED_EDGE ( 'NONE', *, *, #1509, .T. ) ;
#3656 = ADVANCED_FACE ( 'NONE', ( #5289 ), #481, .F. ) ;
#3657 = CARTESIAN_POINT ( 'NONE',  ( 0.000000000000000000, 4.049999999999999822, 0.000000000000000000 ) ) ;
#3658 = LINE ( 'NONE', #3687, #315 ) ;
#3659 = DIRECTION ( 'NONE',  ( 1.000000000000000000, 0.000000000000000000, -0.000000000000000000 ) ) ;
#3660 = DIRECTION ( 'NONE',  ( -0.000000000000000000, 0.000000000000000000, -1.000000000000000000 ) ) ;
#3661 = DIRECTION ( 'NONE',  ( 0.000000000000000000, -5.421010862427526114E-15, 1.000000000000000000 ) ) ;
#3662 = ORIENTED_EDGE ( 'NONE', *, *, #4396, .T. ) ;
#3663 = VECTOR ( 'NONE', #3152, 1000.000000000000114 ) ;
#3664 = FILL_AREA_STYLE_COLOUR ( '', #5497 ) ;
#3665 = LINE ( 'NONE', #5613, #6248 ) ;
#3666 = EDGE_CURVE ( 'NONE', #4807, #5136, #509, .T. ) ;
#3667 = VERTEX_POINT ( 'NONE', #412 ) ;
#3668 = CARTESIAN_POINT ( 'NONE',  ( 6.275000000000001243, 4.049999999999999822, 0.4749999999999995337 ) ) ;
#3669 = ADVANCED_FACE ( 'NONE', ( #4300, #1026 ), #3922, .T. ) ;
#3670 = VECTOR ( 'NONE', #943, 1000.000000000000227 ) ;
#3671 = CARTESIAN_POINT ( 'NONE',  ( 5.724999999999998757, 2.899999999999996803, -0.7749999999999999112 ) ) ;
#3672 = DIRECTION ( 'NONE',  ( -1.000000000000000000, -0.000000000000000000, -0.000000000000000000 ) ) ;
#3673 = FACE_OUTER_BOUND ( 'NONE', #1083, .T. ) ;
#3674 = EDGE_CURVE ( 'NONE', #1329, #2370, #1093, .T. ) ;
#3675 = DIRECTION ( 'NONE',  ( 0.000000000000000000, 0.000000000000000000, -1.000000000000000000 ) ) ;
#3676 = ORIENTED_EDGE ( 'NONE', *, *, #5466, .T. ) ;
#3677 = VECTOR ( 'NONE', #6067, 1000.000000000000000 ) ;
#3678 = VERTEX_POINT ( 'NONE', #3438 ) ;
#3679 = DIRECTION ( 'NONE',  ( 1.000000000000000000, 0.000000000000000000, 0.000000000000000000 ) ) ;
#3680 = DIRECTION ( 'NONE',  ( 0.000000000000000000, -1.000000000000000000, 0.000000000000000000 ) ) ;
#3681 = CARTESIAN_POINT ( 'NONE',  ( 7.575000000000000178, 1.899999999999999911, 1.825000000000000622 ) ) ;
#3682 = CARTESIAN_POINT ( 'NONE',  ( 5.724999999999997868, 0.5000000000000022204, -1.324999999999999734 ) ) ;
#3683 = VERTEX_POINT ( 'NONE', #5891 ) ;
#3684 = ORIENTED_EDGE ( 'NONE', *, *, #574, .T. ) ;
#3685 = VERTEX_POINT ( 'NONE', #3062 ) ;
#3686 = CARTESIAN_POINT ( 'NONE',  ( 6.531793621149187601, 3.449999999999999289, 0.3749999999999999445 ) ) ;
#3687 = CARTESIAN_POINT ( 'NONE',  ( 2.425000000000000266, 0.5999999999999999778, 1.825000000000000622 ) ) ;
#3688 = DIRECTION ( 'NONE',  ( 0.000000000000000000, 0.000000000000000000, -1.000000000000000000 ) ) ;
#3689 = DIRECTION ( 'NONE',  ( 0.000000000000000000, 1.000000000000000000, 0.000000000000000000 ) ) ;
#3690 = CARTESIAN_POINT ( 'NONE',  ( 6.000000000000000888, 0.000000000000000000, 2.075000000000000622 ) ) ;
#3691 = ORIENTED_EDGE ( 'NONE', *, *, #1956, .F. ) ;
#3692 = ORIENTED_EDGE ( 'NONE', *, *, #3020, .F. ) ;
#3693 = FACE_OUTER_BOUND ( 'NONE', #2984, .T. ) ;
#3694 = LINE ( 'NONE', #1315, #1714 ) ;
#3695 = DIRECTION ( 'NONE',  ( -1.000000000000000000, 0.000000000000000000, 0.000000000000000000 ) ) ;
#3696 = CARTESIAN_POINT ( 'NONE',  ( 6.974999999999995204, 4.049999999999999822, -1.775000000000000355 ) ) ;
#3697 = VERTEX_POINT ( 'NONE', #5514 ) ;
#3698 = VECTOR ( 'NONE', #2121, 1000.000000000000000 ) ;
#3699 = DIRECTION ( 'NONE',  ( -1.000000000000000000, 0.000000000000000000, 0.000000000000000000 ) ) ;
#3700 = VECTOR ( 'NONE', #4389, 1000.000000000000000 ) ;
#3701 = CARTESIAN_POINT ( 'NONE',  ( 6.375000000000000888, 0.7428932188134522718, 0.8749999999999996669 ) ) ;
#3702 = CARTESIAN_POINT ( 'NONE',  ( 5.524999999999997691, 0.09999999999999999167, -0.8250000000000010658 ) ) ;
#3703 = CARTESIAN_POINT ( 'NONE',  ( 5.724999999999997868, -0.04999999999999636680, -2.375000000000000000 ) ) ;
#3704 = EDGE_CURVE ( 'NONE', #1664, #4914, #2519, .T. ) ;
#3705 = VECTOR ( 'NONE', #3411, 1000.000000000000000 ) ;
#3706 = ORIENTED_EDGE ( 'NONE', *, *, #118, .T. ) ;
#3707 = VECTOR ( 'NONE', #4954, 1000.000000000000000 ) ;
#3708 = ORIENTED_EDGE ( 'NONE', *, *, #6086, .T. ) ;
#3709 = EDGE_LOOP ( 'NONE', ( #4736, #3618, #542, #5359 ) ) ;
#3710 =( GEOMETRIC_REPRESENTATION_CONTEXT ( 3 ) GLOBAL_UNCERTAINTY_ASSIGNED_CONTEXT ( ( #3962 ) ) GLOBAL_UNIT_ASSIGNED_CONTEXT ( ( #5821, #6272, #5327 ) ) REPRESENTATION_CONTEXT ( 'NONE', 'WORKASPACE' ) );
#3711 = VECTOR ( 'NONE', #5010, 1000.000000000000000 ) ;
#3712 = CARTESIAN_POINT ( 'NONE',  ( 5.724999999999997868, 0.3500000000000009215, -1.374999999999999778 ) ) ;
#3713 = DIRECTION ( 'NONE',  ( 0.000000000000000000, -1.000000000000000000, -4.553649124439118623E-15 ) ) ;
#3714 = EDGE_CURVE ( 'NONE', #5330, #44, #593, .T. ) ;
#3715 = CARTESIAN_POINT ( 'NONE',  ( 3.808333333333333570, 3.266666666666667052, 0.1916666666666670127 ) ) ;
#3716 = CARTESIAN_POINT ( 'NONE',  ( 5.524999999999997691, 0.4999999999999998890, -0.8249999999999997335 ) ) ;
#3717 = ORIENTED_EDGE ( 'NONE', *, *, #4136, .F. ) ;
#3718 = CARTESIAN_POINT ( 'NONE',  ( 7.575000000000000178, 0.000000000000000000, 2.475000000000000089 ) ) ;
#3719 = CARTESIAN_POINT ( 'NONE',  ( 5.374999999999999112, 1.199999999999999734, 0.3750000000000000555 ) ) ;
#3720 = CARTESIAN_POINT ( 'NONE',  ( 5.524999999999998579, 1.449999999999999956, 0.3750000000000000000 ) ) ;
#3721 = LINE ( 'NONE', #5208, #3609 ) ;
#3722 = FACE_OUTER_BOUND ( 'NONE', #5376, .T. ) ;
#3723 = LINE ( 'NONE', #847, #1424 ) ;
#3724 = DIRECTION ( 'NONE',  ( 0.000000000000000000, 0.000000000000000000, 1.000000000000000000 ) ) ;
#3725 = DIRECTION ( 'NONE',  ( 0.000000000000000000, -1.000000000000000000, 0.000000000000000000 ) ) ;
#3726 = ORIENTED_EDGE ( 'NONE', *, *, #2680, .T. ) ;
#3727 = DIRECTION ( 'NONE',  ( -1.000000000000000000, 0.000000000000000000, 1.807003620809174632E-16 ) ) ;
#3728 = EDGE_CURVE ( 'NONE', #1776, #5557, #4542, .T. ) ;
#3729 = EDGE_CURVE ( 'NONE', #2958, #3027, #2960, .T. ) ;
#3730 = VECTOR ( 'NONE', #203, 1000.000000000000114 ) ;
#3731 = DIRECTION ( 'NONE',  ( 0.000000000000000000, 0.7071067811865381358, 0.7071067811865570096 ) ) ;
#3732 = DIRECTION ( 'NONE',  ( 0.000000000000000000, -0.7071067811865475727, 0.7071067811865475727 ) ) ;
#3733 = CARTESIAN_POINT ( 'NONE',  ( 7.781793621149187601, 1.449999999999999956, -0.02500000000000060854 ) ) ;
#3734 = VECTOR ( 'NONE', #5309, 1000.000000000000000 ) ;
#3735 = PLANE ( 'NONE',  #5737 ) ;
#3736 = EDGE_LOOP ( 'NONE', ( #1479, #3691, #1523, #880 ) ) ;
#3737 = ORIENTED_EDGE ( 'NONE', *, *, #4318, .T. ) ;
#3738 = ORIENTED_EDGE ( 'NONE', *, *, #4506, .T. ) ;
#3739 = ORIENTED_EDGE ( 'NONE', *, *, #4012, .T. ) ;
#3740 = UNCERTAINTY_MEASURE_WITH_UNIT (LENGTH_MEASURE( 1.000000000000000082E-05 ), #366, 'distance_accuracy_value', 'NONE');
#3741 = CARTESIAN_POINT ( 'NONE',  ( -4.969259957225201950E-17, 4.049999999999999822, 0.2749999999999984679 ) ) ;
#3742 = CARTESIAN_POINT ( 'NONE',  ( 2.425000000000000266, 0.000000000000000000, 2.475000000000000089 ) ) ;
#3743 = EDGE_CURVE ( 'NONE', #4916, #5768, #5015, .T. ) ;
#3744 = DIRECTION ( 'NONE',  ( -1.000000000000000000, -0.000000000000000000, -0.000000000000000000 ) ) ;
#3745 = ORIENTED_EDGE ( 'NONE', *, *, #2980, .F. ) ;
#3746 = ORIENTED_EDGE ( 'NONE', *, *, #5934, .T. ) ;
#3747 = ORIENTED_EDGE ( 'NONE', *, *, #1262, .T. ) ;
#3748 = PLANE ( 'NONE',  #1786 ) ;
#3749 = PLANE ( 'NONE',  #2139 ) ;
#3750 = CARTESIAN_POINT ( 'NONE',  ( 4.274999999999998579, 1.449999999999999956, -0.7749999999999999112 ) ) ;
#3751 = LINE ( 'NONE', #5233, #3407 ) ;
#3752 = ADVANCED_FACE ( 'NONE', ( #522 ), #5417, .F. ) ;
#3753 = CARTESIAN_POINT ( 'NONE',  ( 7.375000000000000000, 0.000000000000000000, 0.000000000000000000 ) ) ;
#3754 = EDGE_LOOP ( 'NONE', ( #452, #6161, #4628, #4445 ) ) ;
#3755 = EDGE_CURVE ( 'NONE', #1420, #4657, #571, .T. ) ;
#3756 = EDGE_CURVE ( 'NONE', #4421, #4230, #5456, .T. ) ;
#3757 =( NAMED_UNIT ( * ) SI_UNIT ( $, .STERADIAN. ) SOLID_ANGLE_UNIT ( ) );
#3758 = CARTESIAN_POINT ( 'NONE',  ( 2.125000000000000000, 2.349999999999999645, 1.675000000000000266 ) ) ;
#3759 = AXIS2_PLACEMENT_3D ( 'NONE', #1587, #5476, #5506 ) ;
#3760 = CARTESIAN_POINT ( 'NONE',  ( 2.225000000000000533, 2.349999999999999645, 1.675000000000000266 ) ) ;
#3761 = CARTESIAN_POINT ( 'NONE',  ( 5.874999999999997335, 1.199999999999999734, 0.1750000000000000999 ) ) ;
#3762 = ADVANCED_FACE ( 'NONE', ( #5992 ), #106, .F. ) ;
#3763 = CIRCLE ( 'NONE', #1029, 0.09999999999999982514 ) ;
#3764 = PRODUCT_DEFINITION_CONTEXT ( 'detailed design', #4397, 'design' ) ;
#3765 = DIRECTION ( 'NONE',  ( 1.000000000000000000, 0.000000000000000000, 0.000000000000000000 ) ) ;
#3766 = CARTESIAN_POINT ( 'NONE',  ( 5.724999999999997868, 0.3000000000000009881, -1.625000000000000888 ) ) ;
#3767 = LINE ( 'NONE', #1259, #4326 ) ;
#3768 = CARTESIAN_POINT ( 'NONE',  ( 5.724999999999997868, 0.09999999999999999167, -0.8250000000000010658 ) ) ;
#3769 = ORIENTED_EDGE ( 'NONE', *, *, #1755, .F. ) ;
#3770 = ORIENTED_EDGE ( 'NONE', *, *, #655, .F. ) ;
#3771 = ORIENTED_EDGE ( 'NONE', *, *, #3941, .F. ) ;
#3772 = FACE_OUTER_BOUND ( 'NONE', #3584, .T. ) ;
#3773 = AXIS2_PLACEMENT_3D ( 'NONE', #884, #4253, #5673 ) ;
#3774 = LINE ( 'NONE', #5225, #2283 ) ;
#3775 = ADVANCED_FACE ( 'NONE', ( #3565 ), #1056, .F. ) ;
#3776 = DIRECTION ( 'NONE',  ( 0.000000000000000000, -1.000000000000000000, -1.251002506714043540E-16 ) ) ;
#3777 = PLANE ( 'NONE',  #5844 ) ;
#3778 = EDGE_LOOP ( 'NONE', ( #2425, #2715, #527, #3028 ) ) ;
#3779 = ORIENTED_EDGE ( 'NONE', *, *, #3319, .F. ) ;
#3780 = PLANE ( 'NONE',  #1993 ) ;
#3781 = FACE_OUTER_BOUND ( 'NONE', #744, .T. ) ;
#3782 = CARTESIAN_POINT ( 'NONE',  ( 4.274999999999997691, -0.1499999999999963862, -2.374999999999999112 ) ) ;
#3783 = DIRECTION ( 'NONE',  ( 0.000000000000000000, 8.642948658383688297E-16, 1.000000000000000000 ) ) ;
#3784 = CARTESIAN_POINT ( 'NONE',  ( 5.524999999999998579, 1.449999999999999956, 0.3750000000000000000 ) ) ;
#3785 = EDGE_CURVE ( 'NONE', #5793, #4438, #38, .T. ) ;
#3786 = EDGE_CURVE ( 'NONE', #994, #5625, #1984, .T. ) ;
#3787 = ORIENTED_EDGE ( 'NONE', *, *, #5378, .F. ) ;
#3788 = VECTOR ( 'NONE', #4091, 1000.000000000000000 ) ;
#3789 = FILL_AREA_STYLE ('',( #5795 ) ) ;
#3790 = DIRECTION ( 'NONE',  ( -1.000000000000000000, -0.000000000000000000, -0.000000000000000000 ) ) ;
#3791 = LINE ( 'NONE', #5829, #1677 ) ;
#3792 = ORIENTED_EDGE ( 'NONE', *, *, #4923, .T. ) ;
#3793 = PLANE ( 'NONE',  #3071 ) ;
#3794 = CARTESIAN_POINT ( 'NONE',  ( 6.000000000000000888, 0.000000000000000000, 2.075000000000000622 ) ) ;
#3795 = DIRECTION ( 'NONE',  ( 0.000000000000000000, 0.7071067811865475727, -0.7071067811865475727 ) ) ;
#3796 = CARTESIAN_POINT ( 'NONE',  ( 4.624999999999998224, 1.199999999999999734, 0.1750000000000000999 ) ) ;
#3797 = VECTOR ( 'NONE', #685, 1000.000000000000000 ) ;
#3798 = CARTESIAN_POINT ( 'NONE',  ( 5.524999999999998579, 1.577500000000001235, -1.577499999999999902 ) ) ;
#3799 = ORIENTED_EDGE ( 'NONE', *, *, #2429, .F. ) ;
#3800 = ORIENTED_EDGE ( 'NONE', *, *, #1843, .T. ) ;
#3801 = CIRCLE ( 'NONE', #3099, 0.05000000000000012768 ) ;
#3802 = VECTOR ( 'NONE', #1418, 1000.000000000000000 ) ;
#3803 = VECTOR ( 'NONE', #3225, 1000.000000000000000 ) ;
#3804 = EDGE_CURVE ( 'NONE', #1601, #4038, #2045, .T. ) ;
#3805 = CARTESIAN_POINT ( 'NONE',  ( 5.724999999999997868, 1.449999999999999956, 0.1750000000000000722 ) ) ;
#3806 = VECTOR ( 'NONE', #555, 1000.000000000000000 ) ;
#3807 = FACE_OUTER_BOUND ( 'NONE', #5290, .T. ) ;
#3808 = AXIS2_PLACEMENT_3D ( 'NONE', #3247, #6146, #3660 ) ;
#3809 = LINE ( 'NONE', #5905, #672 ) ;
#3810 = LINE ( 'NONE', #4335, #1279 ) ;
#3811 = ORIENTED_EDGE ( 'NONE', *, *, #3804, .F. ) ;
#3812 = EDGE_LOOP ( 'NONE', ( #3572, #2912, #3181, #4376 ) ) ;
#3813 = ORIENTED_EDGE ( 'NONE', *, *, #6127, .F. ) ;
#3814 = VECTOR ( 'NONE', #5266, 1000.000000000000000 ) ;
#3815 = EDGE_CURVE ( 'NONE', #103, #3829, #1495, .T. ) ;
#3816 = VECTOR ( 'NONE', #3321, 1000.000000000000000 ) ;
#3817 = LINE ( 'NONE', #4759, #4153 ) ;
#3818 = CARTESIAN_POINT ( 'NONE',  ( 2.125000000000000000, 4.049999999999999822, 0.2749999999999996336 ) ) ;
#3819 = FACE_OUTER_BOUND ( 'NONE', #891, .T. ) ;
#3820 = LINE ( 'NONE', #5358, #3515 ) ;
#3821 = VERTEX_POINT ( 'NONE', #2554 ) ;
#3822 = VERTEX_POINT ( 'NONE', #1123 ) ;
#3823 = ADVANCED_FACE ( 'NONE', ( #3467 ), #4988, .F. ) ;
#3824 =( NAMED_UNIT ( * ) SI_UNIT ( $, .STERADIAN. ) SOLID_ANGLE_UNIT ( ) );
#3825 = CARTESIAN_POINT ( 'NONE',  ( 4.274999999999998579, 1.577500000000001235, -1.577499999999999902 ) ) ;
#3826 = DIRECTION ( 'NONE',  ( 0.000000000000000000, 0.000000000000000000, 1.000000000000000000 ) ) ;
#3827 = DIRECTION ( 'NONE',  ( -0.000000000000000000, 0.7071067811865474617, 0.7071067811865474617 ) ) ;
#3828 = ADVANCED_FACE ( 'NONE', ( #1788 ), #3596, .F. ) ;
#3829 = VERTEX_POINT ( 'NONE', #3627 ) ;
#3830 = EDGE_CURVE ( 'NONE', #3027, #4649, #1217, .T. ) ;
#3831 = DIRECTION ( 'NONE',  ( -1.000000000000000000, -0.000000000000000000, -0.000000000000000000 ) ) ;
#3832 = CARTESIAN_POINT ( 'NONE',  ( 4.474999999999997868, 1.449999999999999956, 0.1750000000000000722 ) ) ;
#3833 = DIRECTION ( 'NONE',  ( 4.336808689942021680E-16, 0.000000000000000000, 1.000000000000000000 ) ) ;
#3834 = DIRECTION ( 'NONE',  ( -1.000000000000000000, 0.000000000000000000, 1.807003620809174632E-16 ) ) ;
#3835 = EDGE_LOOP ( 'NONE', ( #2535, #2579, #439, #5546 ) ) ;
#3836 = VERTEX_POINT ( 'NONE', #1722 ) ;
#3837 = EDGE_CURVE ( 'NONE', #4504, #1689, #202, .T. ) ;
#3838 = AXIS2_PLACEMENT_3D ( 'NONE', #3608, #3039, #3544 ) ;
#3839 = PLANE ( 'NONE',  #2588 ) ;
#3840 = CARTESIAN_POINT ( 'NONE',  ( 5.524999999999998579, 3.050000000000000266, -0.02500000000000021302 ) ) ;
#3841 = LINE ( 'NONE', #410, #3376 ) ;
#3842 = DIRECTION ( 'NONE',  ( 1.000000000000000000, 0.000000000000000000, 0.000000000000000000 ) ) ;
#3843 = ORIENTED_EDGE ( 'NONE', *, *, #3943, .T. ) ;
#3844 = ORIENTED_EDGE ( 'NONE', *, *, #2839, .F. ) ;
#3845 = VECTOR ( 'NONE', #3790, 1000.000000000000000 ) ;
#3846 = CARTESIAN_POINT ( 'NONE',  ( 5.724999999999997868, -0.1499999999999963862, -1.474999999999999645 ) ) ;
#3847 = DIRECTION ( 'NONE',  ( 0.000000000000000000, -1.000000000000000000, -1.355252715606880789E-16 ) ) ;
#3848 = CARTESIAN_POINT ( 'NONE',  ( 10.00000000000000000, 2.899999999999999911, 0.000000000000000000 ) ) ;
#3849 = VERTEX_POINT ( 'NONE', #2261 ) ;
#3850 = CARTESIAN_POINT ( 'NONE',  ( 4.274999999999997691, 0.3500000000000009215, -1.324999999999999512 ) ) ;
#3851 = CARTESIAN_POINT ( 'NONE',  ( 2.624999999999999556, 0.5999999999999999778, 0.2250000000000008105 ) ) ;
#3852 = VERTEX_POINT ( 'NONE', #264 ) ;
#3853 = ORIENTED_EDGE ( 'NONE', *, *, #118, .F. ) ;
#3854 = CARTESIAN_POINT ( 'NONE',  ( 2.425000000000000266, 0.000000000000000000, 0.2250000000000008105 ) ) ;
#3855 = DIRECTION ( 'NONE',  ( -0.000000000000000000, 0.000000000000000000, 1.000000000000000000 ) ) ;
#3856 = CARTESIAN_POINT ( 'NONE',  ( 5.375000000000001776, 3.250000000000000000, 0.6750000000000004885 ) ) ;
#3857 = DIRECTION ( 'NONE',  ( -0.000000000000000000, 2.710505431213761393E-17, 1.000000000000000000 ) ) ;
#3858 = ORIENTED_EDGE ( 'NONE', *, *, #1539, .F. ) ;
#3859 = VECTOR ( 'NONE', #2267, 1000.000000000000000 ) ;
#3860 = VECTOR ( 'NONE', #2604, 1000.000000000000000 ) ;
#3861 = CARTESIAN_POINT ( 'NONE',  ( 7.875000000000000000, 4.049999999999999822, 0.1750000000000002387 ) ) ;
#3862 = CARTESIAN_POINT ( 'NONE',  ( -7.875000000000000000, 4.049999999999999822, -1.775000000000000355 ) ) ;
#3863 = CARTESIAN_POINT ( 'NONE',  ( 7.575000000000000178, 1.899999999999999911, 1.825000000000000622 ) ) ;
#3864 = ORIENTED_EDGE ( 'NONE', *, *, #4136, .T. ) ;
#3865 = ORIENTED_EDGE ( 'NONE', *, *, #2171, .F. ) ;
#3866 = STYLED_ITEM ( 'NONE', ( #5362 ), #4741 ) ;
#3867 = ADVANCED_FACE ( 'NONE', ( #6083 ), #1280, .F. ) ;
#3868 = ADVANCED_FACE ( 'NONE', ( #1657 ), #3218, .F. ) ;
#3869 = CARTESIAN_POINT ( 'NONE',  ( 2.625000000000000444, 3.399999999999999911, 0.1750000000000001554 ) ) ;
#3870 = CARTESIAN_POINT ( 'NONE',  ( 4.274999999999998579, 3.299999999999999822, -0.7749999999999999112 ) ) ;
#3871 = DIRECTION ( 'NONE',  ( 0.000000000000000000, 0.000000000000000000, 1.000000000000000000 ) ) ;
#3872 = ORIENTED_EDGE ( 'NONE', *, *, #3473, .T. ) ;
#3873 = ORIENTED_EDGE ( 'NONE', *, *, #5716, .F. ) ;
#3874 = ORIENTED_EDGE ( 'NONE', *, *, #3484, .T. ) ;
#3875 = VECTOR ( 'NONE', #5113, 1000.000000000000000 ) ;
#3876 = DIRECTION ( 'NONE',  ( -1.000000000000000000, 0.000000000000000000, 0.000000000000000000 ) ) ;
#3877 = DIRECTION ( 'NONE',  ( -0.000000000000000000, 0.000000000000000000, 1.000000000000000000 ) ) ;
#3878 = DIRECTION ( 'NONE',  ( 0.000000000000000000, -0.7071067811865479058, 0.7071067811865472397 ) ) ;
#3879 = ORIENTED_EDGE ( 'NONE', *, *, #4264, .F. ) ;
#3880 = DIRECTION ( 'NONE',  ( 1.000000000000000000, 0.000000000000000000, 0.000000000000000000 ) ) ;
#3881 = DIRECTION ( 'NONE',  ( -0.000000000000000000, -0.000000000000000000, 1.000000000000000000 ) ) ;
#3882 = VERTEX_POINT ( 'NONE', #5048 ) ;
#3883 = VERTEX_POINT ( 'NONE', #5137 ) ;
#3884 = EDGE_LOOP ( 'NONE', ( #5686, #245, #1935, #72 ) ) ;
#3885 = AXIS2_PLACEMENT_3D ( 'NONE', #2317, #2534, #1396 ) ;
#3886 = VERTEX_POINT ( 'NONE', #779 ) ;
#3887 =( NAMED_UNIT ( * ) SI_UNIT ( $, .STERADIAN. ) SOLID_ANGLE_UNIT ( ) );
#3888 = CARTESIAN_POINT ( 'NONE',  ( 11.25000000000000000, 0.000000000000000000, -1.224999999999999645 ) ) ;
#3889 = CARTESIAN_POINT ( 'NONE',  ( 4.474999999999997868, 1.449999999999999956, 0.1750000000000000722 ) ) ;
#3890 = DIRECTION ( 'NONE',  ( -0.7071067811865444641, 0.000000000000000000, 0.7071067811865505703 ) ) ;
#3891 = ORIENTED_EDGE ( 'NONE', *, *, #3837, .T. ) ;
#3892 = DIRECTION ( 'NONE',  ( -1.000000000000000000, -0.000000000000000000, -0.000000000000000000 ) ) ;
#3893 = EDGE_CURVE ( 'NONE', #4916, #4042, #5551, .T. ) ;
#3894 = DIRECTION ( 'NONE',  ( 0.000000000000000000, 0.000000000000000000, 1.000000000000000000 ) ) ;
#3895 = FACE_OUTER_BOUND ( 'NONE', #201, .T. ) ;
#3896 = ORIENTED_EDGE ( 'NONE', *, *, #5425, .T. ) ;
#3897 = VERTEX_POINT ( 'NONE', #5175 ) ;
#3898 = VECTOR ( 'NONE', #3372, 1000.000000000000000 ) ;
#3899 = EDGE_CURVE ( 'NONE', #638, #6274, #5662, .T. ) ;
#3900 = DIRECTION ( 'NONE',  ( -0.000000000000000000, -1.000000000000000000, -0.000000000000000000 ) ) ;
#3901 = CARTESIAN_POINT ( 'NONE',  ( 4.474999999999996980, 0.3500000000000009215, -1.324999999999999512 ) ) ;
#3902 = VECTOR ( 'NONE', #5745, 1000.000000000000000 ) ;
#3903 = EDGE_LOOP ( 'NONE', ( #4728, #2732, #3616, #2966 ) ) ;
#3904 = EDGE_LOOP ( 'NONE', ( #4373, #3738, #2874, #1621, #3578, #2738 ) ) ;
#3905 = VECTOR ( 'NONE', #2945, 1000.000000000000000 ) ;
#3906 = ADVANCED_FACE ( 'NONE', ( #2230 ), #3151, .F. ) ;
#3907 = AXIS2_PLACEMENT_3D ( 'NONE', #628, #143, #596 ) ;
#3908 = ADVANCED_FACE ( 'NONE', ( #2164, #4146, #1308 ), #4208, .F. ) ;
#3909 = LINE ( 'NONE', #1113, #704 ) ;
#3910 = VECTOR ( 'NONE', #5219, 1000.000000000000000 ) ;
#3911 = DIRECTION ( 'NONE',  ( -0.000000000000000000, 1.000000000000000000, -0.000000000000000000 ) ) ;
#3912 = PLANE ( 'NONE',  #3497 ) ;
#3913 = ORIENTED_EDGE ( 'NONE', *, *, #1658, .T. ) ;
#3914 = ADVANCED_FACE ( 'NONE', ( #716 ), #4666, .F. ) ;
#3915 = ORIENTED_EDGE ( 'NONE', *, *, #3485, .T. ) ;
#3916 = VERTEX_POINT ( 'NONE', #2133 ) ;
#3917 = CARTESIAN_POINT ( 'NONE',  ( 4.474999999999998757, 3.950000000000000178, 0.3750000000000001110 ) ) ;
#3918 = ORIENTED_EDGE ( 'NONE', *, *, #1204, .T. ) ;
#3919 = AXIS2_PLACEMENT_3D ( 'NONE', #4112, #3125, #4630 ) ;
#3920 = ORIENTED_EDGE ( 'NONE', *, *, #1268, .T. ) ;
#3921 = VECTOR ( 'NONE', #6088, 1000.000000000000000 ) ;
#3922 = PLANE ( 'NONE',  #2998 ) ;
#3923 = DIRECTION ( 'NONE',  ( 0.000000000000000000, 0.000000000000000000, -1.000000000000000000 ) ) ;
#3924 = CARTESIAN_POINT ( 'NONE',  ( 4.474999999999996980, 0.3500000000000009215, -1.374999999999999778 ) ) ;
#3925 = EDGE_CURVE ( 'NONE', #725, #714, #232, .T. ) ;
#3926 = DIRECTION ( 'NONE',  ( -1.000000000000000000, 0.000000000000000000, 0.000000000000000000 ) ) ;
#3927 = ORIENTED_EDGE ( 'NONE', *, *, #763, .T. ) ;
#3928 = LINE ( 'NONE', #501, #1897 ) ;
#3929 = FACE_OUTER_BOUND ( 'NONE', #3736, .T. ) ;
#3930 = EDGE_CURVE ( 'NONE', #473, #290, #1246, .T. ) ;
#3931 = CARTESIAN_POINT ( 'NONE',  ( 0.000000000000000000, 0.000000000000000000, 2.375000000000000444 ) ) ;
#3932 = ORIENTED_EDGE ( 'NONE', *, *, #3289, .F. ) ;
#3933 = EDGE_CURVE ( 'NONE', #3068, #515, #4569, .T. ) ;
#3934 = DIRECTION ( 'NONE',  ( 1.000000000000000000, 0.000000000000000000, 0.000000000000000000 ) ) ;
#3935 = CARTESIAN_POINT ( 'NONE',  ( 5.724999999999998757, 3.299999999999999822, -0.7749999999999999112 ) ) ;
#3936 = ORIENTED_EDGE ( 'NONE', *, *, #5513, .F. ) ;
#3937 = ORIENTED_EDGE ( 'NONE', *, *, #5155, .T. ) ;
#3938 = ORIENTED_EDGE ( 'NONE', *, *, #6062, .T. ) ;
#3939 = VECTOR ( 'NONE', #4654, 1000.000000000000000 ) ;
#3940 = APPLICATION_CONTEXT ( 'automotive_design' ) ;
#3941 = EDGE_CURVE ( 'NONE', #5961, #838, #3277, .T. ) ;
#3942 = CARTESIAN_POINT ( 'NONE',  ( 7.774999999999999467, 2.349999999999999645, 1.675000000000000266 ) ) ;
#3943 = EDGE_CURVE ( 'NONE', #2285, #3175, #2353, .T. ) ;
#3944 = LINE ( 'NONE', #2034, #2241 ) ;
#3945 = DIRECTION ( 'NONE',  ( 0.000000000000000000, 0.000000000000000000, -1.000000000000000000 ) ) ;
#3946 = EDGE_LOOP ( 'NONE', ( #5329, #600, #623, #271, #2620, #6113, #1806, #4616, #1490, #3421, #1408, #4475, #4101, #5569, #3706, #2111, #4378, #6171, #2794, #5134, #3098, #4188, #2236, #2204 ) ) ;
#3947 = EDGE_LOOP ( 'NONE', ( #188, #5126, #2131, #3429 ) ) ;
#3948 = VECTOR ( 'NONE', #5936, 1000.000000000000000 ) ;
#3949 = EDGE_LOOP ( 'NONE', ( #342, #1501, #4008, #2854, #2229 ) ) ;
#3950 = CARTESIAN_POINT ( 'NONE',  ( 7.875000000000000000, 0.000000000000000000, 0.2250000000000008105 ) ) ;
#3951 = EDGE_LOOP ( 'NONE', ( #5244, #1688, #4167, #3276 ) ) ;
#3952 = EDGE_LOOP ( 'NONE', ( #1921, #618, #4110, #156 ) ) ;
#3953 = DIRECTION ( 'NONE',  ( 0.000000000000000000, -0.000000000000000000, -1.000000000000000000 ) ) ;
#3954 = CARTESIAN_POINT ( 'NONE',  ( 7.781793621149187601, 1.449999999999999956, 0.000000000000000000 ) ) ;
#3955 = EDGE_CURVE ( 'NONE', #2512, #6012, #1817, .T. ) ;
#3956 = FACE_OUTER_BOUND ( 'NONE', #2188, .T. ) ;
#3957 = CARTESIAN_POINT ( 'NONE',  ( 3.124999999999999112, -6.123233995736742617E-17, 0.2250000000000008105 ) ) ;
#3958 = DIRECTION ( 'NONE',  ( -0.000000000000000000, 0.000000000000000000, -1.000000000000000000 ) ) ;
#3959 = CARTESIAN_POINT ( 'NONE',  ( 4.474999999999998757, 3.299999999999999822, -0.7749999999999999112 ) ) ;
#3960 = ORIENTED_EDGE ( 'NONE', *, *, #2356, .T. ) ;
#3961 = ADVANCED_FACE ( 'NONE', ( #6173 ), #3748, .T. ) ;
#3962 = UNCERTAINTY_MEASURE_WITH_UNIT (LENGTH_MEASURE( 1.000000000000000082E-05 ), #5821, 'distance_accuracy_value', 'NONE');
#3963 = DIRECTION ( 'NONE',  ( 1.000000000000000000, 0.000000000000000000, -1.807003620809174632E-16 ) ) ;
#3964 = DIRECTION ( 'NONE',  ( -0.000000000000000000, -0.000000000000000000, -1.000000000000000000 ) ) ;
#3965 = CARTESIAN_POINT ( 'NONE',  ( 3.999999999999999112, 4.049999999999999822, 2.075000000000000622 ) ) ;
#3966 = EDGE_CURVE ( 'NONE', #313, #3678, #3336, .T. ) ;
#3967 = EDGE_LOOP ( 'NONE', ( #5629, #1277, #5757, #3799 ) ) ;
#3968 = CARTESIAN_POINT ( 'NONE',  ( 7.575000000000000178, -0.1499999999999963862, 2.324999999999999734 ) ) ;
#3969 = DIRECTION ( 'NONE',  ( 0.000000000000000000, 0.000000000000000000, -1.000000000000000000 ) ) ;
#3970 = AXIS2_PLACEMENT_3D ( 'NONE', #649, #164, #616 ) ;
#3971 = ORIENTED_EDGE ( 'NONE', *, *, #4430, .T. ) ;
#3972 = ORIENTED_EDGE ( 'NONE', *, *, #4396, .F. ) ;
#3973 = ORIENTED_EDGE ( 'NONE', *, *, #5770, .T. ) ;
#3974 = FACE_OUTER_BOUND ( 'NONE', #2807, .T. ) ;
#3975 = DIRECTION ( 'NONE',  ( 0.000000000000000000, 0.000000000000000000, 1.000000000000000000 ) ) ;
#3976 = CARTESIAN_POINT ( 'NONE',  ( 4.474999999999999645, 3.950000000000000178, -1.174999999999999822 ) ) ;
#3977 = ORIENTED_EDGE ( 'NONE', *, *, #336, .F. ) ;
#3978 = ORIENTED_EDGE ( 'NONE', *, *, #4618, .T. ) ;
#3979 = VERTEX_POINT ( 'NONE', #5205 ) ;
#3980 = PLANE ( 'NONE',  #4339 ) ;
#3981 = ORIENTED_EDGE ( 'NONE', *, *, #449, .T. ) ;
#3982 = ORIENTED_EDGE ( 'NONE', *, *, #1100, .F. ) ;
#3983 = CLOSED_SHELL ( 'NONE', ( #302, #4672, #5659, #1487, #4184, #4295 ) ) ;
#3984 = VECTOR ( 'NONE', #4181, 1000.000000000000000 ) ;
#3985 = CARTESIAN_POINT ( 'NONE',  ( 0.000000000000000000, 4.049999999999999822, 0.4749999999999995337 ) ) ;
#3986 = LINE ( 'NONE', #4448, #3337 ) ;
#3987 = CARTESIAN_POINT ( 'NONE',  ( 6.875000000000000888, -6.123233995736742617E-17, 2.475000000000000089 ) ) ;
#3988 = EDGE_CURVE ( 'NONE', #3163, #5527, #1845, .T. ) ;
#3989 = DIRECTION ( 'NONE',  ( 0.000000000000000000, 0.000000000000000000, 1.000000000000000000 ) ) ;
#3990 = CARTESIAN_POINT ( 'NONE',  ( 4.969259957225238311E-17, 4.049999999999999822, 0.2750000000000004663 ) ) ;
#3991 = DIRECTION ( 'NONE',  ( 0.000000000000000000, -1.000000000000000000, 0.000000000000000000 ) ) ;
#3992 = ADVANCED_FACE ( 'NONE', ( #5230 ), #416, .F. ) ;
#3993 = ORIENTED_EDGE ( 'NONE', *, *, #5692, .F. ) ;
#3994 = FACE_OUTER_BOUND ( 'NONE', #622, .T. ) ;
#3995 = PLANE ( 'NONE',  #5081 ) ;
#3996 = ADVANCED_FACE ( 'NONE', ( #448 ), #3780, .F. ) ;
#3997 = PLANE ( 'NONE',  #4226 ) ;
#3998 = LINE ( 'NONE', #3042, #1342 ) ;
#3999 = ORIENTED_EDGE ( 'NONE', *, *, #1640, .T. ) ;
#4000 = DIRECTION ( 'NONE',  ( 0.000000000000000000, 0.000000000000000000, 1.000000000000000000 ) ) ;
#4001 = DIRECTION ( 'NONE',  ( 0.000000000000000000, -0.5547001962252280372, -0.8320502943378444982 ) ) ;
#4002 = ORIENTED_EDGE ( 'NONE', *, *, #3837, .F. ) ;
#4003 = ORIENTED_EDGE ( 'NONE', *, *, #390, .F. ) ;
#4004 = EDGE_CURVE ( 'NONE', #1711, #103, #3817, .T. ) ;
#4005 = DIRECTION ( 'NONE',  ( -0.000000000000000000, 1.000000000000000000, -0.000000000000000000 ) ) ;
#4006 = FACE_OUTER_BOUND ( 'NONE', #3256, .T. ) ;
#4007 = DIRECTION ( 'NONE',  ( -0.000000000000000000, -0.7071067811865474617, -0.7071067811865474617 ) ) ;
#4008 = ORIENTED_EDGE ( 'NONE', *, *, #500, .F. ) ;
#4009 = VERTEX_POINT ( 'NONE', #871 ) ;
#4010 = APPLICATION_PROTOCOL_DEFINITION ( 'draft international standard', 'automotive_design', 1998, #4528 ) ;
#4011 = ORIENTED_EDGE ( 'NONE', *, *, #2593, .F. ) ;
#4012 = EDGE_CURVE ( 'NONE', #5062, #2068, #2809, .T. ) ;
#4013 = AXIS2_PLACEMENT_3D ( 'NONE', #2284, #4105, #5169 ) ;
#4014 = CARTESIAN_POINT ( 'NONE',  ( 2.624999999999999556, 0.2500000000000000000, -0.3340169943749460302 ) ) ;
#4015 = EDGE_LOOP ( 'NONE', ( #708, #1230, #4823, #3593 ) ) ;
#4016 = ORIENTED_EDGE ( 'NONE', *, *, #5899, .T. ) ;
#4017 = EDGE_LOOP ( 'NONE', ( #3583, #2036, #489, #3594, #4971, #1753 ) ) ;
#4018 = EDGE_CURVE ( 'NONE', #5501, #4377, #4370, .T. ) ;
#4019 = AXIS2_PLACEMENT_3D ( 'NONE', #5468, #4425, #3420 ) ;
#4020 = VECTOR ( 'NONE', #848, 1000.000000000000000 ) ;
#4021 = DIRECTION ( 'NONE',  ( -1.000000000000000000, -0.000000000000000000, -0.000000000000000000 ) ) ;
#4022 = FACE_OUTER_BOUND ( 'NONE', #1228, .T. ) ;
#4023 = FACE_OUTER_BOUND ( 'NONE', #4460, .T. ) ;
#4024 = CARTESIAN_POINT ( 'NONE',  ( 2.625000000000000444, 3.950000000000000178, 0.1750000000000002387 ) ) ;
#4025 = VECTOR ( 'NONE', #5722, 1000.000000000000000 ) ;
#4026 = LINE ( 'NONE', #5895, #1174 ) ;
#4027 = LINE ( 'NONE', #2618, #23 ) ;
#4028 = ORIENTED_EDGE ( 'NONE', *, *, #4066, .F. ) ;
#4029 = VECTOR ( 'NONE', #5421, 1000.000000000000000 ) ;
#4030 = ADVANCED_FACE ( 'NONE', ( #4788 ), #2323, .F. ) ;
#4031 = VECTOR ( 'NONE', #3344, 1000.000000000000000 ) ;
#4032 = CARTESIAN_POINT ( 'NONE',  ( 7.375000000000000000, 3.950000000000000178, 0.000000000000000000 ) ) ;
#4033 = CARTESIAN_POINT ( 'NONE',  ( 7.875000000000000000, 3.399999999999999911, 0.1750000000000001554 ) ) ;
#4034 = LINE ( 'NONE', #3105, #159 ) ;
#4035 = EDGE_CURVE ( 'NONE', #3886, #5678, #6180, .T. ) ;
#4036 = ORIENTED_EDGE ( 'NONE', *, *, #24, .F. ) ;
#4037 = CARTESIAN_POINT ( 'NONE',  ( 5.724999999999997868, 0.4999999999999998890, -0.8249999999999997335 ) ) ;
#4038 = VERTEX_POINT ( 'NONE', #2382 ) ;
#4039 = CARTESIAN_POINT ( 'NONE',  ( 4.274999999999999467, 3.950000000000000178, -1.174999999999999822 ) ) ;
#4040 = CARTESIAN_POINT ( 'NONE',  ( 5.724999999999998757, 3.950000000000000178, -1.174999999999999822 ) ) ;
#4041 = VERTEX_POINT ( 'NONE', #4341 ) ;
#4042 = VERTEX_POINT ( 'NONE', #1915 ) ;
#4043 = ORIENTED_EDGE ( 'NONE', *, *, #3786, .T. ) ;
#4044 = EDGE_CURVE ( 'NONE', #3685, #2730, #1431, .T. ) ;
#4045 = FACE_OUTER_BOUND ( 'NONE', #4522, .T. ) ;
#4046 = LINE ( 'NONE', #5408, #5690 ) ;
#4047 = CARTESIAN_POINT ( 'NONE',  ( 7.875000000000000000, 1.999999999999999112, 2.475000000000000089 ) ) ;
#4048 = EDGE_CURVE ( 'NONE', #67, #5534, #484, .T. ) ;
#4049 = ORIENTED_EDGE ( 'NONE', *, *, #2653, .T. ) ;
#4050 = ORIENTED_EDGE ( 'NONE', *, *, #390, .T. ) ;
#4051 = ORIENTED_EDGE ( 'NONE', *, *, #1983, .F. ) ;
#4052 = CARTESIAN_POINT ( 'NONE',  ( 3.125000000000000000, 3.950000000000000178, -1.174999999999999822 ) ) ;
#4053 = ORIENTED_EDGE ( 'NONE', *, *, #4968, .F. ) ;
#4054 = VERTEX_POINT ( 'NONE', #5815 ) ;
#4055 = VECTOR ( 'NONE', #4989, 1000.000000000000000 ) ;
#4056 = DIRECTION ( 'NONE',  ( -0.000000000000000000, -0.8944271909999158554, 0.4472135954999579277 ) ) ;
#4057 = LINE ( 'NONE', #4478, #6280 ) ;
#4058 = VECTOR ( 'NONE', #4772, 1000.000000000000000 ) ;
#4059 = DIRECTION ( 'NONE',  ( 0.000000000000000000, 1.000000000000000000, 0.000000000000000000 ) ) ;
#4060 = DIRECTION ( 'NONE',  ( 0.7071067811865444641, 0.000000000000000000, 0.7071067811865505703 ) ) ;
#4061 = CARTESIAN_POINT ( 'NONE',  ( 5.724999999999997868, 0.3000000000000009881, -1.625000000000000888 ) ) ;
#4062 = DIRECTION ( 'NONE',  ( -1.000000000000000000, -0.000000000000000000, -0.000000000000000000 ) ) ;
#4063 = ORIENTED_EDGE ( 'NONE', *, *, #3634, .T. ) ;
#4064 = DIRECTION ( 'NONE',  ( 1.000000000000000000, 0.000000000000000000, 0.000000000000000000 ) ) ;
#4065 = FACE_OUTER_BOUND ( 'NONE', #6163, .T. ) ;
#4066 = EDGE_CURVE ( 'NONE', #2378, #1593, #3244, .T. ) ;
#4067 = CARTESIAN_POINT ( 'NONE',  ( 4.274999999999999467, 1.199999999999999734, 0.1750000000000000722 ) ) ;
#4068 = CARTESIAN_POINT ( 'NONE',  ( 4.624999999999998224, 1.449999999999999956, 0.3750000000000000000 ) ) ;
#4069 = ORIENTED_EDGE ( 'NONE', *, *, #370, .F. ) ;
#4070 = DIRECTION ( 'NONE',  ( 0.000000000000000000, 0.000000000000000000, 1.000000000000000000 ) ) ;
#4071 = PLANE ( 'NONE',  #5540 ) ;
#4072 = ORIENTED_EDGE ( 'NONE', *, *, #4618, .F. ) ;
#4073 = ORIENTED_EDGE ( 'NONE', *, *, #1187, .T. ) ;
#4074 = ORIENTED_EDGE ( 'NONE', *, *, #1572, .F. ) ;
#4075 = EDGE_CURVE ( 'NONE', #6201, #5042, #4730, .T. ) ;
#4076 = MECHANICAL_DESIGN_GEOMETRIC_PRESENTATION_REPRESENTATION (  '', ( #1629 ), #94 ) ;
#4077 = VECTOR ( 'NONE', #4371, 1000.000000000000000 ) ;
#4078 = DIRECTION ( 'NONE',  ( 0.000000000000000000, -1.000000000000000000, 0.000000000000000000 ) ) ;
#4079 = DIRECTION ( 'NONE',  ( -1.000000000000000000, 0.000000000000000000, -0.000000000000000000 ) ) ;
#4080 = EDGE_LOOP ( 'NONE', ( #4720, #4695, #377, #6198 ) ) ;
#4081 = ORIENTED_EDGE ( 'NONE', *, *, #3080, .T. ) ;
#4082 = CARTESIAN_POINT ( 'NONE',  ( 7.575000000000000178, 0.5999999999999999778, 0.2250000000000008105 ) ) ;
#4083 = EDGE_LOOP ( 'NONE', ( #6275, #2298, #1437, #1734, #4836 ) ) ;
#4084 = VECTOR ( 'NONE', #3064, 1000.000000000000000 ) ;
#4085 = CARTESIAN_POINT ( 'NONE',  ( 7.575000000000000178, -0.1499999999999963862, 2.324999999999999734 ) ) ;
#4086 = CARTESIAN_POINT ( 'NONE',  ( 5.524999999999998579, 3.449999999999999289, 0.3749999999999999445 ) ) ;
#4087 = CARTESIAN_POINT ( 'NONE',  ( 3.624999999999999556, 3.950000000000000178, 0.8749999999999996669 ) ) ;
#4088 = PLANE ( 'NONE',  #5248 ) ;
#4089 = CARTESIAN_POINT ( 'NONE',  ( 4.474999999999996980, -0.04999999999999568678, -2.474999999999999645 ) ) ;
#4090 = ORIENTED_EDGE ( 'NONE', *, *, #578, .T. ) ;
#4091 = DIRECTION ( 'NONE',  ( 0.000000000000000000, 1.000000000000000000, 0.000000000000000000 ) ) ;
#4092 = AXIS2_PLACEMENT_3D ( 'NONE', #5799, #5767, #1442 ) ;
#4093 = CARTESIAN_POINT ( 'NONE',  ( 5.524999999999998579, 3.299999999999999822, -0.7749999999999999112 ) ) ;
#4094 = DIRECTION ( 'NONE',  ( 0.000000000000000000, 0.000000000000000000, 1.000000000000000000 ) ) ;
#4095 = ORIENTED_EDGE ( 'NONE', *, *, #2197, .F. ) ;
#4096 = CARTESIAN_POINT ( 'NONE',  ( 6.875000000000000888, -6.123233995736742617E-17, 0.2250000000000008105 ) ) ;
#4097 = ADVANCED_FACE ( 'NONE', ( #4045 ), #5475, .F. ) ;
#4098 = DIRECTION ( 'NONE',  ( 0.000000000000000000, 0.000000000000000000, -1.000000000000000000 ) ) ;
#4099 = DIRECTION ( 'NONE',  ( 0.000000000000000000, 0.000000000000000000, 1.000000000000000000 ) ) ;
#4100 = ORIENTED_EDGE ( 'NONE', *, *, #1377, .F. ) ;
#4101 = ORIENTED_EDGE ( 'NONE', *, *, #3729, .T. ) ;
#4102 = ORIENTED_EDGE ( 'NONE', *, *, #362, .T. ) ;
#4103 = EDGE_CURVE ( 'NONE', #1222, #3088, #1514, .T. ) ;
#4104 = DIRECTION ( 'NONE',  ( 0.000000000000000000, 5.251604272976699179E-15, -1.000000000000000000 ) ) ;
#4105 = DIRECTION ( 'NONE',  ( -1.000000000000000000, 0.000000000000000000, 0.000000000000000000 ) ) ;
#4106 = ORIENTED_EDGE ( 'NONE', *, *, #1407, .F. ) ;
#4107 = EDGE_CURVE ( 'NONE', #3085, #2195, #3909, .T. ) ;
#4108 = CARTESIAN_POINT ( 'NONE',  ( -6.875000000000000000, -13.83708784390703705, -1.174999999999999822 ) ) ;
#4109 = VERTEX_POINT ( 'NONE', #1486 ) ;
#4110 = ORIENTED_EDGE ( 'NONE', *, *, #1656, .T. ) ;
#4111 = EDGE_CURVE ( 'NONE', #67, #1552, #5849, .T. ) ;
#4112 = CARTESIAN_POINT ( 'NONE',  ( 7.375000000000000000, 3.399999999999999911, -1.174999999999999822 ) ) ;
#4113 = EDGE_CURVE ( 'NONE', #5947, #5452, #64, .T. ) ;
#4114 = VECTOR ( 'NONE', #4660, 999.9999999999998863 ) ;
#4115 = DIRECTION ( 'NONE',  ( -1.000000000000000000, -0.000000000000000000, -0.000000000000000000 ) ) ;
#4116 = FACE_OUTER_BOUND ( 'NONE', #3359, .T. ) ;
#4117 = DIRECTION ( 'NONE',  ( 0.000000000000000000, -1.000000000000000000, -2.282530889443167515E-16 ) ) ;
#4118 = LINE ( 'NONE', #2525, #3269 ) ;
#4119 = VERTEX_POINT ( 'NONE', #2509 ) ;
#4120 = VECTOR ( 'NONE', #4000, 1000.000000000000000 ) ;
#4121 = VECTOR ( 'NONE', #1802, 1000.000000000000000 ) ;
#4122 = ORIENTED_EDGE ( 'NONE', *, *, #1038, .F. ) ;
#4123 = AXIS2_PLACEMENT_3D ( 'NONE', #3750, #1819, #5140 ) ;
#4124 = VECTOR ( 'NONE', #3534, 1000.000000000000000 ) ;
#4125 = EDGE_CURVE ( 'NONE', #3547, #2728, #2926, .T. ) ;
#4126 = DIRECTION ( 'NONE',  ( 0.000000000000000000, 0.000000000000000000, -1.000000000000000000 ) ) ;
#4127 = DIRECTION ( 'NONE',  ( 0.000000000000000000, -1.251002506714043540E-16, 1.000000000000000000 ) ) ;
#4128 = VECTOR ( 'NONE', #4117, 1000.000000000000000 ) ;
#4129 = DIRECTION ( 'NONE',  ( 0.000000000000000000, 0.000000000000000000, -1.000000000000000000 ) ) ;
#4130 = ORIENTED_EDGE ( 'NONE', *, *, #4103, .F. ) ;
#4131 = VECTOR ( 'NONE', #4442, 1000.000000000000000 ) ;
#4132 = CARTESIAN_POINT ( 'NONE',  ( 4.474999999999997868, 1.449999999999999956, 0.1750000000000000722 ) ) ;
#4133 = CARTESIAN_POINT ( 'NONE',  ( 5.375000000000001776, 2.649999999999998135, 1.075000000000000400 ) ) ;
#4134 = VERTEX_POINT ( 'NONE', #2444 ) ;
#4135 = ORIENTED_EDGE ( 'NONE', *, *, #220, .T. ) ;
#4136 = EDGE_CURVE ( 'NONE', #5824, #2922, #163, .T. ) ;
#4137 = ORIENTED_EDGE ( 'NONE', *, *, #2389, .F. ) ;
#4138 = ORIENTED_EDGE ( 'NONE', *, *, #690, .T. ) ;
#4139 = DIRECTION ( 'NONE',  ( -0.000000000000000000, -0.000000000000000000, 1.000000000000000000 ) ) ;
#4140 = CARTESIAN_POINT ( 'NONE',  ( 5.724999999999997868, 0.2500000000000037748, -1.816421356237308826 ) ) ;
#4141 = CARTESIAN_POINT ( 'NONE',  ( 6.452032961426903412, 2.250000000000000000, 0.6750000000000004885 ) ) ;
#4142 = ORIENTED_EDGE ( 'NONE', *, *, #6276, .T. ) ;
#4143 = ORIENTED_EDGE ( 'NONE', *, *, #3638, .T. ) ;
#4144 = EDGE_CURVE ( 'NONE', #714, #3465, #2573, .T. ) ;
#4145 = ADVANCED_FACE ( 'NONE', ( #3051 ), #128, .F. ) ;
#4146 = FACE_BOUND ( 'NONE', #3086, .T. ) ;
#4147 = CARTESIAN_POINT ( 'NONE',  ( 7.875000000000000000, 0.6499999999999999112, -1.574999999999999512 ) ) ;
#4148 = CARTESIAN_POINT ( 'NONE',  ( 7.575000000000000178, 0.5999999999999999778, 1.825000000000000622 ) ) ;
#4149 = LINE ( 'NONE', #1284, #2393 ) ;
#4150 = CARTESIAN_POINT ( 'NONE',  ( 5.524999999999998579, 1.199999999999999734, 0.1750000000000000722 ) ) ;
#4151 = ORIENTED_EDGE ( 'NONE', *, *, #2553, .T. ) ;
#4152 = EDGE_CURVE ( 'NONE', #1713, #1546, #5879, .T. ) ;
#4153 = VECTOR ( 'NONE', #5758, 1000.000000000000000 ) ;
#4154 = EDGE_CURVE ( 'NONE', #5571, #4427, #2064, .T. ) ;
#4155 =( LENGTH_UNIT ( ) NAMED_UNIT ( * ) SI_UNIT ( .MILLI., .METRE. ) );
#4156 = DIRECTION ( 'NONE',  ( -1.000000000000000000, 0.000000000000000000, -0.000000000000000000 ) ) ;
#4157 = FACE_OUTER_BOUND ( 'NONE', #3069, .T. ) ;
#4158 = AXIS2_PLACEMENT_3D ( 'NONE', #3224, #3724, #275 ) ;
#4159 = AXIS2_PLACEMENT_3D ( 'NONE', #1094, #1559, #5389 ) ;
#4160 = ADVANCED_FACE ( 'NONE', ( #3974 ), #4909, .F. ) ;
#4161 = CARTESIAN_POINT ( 'NONE',  ( 6.000000000000000888, 4.049999999999999822, 2.175000000000000711 ) ) ;
#4162 = PLANE ( 'NONE',  #3635 ) ;
#4163 = PLANE ( 'NONE',  #673 ) ;
#4164 = CARTESIAN_POINT ( 'NONE',  ( 5.724999999999997868, 0.1000000000000020872, -1.224999999999998312 ) ) ;
#4165 = ORIENTED_EDGE ( 'NONE', *, *, #62, .T. ) ;
#4166 = ORIENTED_EDGE ( 'NONE', *, *, #3293, .T. ) ;
#4167 = ORIENTED_EDGE ( 'NONE', *, *, #379, .F. ) ;
#4168 = CARTESIAN_POINT ( 'NONE',  ( 5.724999999999998757, 3.299999999999999822, -0.7749999999999999112 ) ) ;
#4169 = LINE ( 'NONE', #5572, #114 ) ;
#4170 = CARTESIAN_POINT ( 'NONE',  ( 5.524999999999998579, 2.899999999999996803, -0.7749999999999999112 ) ) ;
#4171 = FACE_OUTER_BOUND ( 'NONE', #3622, .T. ) ;
#4172 = ORIENTED_EDGE ( 'NONE', *, *, #5714, .T. ) ;
#4173 = ORIENTED_EDGE ( 'NONE', *, *, #5887, .F. ) ;
#4174 = EDGE_LOOP ( 'NONE', ( #5044, #1151, #4069, #4704, #760, #4407, #5883, #1822, #1480, #4617, #1949, #1263, #2031, #964, #6257, #4137, #1251, #707, #237, #2843, #4671, #2128 ) ) ;
#4175 = VECTOR ( 'NONE', #1763, 1000.000000000000000 ) ;
#4176 = VECTOR ( 'NONE', #5759, 1000.000000000000000 ) ;
#4177 = DIRECTION ( 'NONE',  ( 0.000000000000000000, -0.7071067811865474617, -0.7071067811865474617 ) ) ;
#4178 = LINE ( 'NONE', #1758, #4598 ) ;
#4179 = FACE_OUTER_BOUND ( 'NONE', #5403, .T. ) ;
#4180 = CARTESIAN_POINT ( 'NONE',  ( 5.524999999999998579, 3.450000000000001510, 1.870248747537497357E-14 ) ) ;
#4181 = DIRECTION ( 'NONE',  ( 0.000000000000000000, 1.000000000000000000, 0.000000000000000000 ) ) ;
#4182 = VERTEX_POINT ( 'NONE', #2981 ) ;
#4183 = VECTOR ( 'NONE', #5390, 1000.000000000000000 ) ;
#4184 = ADVANCED_FACE ( 'NONE', ( #1455 ), #2951, .F. ) ;
#4185 = DIRECTION ( 'NONE',  ( 0.000000000000000000, 0.000000000000000000, -1.000000000000000000 ) ) ;
#4186 = FACE_OUTER_BOUND ( 'NONE', #2412, .T. ) ;
#4187 = UNCERTAINTY_MEASURE_WITH_UNIT (LENGTH_MEASURE( 1.000000000000000082E-05 ), #2818, 'distance_accuracy_value', 'NONE');
#4188 = ORIENTED_EDGE ( 'NONE', *, *, #2307, .F. ) ;
#4189 = DIRECTION ( 'NONE',  ( -1.807003620809174632E-16, 0.000000000000000000, -1.000000000000000000 ) ) ;
#4190 = AXIS2_PLACEMENT_3D ( 'NONE', #5591, #5188, #3230 ) ;
#4191 = VECTOR ( 'NONE', #598, 1000.000000000000000 ) ;
#4192 = EDGE_CURVE ( 'NONE', #131, #3513, #2474, .T. ) ;
#4193 = LINE ( 'NONE', #401, #4606 ) ;
#4194 = LINE ( 'NONE', #3198, #1404 ) ;
#4195 = DIRECTION ( 'NONE',  ( 0.000000000000000000, 1.000000000000000000, 0.000000000000000000 ) ) ;
#4196 = CARTESIAN_POINT ( 'NONE',  ( 2.625000000000000444, 0.000000000000000000, 0.000000000000000000 ) ) ;
#4197 = ORIENTED_EDGE ( 'NONE', *, *, #5166, .F. ) ;
#4198 = VECTOR ( 'NONE', #6262, 1000.000000000000000 ) ;
#4199 = ORIENTED_EDGE ( 'NONE', *, *, #2975, .T. ) ;
#4200 = CARTESIAN_POINT ( 'NONE',  ( 5.724999999999997868, 3.950000000000000178, 0.1750000000000000722 ) ) ;
#4201 = LINE ( 'NONE', #3176, #2439 ) ;
#4202 = CARTESIAN_POINT ( 'NONE',  ( 4.274999999999999467, 3.950000000000000178, 0.3750000000000000000 ) ) ;
#4203 = CARTESIAN_POINT ( 'NONE',  ( 4.330089135474556095, 0.000000000000000000, 0.2250000000000008105 ) ) ;
#4204 = ORIENTED_EDGE ( 'NONE', *, *, #5740, .T. ) ;
#4205 = ORIENTED_EDGE ( 'NONE', *, *, #2556, .T. ) ;
#4206 = ORIENTED_EDGE ( 'NONE', *, *, #3704, .T. ) ;
#4207 = VERTEX_POINT ( 'NONE', #4434 ) ;
#4208 = PLANE ( 'NONE',  #3509 ) ;
#4209 = CARTESIAN_POINT ( 'NONE',  ( 7.625000000000000000, 4.049999999999999822, 2.475000000000000089 ) ) ;
#4210 = CARTESIAN_POINT ( 'NONE',  ( -6.875000000000000000, 1.449999999999999956, 0.3750000000000001110 ) ) ;
#4211 = DIRECTION ( 'NONE',  ( -0.5773502691896257311, 0.5773502691896257311, 0.5773502691896257311 ) ) ;
#4212 = LINE ( 'NONE', #270, #6218 ) ;
#4213 = EDGE_LOOP ( 'NONE', ( #804, #5202, #1326, #498 ) ) ;
#4214 = ADVANCED_FACE ( 'NONE', ( #1047 ), #2096, .F. ) ;
#4215 = EDGE_LOOP ( 'NONE', ( #2805, #3936, #2000, #1522 ) ) ;
#4216 = VECTOR ( 'NONE', #4436, 1000.000000000000000 ) ;
#4217 = CARTESIAN_POINT ( 'NONE',  ( 6.875000000000000888, 0.2499999999999999445, 0.2250000000000008105 ) ) ;
#4218 = LINE ( 'NONE', #1252, #4679 ) ;
#4219 = VECTOR ( 'NONE', #1741, 1000.000000000000000 ) ;
#4220 = CARTESIAN_POINT ( 'NONE',  ( 2.625000000000000444, 3.399999999999999911, 0.1750000000000001554 ) ) ;
#4221 = ORIENTED_EDGE ( 'NONE', *, *, #5258, .T. ) ;
#4222 = DIRECTION ( 'NONE',  ( -0.5773502691896257311, 0.5773502691896257311, -0.5773502691896257311 ) ) ;
#4223 = VECTOR ( 'NONE', #1863, 1000.000000000000000 ) ;
#4224 = EDGE_CURVE ( 'NONE', #3461, #1601, #3396, .T. ) ;
#4225 = CARTESIAN_POINT ( 'NONE',  ( 2.425000000000000266, 0.000000000000000000, 2.475000000000000089 ) ) ;
#4226 = AXIS2_PLACEMENT_3D ( 'NONE', #3610, #212, #6032 ) ;
#4227 = DIRECTION ( 'NONE',  ( -1.000000000000000000, 0.000000000000000000, 0.000000000000000000 ) ) ;
#4228 = CARTESIAN_POINT ( 'NONE',  ( 4.124999999999999112, 1.199999999999999734, 0.3750000000000000555 ) ) ;
#4229 = CARTESIAN_POINT ( 'NONE',  ( 7.774999999999999467, 4.049999999999999822, 1.675000000000000266 ) ) ;
#4230 = VERTEX_POINT ( 'NONE', #6188 ) ;
#4231 = AXIS2_PLACEMENT_3D ( 'NONE', #5260, #896, #5756 ) ;
#4232 = ORIENTED_EDGE ( 'NONE', *, *, #5549, .F. ) ;
#4233 = ORIENTED_EDGE ( 'NONE', *, *, #1210, .T. ) ;
#4234 = AXIS2_PLACEMENT_3D ( 'NONE', #4669, #2296, #5637 ) ;
#4235 = LINE ( 'NONE', #1837, #5180 ) ;
#4236 = CARTESIAN_POINT ( 'NONE',  ( 6.375000000000000888, 0.7428932188134522718, 0.3749999999999998335 ) ) ;
#4237 = CARTESIAN_POINT ( 'NONE',  ( 7.625000000000000000, 4.049999999999999822, 2.375000000000000444 ) ) ;
#4238 = ORIENTED_EDGE ( 'NONE', *, *, #3520, .T. ) ;
#4239 = CARTESIAN_POINT ( 'NONE',  ( 5.724999999999997868, 0.2500000000000037748, -1.816421356237308826 ) ) ;
#4240 = ADVANCED_FACE ( 'NONE', ( #822 ), #3554, .F. ) ;
#4241 = ORIENTED_EDGE ( 'NONE', *, *, #2029, .T. ) ;
#4242 = EDGE_LOOP ( 'NONE', ( #70, #3879, #230, #5979, #5034, #5449 ) ) ;
#4243 = DIRECTION ( 'NONE',  ( -1.000000000000000000, -0.000000000000000000, -0.000000000000000000 ) ) ;
#4244 = EDGE_CURVE ( 'NONE', #4778, #307, #4682, .T. ) ;
#4245 = DIRECTION ( 'NONE',  ( 1.000000000000000000, -0.000000000000000000, -0.000000000000000000 ) ) ;
#4246 = FACE_OUTER_BOUND ( 'NONE', #5957, .T. ) ;
#4247 = PLANE ( 'NONE',  #468 ) ;
#4248 = DIRECTION ( 'NONE',  ( -0.000000000000000000, 1.000000000000000000, 5.421010862427526114E-15 ) ) ;
#4249 = ORIENTED_EDGE ( 'NONE', *, *, #6021, .F. ) ;
#4250 = FILL_AREA_STYLE_COLOUR ( '', #1106 ) ;
#4251 = DIRECTION ( 'NONE',  ( -4.688441826964343312E-16, -1.000000000000000000, 0.000000000000000000 ) ) ;
#4252 = ORIENTED_EDGE ( 'NONE', *, *, #5558, .F. ) ;
#4253 = DIRECTION ( 'NONE',  ( 0.000000000000000000, 2.282530889443167515E-16, -1.000000000000000000 ) ) ;
#4254 = VECTOR ( 'NONE', #6031, 1000.000000000000000 ) ;
#4255 = EDGE_CURVE ( 'NONE', #290, #4661, #1145, .T. ) ;
#4256 = DIRECTION ( 'NONE',  ( 1.000000000000000000, 0.000000000000000000, 0.000000000000000000 ) ) ;
#4257 = DIRECTION ( 'NONE',  ( 0.000000000000000000, -0.7071067811865474617, -0.7071067811865474617 ) ) ;
#4258 = DIRECTION ( 'NONE',  ( -0.000000000000000000, 0.7071067811865405783, 0.7071067811865545671 ) ) ;
#4259 = VECTOR ( 'NONE', #96, 1000.000000000000000 ) ;
#4260 = DIRECTION ( 'NONE',  ( 0.000000000000000000, 0.000000000000000000, -1.000000000000000000 ) ) ;
#4261 = VERTEX_POINT ( 'NONE', #853 ) ;
#4262 = ORIENTED_EDGE ( 'NONE', *, *, #4154, .T. ) ;
#4263 = UNCERTAINTY_MEASURE_WITH_UNIT (LENGTH_MEASURE( 1.000000000000000082E-05 ), #492, 'distance_accuracy_value', 'NONE');
#4264 = EDGE_CURVE ( 'NONE', #5681, #4042, #4715, .T. ) ;
#4265 = CARTESIAN_POINT ( 'NONE',  ( 3.125000000000000000, 3.950000000000000178, -1.174999999999999822 ) ) ;
#4266 = CARTESIAN_POINT ( 'NONE',  ( 5.374999999999999112, 1.199999999999999734, 0.1750000000000000999 ) ) ;
#4267 = CARTESIAN_POINT ( 'NONE',  ( 7.774999999999999467, 2.349999999999999645, 0.6750000000000002665 ) ) ;
#4268 = ORIENTED_EDGE ( 'NONE', *, *, #4113, .F. ) ;
#4269 = EDGE_CURVE ( 'NONE', #5823, #3822, #2755, .T. ) ;
#4270 = CARTESIAN_POINT ( 'NONE',  ( 7.875000000000000000, 4.049999999999999822, -1.775000000000000355 ) ) ;
#4271 = ORIENTED_EDGE ( 'NONE', *, *, #1100, .T. ) ;
#4272 = EDGE_LOOP ( 'NONE', ( #586, #5438, #651, #324 ) ) ;
#4273 = ORIENTED_EDGE ( 'NONE', *, *, #1235, .T. ) ;
#4274 = EDGE_CURVE ( 'NONE', #518, #5565, #5121, .T. ) ;
#4275 = DIRECTION ( 'NONE',  ( 0.000000000000000000, 0.7071067811865519026, -0.7071067811865432429 ) ) ;
#4276 = DIRECTION ( 'NONE',  ( 0.000000000000000000, -3.336006684570783101E-16, 1.000000000000000000 ) ) ;
#4277 = DIRECTION ( 'NONE',  ( 0.000000000000000000, 0.000000000000000000, 1.000000000000000000 ) ) ;
#4278 = PLANE ( 'NONE',  #4294 ) ;
#4279 = ORIENTED_EDGE ( 'NONE', *, *, #5897, .F. ) ;
#4280 = FACE_OUTER_BOUND ( 'NONE', #1272, .T. ) ;
#4281 = LINE ( 'NONE', #4764, #2141 ) ;
#4282 = VECTOR ( 'NONE', #1723, 1000.000000000000000 ) ;
#4283 = DIRECTION ( 'NONE',  ( 0.000000000000000000, 1.000000000000000000, 0.000000000000000000 ) ) ;
#4284 = CARTESIAN_POINT ( 'NONE',  ( 4.124999999999999112, 1.449999999999999956, 0.1750000000000000999 ) ) ;
#4285 = VERTEX_POINT ( 'NONE', #2337 ) ;
#4286 = ADVANCED_FACE ( 'NONE', ( #757 ), #3291, .F. ) ;
#4287 = LINE ( 'NONE', #3384, #2399 ) ;
#4288 = CARTESIAN_POINT ( 'NONE',  ( 4.474999999999996980, -0.1499999999999963862, -1.474999999999999645 ) ) ;
#4289 = LINE ( 'NONE', #2825, #3902 ) ;
#4290 = LINE ( 'NONE', #5747, #3298 ) ;
#4291 = ORIENTED_EDGE ( 'NONE', *, *, #1665, .T. ) ;
#4292 = ORIENTED_EDGE ( 'NONE', *, *, #1421, .T. ) ;
#4293 = CLOSED_SHELL ( 'NONE', ( #5590, #2669, #3828, #830, #1177, #3270, #3762, #2013, #856, #766 ) ) ;
#4294 = AXIS2_PLACEMENT_3D ( 'NONE', #3753, #4636, #1849 ) ;
#4295 = ADVANCED_FACE ( 'NONE', ( #2786 ), #6157, .T. ) ;
#4296 = FACE_OUTER_BOUND ( 'NONE', #4080, .T. ) ;
#4297 = AXIS2_PLACEMENT_3D ( 'NONE', #6147, #4248, #3661 ) ;
#4298 = LINE ( 'NONE', #834, #462 ) ;
#4299 = DIRECTION ( 'NONE',  ( -1.000000000000000000, -1.084202172485505297E-16, 0.000000000000000000 ) ) ;
#4300 = FACE_BOUND ( 'NONE', #3835, .T. ) ;
#4301 = ORIENTED_EDGE ( 'NONE', *, *, #4018, .T. ) ;
#4302 = ORIENTED_EDGE ( 'NONE', *, *, #4640, .T. ) ;
#4303 = EDGE_CURVE ( 'NONE', #2406, #2459, #1830, .T. ) ;
#4304 = EDGE_LOOP ( 'NONE', ( #4360, #4581, #2603, #3726, #2341, #4856 ) ) ;
#4305 = DIRECTION ( 'NONE',  ( -1.000000000000000000, -0.000000000000000000, -0.000000000000000000 ) ) ;
#4306 = EDGE_CURVE ( 'NONE', #5062, #2827, #5505, .T. ) ;
#4307 = DIRECTION ( 'NONE',  ( 3.336006684570783101E-16, 1.000000000000000000, -0.000000000000000000 ) ) ;
#4308 = CARTESIAN_POINT ( 'NONE',  ( 2.725000000000000089, 4.049999999999999822, 0.2749999999999996336 ) ) ;
#4309 = DIRECTION ( 'NONE',  ( 0.7071067811865490160, -0.000000000000000000, -0.7071067811865460184 ) ) ;
#4310 = DIRECTION ( 'NONE',  ( 0.000000000000000000, 3.336006684570783101E-16, -1.000000000000000000 ) ) ;
#4311 = FACE_OUTER_BOUND ( 'NONE', #3951, .T. ) ;
#4312 = ADVANCED_FACE ( 'NONE', ( #1616 ), #4162, .F. ) ;
#4313 = EDGE_LOOP ( 'NONE', ( #1727, #1803, #2932, #246 ) ) ;
#4314 = CARTESIAN_POINT ( 'NONE',  ( 2.225000000000000533, 2.349999999999999645, 1.675000000000000266 ) ) ;
#4315 = FACE_OUTER_BOUND ( 'NONE', #1271, .T. ) ;
#4316 = CARTESIAN_POINT ( 'NONE',  ( 5.724999999999997868, -0.04999999999999636680, -2.375000000000000000 ) ) ;
#4317 = CARTESIAN_POINT ( 'NONE',  ( 4.624999999999998224, 2.575000000000000178, -1.200000000000000400 ) ) ;
#4318 = EDGE_CURVE ( 'NONE', #4874, #3821, #6100, .T. ) ;
#4319 = DIRECTION ( 'NONE',  ( 0.000000000000000000, 0.000000000000000000, -1.000000000000000000 ) ) ;
#4320 = DIRECTION ( 'NONE',  ( 1.000000000000000000, 0.000000000000000000, -0.000000000000000000 ) ) ;
#4321 = DIRECTION ( 'NONE',  ( -1.000000000000000000, 0.000000000000000000, 0.000000000000000000 ) ) ;
#4322 = VECTOR ( 'NONE', #6045, 1000.000000000000000 ) ;
#4323 = CARTESIAN_POINT ( 'NONE',  ( 5.724999999999997868, 0.1500000000000032419, -2.474999999999999645 ) ) ;
#4324 = VERTEX_POINT ( 'NONE', #1321 ) ;
#4325 = ORIENTED_EDGE ( 'NONE', *, *, #3674, .F. ) ;
#4326 = VECTOR ( 'NONE', #1322, 1000.000000000000114 ) ;
#4327 = AXIS2_PLACEMENT_3D ( 'NONE', #2374, #4333, #6261 ) ;
#4328 = VECTOR ( 'NONE', #2083, 1000.000000000000000 ) ;
#4329 = FACE_OUTER_BOUND ( 'NONE', #1904, .T. ) ;
#4330 = AXIS2_PLACEMENT_3D ( 'NONE', #4732, #358, #3246 ) ;
#4331 = VECTOR ( 'NONE', #4784, 1000.000000000000000 ) ;
#4332 = EDGE_CURVE ( 'NONE', #5678, #6289, #5709, .T. ) ;
#4333 = DIRECTION ( 'NONE',  ( -1.000000000000000000, -0.000000000000000000, -0.000000000000000000 ) ) ;
#4334 = CARTESIAN_POINT ( 'NONE',  ( 4.124999999999999112, 1.199999999999999734, 0.1750000000000000999 ) ) ;
#4335 = CARTESIAN_POINT ( 'NONE',  ( 5.724999999999997868, 4.049999999999999822, 0.2749999999999994671 ) ) ;
#4336 = VERTEX_POINT ( 'NONE', #1740 ) ;
#4337 = ORIENTED_EDGE ( 'NONE', *, *, #4956, .T. ) ;
#4338 = ORIENTED_EDGE ( 'NONE', *, *, #2132, .T. ) ;
#4339 = AXIS2_PLACEMENT_3D ( 'NONE', #4596, #5989, #2515 ) ;
#4340 = AXIS2_PLACEMENT_3D ( 'NONE', #1445, #1900, #5338 ) ;
#4341 = CARTESIAN_POINT ( 'NONE',  ( 6.375000000000000888, 1.449999999999999956, 0.3749999999999998335 ) ) ;
#4342 = CARTESIAN_POINT ( 'NONE',  ( 2.624999999999999556, 1.899999999999999689, 2.475000000000000533 ) ) ;
#4343 = DIRECTION ( 'NONE',  ( 0.000000000000000000, 4.336808689941999494E-16, -1.000000000000000000 ) ) ;
#4344 = ORIENTED_EDGE ( 'NONE', *, *, #5817, .T. ) ;
#4345 = CARTESIAN_POINT ( 'NONE',  ( 2.625000000000000444, 2.899999999999999911, 0.1750000000000002387 ) ) ;
#4346 = ORIENTED_EDGE ( 'NONE', *, *, #4269, .T. ) ;
#4347 = ADVANCED_FACE ( 'NONE', ( #1352 ), #5189, .F. ) ;
#4348 = ORIENTED_EDGE ( 'NONE', *, *, #2636, .T. ) ;
#4349 = PRESENTATION_STYLE_ASSIGNMENT (( #3409 ) ) ;
#4350 = SURFACE_SIDE_STYLE ('',( #5238 ) ) ;
#4351 = FACE_OUTER_BOUND ( 'NONE', #1612, .T. ) ;
#4352 = EDGE_CURVE ( 'NONE', #1872, #1081, #4194, .T. ) ;
#4353 = CARTESIAN_POINT ( 'NONE',  ( 6.531793621149187601, 1.016439536705160869E-17, 0.3750000000000000555 ) ) ;
#4354 = EDGE_LOOP ( 'NONE', ( #3937, #6172, #2661, #2340 ) ) ;
#4355 = EDGE_CURVE ( 'NONE', #3241, #775, #794, .T. ) ;
#4356 = CARTESIAN_POINT ( 'NONE',  ( 3.624999999999999556, 1.449999999999999956, 0.8749999999999996669 ) ) ;
#4357 = CARTESIAN_POINT ( 'NONE',  ( 5.524999999999997691, 0.3000000000000008771, -1.374999999999999778 ) ) ;
#4358 = CARTESIAN_POINT ( 'NONE',  ( 6.000000000000000888, 3.849999999999997424, 2.075000000000000622 ) ) ;
#4359 = ORIENTED_EDGE ( 'NONE', *, *, #5074, .F. ) ;
#4360 = ORIENTED_EDGE ( 'NONE', *, *, #3090, .F. ) ;
#4361 = AXIS2_PLACEMENT_3D ( 'NONE', #2253, #1777, #2830 ) ;
#4362 = ORIENTED_EDGE ( 'NONE', *, *, #2980, .T. ) ;
#4363 = AXIS2_PLACEMENT_3D ( 'NONE', #1036, #5773, #3894 ) ;
#4364 = DIRECTION ( 'NONE',  ( -0.000000000000000000, -0.000000000000000000, 1.000000000000000000 ) ) ;
#4365 = CARTESIAN_POINT ( 'NONE',  ( 5.724999999999997868, 0.3500000000000009215, -1.324999999999999512 ) ) ;
#4366 =( NAMED_UNIT ( * ) PLANE_ANGLE_UNIT ( ) SI_UNIT ( $, .RADIAN. ) );
#4367 = CARTESIAN_POINT ( 'NONE',  ( 7.575000000000000178, 0.000000000000000000, 0.2250000000000008105 ) ) ;
#4368 = VERTEX_POINT ( 'NONE', #3832 ) ;
#4369 = ORIENTED_EDGE ( 'NONE', *, *, #4938, .F. ) ;
#4370 = LINE ( 'NONE', #3846, #2016 ) ;
#4371 = DIRECTION ( 'NONE',  ( 0.000000000000000000, -1.000000000000000000, -0.000000000000000000 ) ) ;
#4372 = PLANE ( 'NONE',  #1565 ) ;
#4373 = ORIENTED_EDGE ( 'NONE', *, *, #4901, .F. ) ;
#4374 = CARTESIAN_POINT ( 'NONE',  ( -5.000000000000000000, 0.000000000000000000, -0.3499999999999999223 ) ) ;
#4375 = LINE ( 'NONE', #1883, #4131 ) ;
#4376 = ORIENTED_EDGE ( 'NONE', *, *, #2536, .F. ) ;
#4377 = VERTEX_POINT ( 'NONE', #5835 ) ;
#4378 = ORIENTED_EDGE ( 'NONE', *, *, #1407, .T. ) ;
#4379 = CARTESIAN_POINT ( 'NONE',  ( 5.524999999999998579, 1.449999999999999956, -1.224999999999999645 ) ) ;
#4380 = PLANE ( 'NONE',  #1430 ) ;
#4381 = CARTESIAN_POINT ( 'NONE',  ( 2.625000000000000444, 2.899999999999999911, -0.3249999999999997891 ) ) ;
#4382 = LINE ( 'NONE', #1129, #5707 ) ;
#4383 = ORIENTED_EDGE ( 'NONE', *, *, #2556, .F. ) ;
#4384 = EDGE_CURVE ( 'NONE', #4207, #4657, #3322, .T. ) ;
#4385 = VECTOR ( 'NONE', #5586, 1000.000000000000000 ) ;
#4386 = VECTOR ( 'NONE', #4307, 1000.000000000000000 ) ;
#4387 = CARTESIAN_POINT ( 'NONE',  ( 4.474999999999996980, 3.050000000000000266, 0.000000000000000000 ) ) ;
#4388 = PLANE ( 'NONE',  #3032 ) ;
#4389 = DIRECTION ( 'NONE',  ( 0.000000000000000000, 0.000000000000000000, -1.000000000000000000 ) ) ;
#4390 = EDGE_LOOP ( 'NONE', ( #4752, #5382, #4559, #3388, #5661 ) ) ;
#4391 =( GEOMETRIC_REPRESENTATION_CONTEXT ( 3 ) GLOBAL_UNCERTAINTY_ASSIGNED_CONTEXT ( ( #4925 ) ) GLOBAL_UNIT_ASSIGNED_CONTEXT ( ( #2330, #1893, #5765 ) ) REPRESENTATION_CONTEXT ( 'NONE', 'WORKASPACE' ) );
#4392 = EDGE_CURVE ( 'NONE', #4975, #770, #1005, .T. ) ;
#4393 = CARTESIAN_POINT ( 'NONE',  ( 7.575000000000000178, 0.000000000000000000, 2.475000000000000089 ) ) ;
#4394 = CARTESIAN_POINT ( 'NONE',  ( 7.275000000000000355, 4.049999999999999822, 0.000000000000000000 ) ) ;
#4395 = EDGE_LOOP ( 'NONE', ( #678, #1533, #2138, #2527 ) ) ;
#4396 = EDGE_CURVE ( 'NONE', #2401, #4587, #471, .T. ) ;
#4397 = APPLICATION_CONTEXT ( 'automotive_design' ) ;
#4398 = VECTOR ( 'NONE', #3881, 1000.000000000000000 ) ;
#4399 = DIRECTION ( 'NONE',  ( 0.000000000000000000, 0.000000000000000000, -1.000000000000000000 ) ) ;
#4400 = CARTESIAN_POINT ( 'NONE',  ( 2.624999999999999556, -0.1499999999999963862, 0.3749999999999942268 ) ) ;
#4401 = CARTESIAN_POINT ( 'NONE',  ( 4.274999999999998579, 3.299999999999999822, -1.224999999999999645 ) ) ;
#4402 = VERTEX_POINT ( 'NONE', #1995 ) ;
#4403 = VERTEX_POINT ( 'NONE', #4894 ) ;
#4404 = DIRECTION ( 'NONE',  ( 0.000000000000000000, 0.000000000000000000, 1.000000000000000000 ) ) ;
#4405 = LINE ( 'NONE', #3374, #1078 ) ;
#4406 = ORIENTED_EDGE ( 'NONE', *, *, #1557, .T. ) ;
#4407 = ORIENTED_EDGE ( 'NONE', *, *, #860, .F. ) ;
#4408 = ADVANCED_FACE ( 'NONE', ( #3385 ), #2367, .F. ) ;
#4409 = CARTESIAN_POINT ( 'NONE',  ( 2.425000000000000266, 0.5999999999999999778, 1.825000000000000622 ) ) ;
#4410 = CARTESIAN_POINT ( 'NONE',  ( 4.624999999999998224, 1.199999999999999734, 0.1750000000000000999 ) ) ;
#4411 = DIRECTION ( 'NONE',  ( 0.000000000000000000, -1.000000000000000000, -0.000000000000000000 ) ) ;
#4412 = DIRECTION ( 'NONE',  ( -0.7071067811865505703, -7.666467083416910134E-17, 0.7071067811865444641 ) ) ;
#4413 = EDGE_CURVE ( 'NONE', #3116, #2590, #1930, .T. ) ;
#4414 = LINE ( 'NONE', #43, #2151 ) ;
#4415 = VERTEX_POINT ( 'NONE', #4832 ) ;
#4416 = AXIS2_PLACEMENT_3D ( 'NONE', #2563, #5463, #3963 ) ;
#4417 = DIRECTION ( 'NONE',  ( 0.000000000000000000, 1.000000000000000000, -1.445602896647327084E-15 ) ) ;
#4418 = CARTESIAN_POINT ( 'NONE',  ( 5.374999999999999112, 3.950000000000000178, 0.3750000000000001110 ) ) ;
#4419 = DIRECTION ( 'NONE',  ( -0.000000000000000000, -0.7071067811865475727, -0.7071067811865475727 ) ) ;
#4420 = ORIENTED_EDGE ( 'NONE', *, *, #5887, .T. ) ;
#4421 = VERTEX_POINT ( 'NONE', #5868 ) ;
#4422 = EDGE_CURVE ( 'NONE', #2863, #2958, #5802, .T. ) ;
#4423 = VECTOR ( 'NONE', #2193, 1000.000000000000000 ) ;
#4424 = PLANE ( 'NONE',  #4739 ) ;
#4425 = DIRECTION ( 'NONE',  ( 0.000000000000000000, -0.7071067811865475727, 0.7071067811865475727 ) ) ;
#4426 = VECTOR ( 'NONE', #1641, 1000.000000000000000 ) ;
#4427 = VERTEX_POINT ( 'NONE', #49 ) ;
#4428 = VERTEX_POINT ( 'NONE', #4357 ) ;
#4429 = VECTOR ( 'NONE', #4684, 1000.000000000000000 ) ;
#4430 = EDGE_CURVE ( 'NONE', #3068, #388, #4927, .T. ) ;
#4431 = AXIS2_PLACEMENT_3D ( 'NONE', #694, #1598, #178 ) ;
#4432 = VECTOR ( 'NONE', #4056, 1000.000000000000114 ) ;
#4434 = CARTESIAN_POINT ( 'NONE',  ( 4.474999999999996980, 0.1792893218813485789, -1.745710678118654435 ) ) ;
#4433 = AXIS2_PLACEMENT_3D ( 'NONE', #5855, #4404, #4852 ) ;
#4435 = DIRECTION ( 'NONE',  ( -0.000000000000000000, 1.000000000000000000, 0.000000000000000000 ) ) ;
#4436 = DIRECTION ( 'NONE',  ( 0.000000000000000000, 5.251604272976699179E-15, -1.000000000000000000 ) ) ;
#4437 = ORIENTED_EDGE ( 'NONE', *, *, #1504, .F. ) ;
#4438 = VERTEX_POINT ( 'NONE', #979 ) ;
#4439 = ADVANCED_FACE ( 'NONE', ( #1446 ), #4388, .F. ) ;
#4440 = DIRECTION ( 'NONE',  ( 0.000000000000000000, 0.000000000000000000, 1.000000000000000000 ) ) ;
#4441 = EDGE_LOOP ( 'NONE', ( #1325, #3141, #5067, #5386, #4953, #3617, #6072, #5181 ) ) ;
#4442 = DIRECTION ( 'NONE',  ( 0.000000000000000000, 0.000000000000000000, 1.000000000000000000 ) ) ;
#4443 = ORIENTED_EDGE ( 'NONE', *, *, #2171, .T. ) ;
#4444 = AXIS2_PLACEMENT_3D ( 'NONE', #2104, #2452, #2072 ) ;
#4445 = ORIENTED_EDGE ( 'NONE', *, *, #5354, .T. ) ;
#4446 = EDGE_CURVE ( 'NONE', #6061, #5853, #3354, .T. ) ;
#4447 = CARTESIAN_POINT ( 'NONE',  ( -7.875000000000000000, 0.000000000000000000, -0.8249999999999997335 ) ) ;
#4448 = CARTESIAN_POINT ( 'NONE',  ( 7.625000000000000000, 4.049999999999999822, 2.375000000000000444 ) ) ;
#4449 = CARTESIAN_POINT ( 'NONE',  ( 4.274999999999998579, 6.140988867593913192E-18, -0.02500000000000096242 ) ) ;
#4450 = LINE ( 'NONE', #2963, #361 ) ;
#4451 = CARTESIAN_POINT ( 'NONE',  ( 5.524999999999998579, 1.449999999999999956, -1.174999999999999822 ) ) ;
#4452 = PLANE ( 'NONE',  #2564 ) ;
#4453 = ORIENTED_EDGE ( 'NONE', *, *, #878, .T. ) ;
#4454 = CARTESIAN_POINT ( 'NONE',  ( 4.474999999999996980, -0.1499999999999963862, -2.374999999999999112 ) ) ;
#4455 = LINE ( 'NONE', #4093, #4462 ) ;
#4456 = LINE ( 'NONE', #3965, #3700 ) ;
#4457 = ORIENTED_EDGE ( 'NONE', *, *, #387, .T. ) ;
#4458 = LINE ( 'NONE', #5374, #5833 ) ;
#4459 = PLANE ( 'NONE',  #4019 ) ;
#4460 = EDGE_LOOP ( 'NONE', ( #3972, #751, #5135, #3541 ) ) ;
#4461 = ORIENTED_EDGE ( 'NONE', *, *, #55, .T. ) ;
#4462 = VECTOR ( 'NONE', #3964, 1000.000000000000000 ) ;
#4463 = ADVANCED_FACE ( 'NONE', ( #916 ), #2850, .F. ) ;
#4464 = DIRECTION ( 'NONE',  ( 0.7071067811865475727, -0.7071067811865475727, 0.000000000000000000 ) ) ;
#4465 = ADVANCED_FACE ( 'NONE', ( #503 ), #5339, .F. ) ;
#4466 = LINE ( 'NONE', #3526, #1938 ) ;
#4467 = FACE_OUTER_BOUND ( 'NONE', #6287, .T. ) ;
#4468 = ORIENTED_EDGE ( 'NONE', *, *, #4819, .T. ) ;
#4469 = EDGE_LOOP ( 'NONE', ( #735, #5383, #1343, #5163, #2042, #5432, #3476, #2038 ) ) ;
#4470 = ITEM_DEFINED_TRANSFORMATION ( 'NONE', 'NONE', #3002,  #4433 ) ;
#4471 = VECTOR ( 'NONE', #1635, 1000.000000000000000 ) ;
#4472 = VERTEX_POINT ( 'NONE', #6252 ) ;
#4473 = FACE_OUTER_BOUND ( 'NONE', #1590, .T. ) ;
#4474 = ORIENTED_EDGE ( 'NONE', *, *, #3422, .F. ) ;
#4475 = ORIENTED_EDGE ( 'NONE', *, *, #3552, .T. ) ;
#4476 = ADVANCED_FACE ( 'NONE', ( #3929 ), #19, .F. ) ;
#4477 = DIRECTION ( 'NONE',  ( 0.000000000000000000, -1.000000000000000000, 0.000000000000000000 ) ) ;
#4478 = CARTESIAN_POINT ( 'NONE',  ( 6.531793621149187601, 3.050000000000000266, -0.1050000000000000655 ) ) ;
#4479 = DIRECTION ( 'NONE',  ( 0.000000000000000000, 0.000000000000000000, 1.000000000000000000 ) ) ;
#4480 = PLANE ( 'NONE',  #3508 ) ;
#4481 = CARTESIAN_POINT ( 'NONE',  ( 5.724999999999997868, 1.449999999999999956, -0.02500000000000060854 ) ) ;
#4482 = CARTESIAN_POINT ( 'NONE',  ( 7.575000000000000178, 1.899999999999999689, 2.475000000000000533 ) ) ;
#4483 = ORIENTED_EDGE ( 'NONE', *, *, #4332, .F. ) ;
#4484 = ORIENTED_EDGE ( 'NONE', *, *, #3523, .T. ) ;
#4485 = CARTESIAN_POINT ( 'NONE',  ( 7.875000000000000000, 4.049999999999999822, 2.475000000000000089 ) ) ;
#4486 = LINE ( 'NONE', #116, #4471 ) ;
#4487 = DIRECTION ( 'NONE',  ( 0.000000000000000000, 0.000000000000000000, -1.000000000000000000 ) ) ;
#4488 = SURFACE_STYLE_FILL_AREA ( #2802 ) ;
#4489 = ORIENTED_EDGE ( 'NONE', *, *, #3179, .T. ) ;
#4490 = EDGE_CURVE ( 'NONE', #5423, #2068, #2969, .T. ) ;
#4491 = EDGE_CURVE ( 'NONE', #5571, #5009, #946, .T. ) ;
#4492 = DIRECTION ( 'NONE',  ( 0.000000000000000000, 0.000000000000000000, 1.000000000000000000 ) ) ;
#4493 = DIRECTION ( 'NONE',  ( 0.000000000000000000, -0.000000000000000000, 1.000000000000000000 ) ) ;
#4494 = AXIS2_PLACEMENT_3D ( 'NONE', #98, #4435, #1617 ) ;
#4495 = EDGE_CURVE ( 'NONE', #5557, #4939, #4865, .T. ) ;
#4496 = ORIENTED_EDGE ( 'NONE', *, *, #5166, .T. ) ;
#4497 = ORIENTED_EDGE ( 'NONE', *, *, #6185, .F. ) ;
#4498 = ORIENTED_EDGE ( 'NONE', *, *, #1000, .F. ) ;
#4499 = CARTESIAN_POINT ( 'NONE',  ( 7.774999999999999467, 2.349999999999999645, 0.6750000000000002665 ) ) ;
#4500 = DIRECTION ( 'NONE',  ( -0.000000000000000000, 0.7071067811865474617, 0.7071067811865474617 ) ) ;
#4501 = CARTESIAN_POINT ( 'NONE',  ( 7.575000000000000178, 0.5999999999999999778, 1.825000000000000622 ) ) ;
#4502 = ORIENTED_EDGE ( 'NONE', *, *, #2788, .F. ) ;
#4503 = VERTEX_POINT ( 'NONE', #4520 ) ;
#4504 = VERTEX_POINT ( 'NONE', #3072 ) ;
#4505 = DIRECTION ( 'NONE',  ( 0.000000000000000000, 0.000000000000000000, 1.000000000000000000 ) ) ;
#4506 = EDGE_CURVE ( 'NONE', #3883, #6162, #148, .T. ) ;
#4507 = ORIENTED_EDGE ( 'NONE', *, *, #3080, .F. ) ;
#4508 = ORIENTED_EDGE ( 'NONE', *, *, #2630, .F. ) ;
#4509 = VECTOR ( 'NONE', #3540, 1000.000000000000227 ) ;
#4510 = ADVANCED_FACE ( 'NONE', ( #4965 ), #4553, .F. ) ;
#4511 = CARTESIAN_POINT ( 'NONE',  ( 6.000000000000000888, 0.2100000000000001865, 2.495000000000000551 ) ) ;
#4512 = LINE ( 'NONE', #4918, #2736 ) ;
#4513 = LINE ( 'NONE', #5487, #3257 ) ;
#4514 = DIRECTION ( 'NONE',  ( 0.000000000000000000, 0.000000000000000000, 1.000000000000000000 ) ) ;
#4515 = DIRECTION ( 'NONE',  ( 0.000000000000000000, -1.000000000000000000, 1.445602896647327084E-15 ) ) ;
#4516 = PRESENTATION_LAYER_ASSIGNMENT (  '', '', ( #5810 ) ) ;
#4517 = CARTESIAN_POINT ( 'NONE',  ( -4.299999999999998934, 0.000000000000000000, 2.075000000000000622 ) ) ;
#4518 = VERTEX_POINT ( 'NONE', #2024 ) ;
#4519 = LINE ( 'NONE', #4032, #3383 ) ;
#4520 = CARTESIAN_POINT ( 'NONE',  ( 5.724999999999997868, 3.449999999999999289, 0.3749999999999999445 ) ) ;
#4521 = PLANE ( 'NONE',  #5441 ) ;
#4522 = EDGE_LOOP ( 'NONE', ( #5735, #5023, #3142, #3872 ) ) ;
#4523 = FACE_OUTER_BOUND ( 'NONE', #5223, .T. ) ;
#4524 = EDGE_CURVE ( 'NONE', #4846, #1614, #4455, .T. ) ;
#4525 = VERTEX_POINT ( 'NONE', #1135 ) ;
#4526 = DIRECTION ( 'NONE',  ( -1.000000000000000000, 0.000000000000000000, -1.807003620809174632E-16 ) ) ;
#4527 = CARTESIAN_POINT ( 'NONE',  ( 7.375000000000000000, 1.800000000000000044, -1.175000000000000044 ) ) ;
#4528 = APPLICATION_CONTEXT ( 'automotive_design' ) ;
#4529 = ORIENTED_EDGE ( 'NONE', *, *, #1704, .F. ) ;
#4530 = ORIENTED_EDGE ( 'NONE', *, *, #2004, .F. ) ;
#4531 = AXIS2_PLACEMENT_3D ( 'NONE', #1423, #1543, #507 ) ;
#4532 = DIRECTION ( 'NONE',  ( 0.000000000000000000, -5.421010862427520198E-16, 1.000000000000000000 ) ) ;
#4533 = CARTESIAN_POINT ( 'NONE',  ( 5.724999999999996980, 3.950000000000000178, 0.3750000000000001110 ) ) ;
#4534 = CARTESIAN_POINT ( 'NONE',  ( 5.724999999999997868, 0.09999999999999999167, -0.8250000000000010658 ) ) ;
#4535 = ORIENTED_EDGE ( 'NONE', *, *, #3243, .F. ) ;
#4536 = ORIENTED_EDGE ( 'NONE', *, *, #4004, .T. ) ;
#4537 = DIRECTION ( 'NONE',  ( -1.000000000000000000, -0.000000000000000000, -0.000000000000000000 ) ) ;
#4538 = VERTEX_POINT ( 'NONE', #5902 ) ;
#4539 = VERTEX_POINT ( 'NONE', #4033 ) ;
#4540 = VECTOR ( 'NONE', #3675, 1000.000000000000000 ) ;
#4541 = VECTOR ( 'NONE', #5973, 1000.000000000000000 ) ;
#4542 = LINE ( 'NONE', #1595, #4124 ) ;
#4543 = DIRECTION ( 'NONE',  ( -0.000000000000000000, -0.7071067811865474617, 0.7071067811865474617 ) ) ;
#4544 = DIRECTION ( 'NONE',  ( 0.7071067811865475727, -0.7071067811865475727, 0.000000000000000000 ) ) ;
#4545 = DIRECTION ( 'NONE',  ( 1.000000000000000000, -1.084202172485505297E-16, 0.000000000000000000 ) ) ;
#4546 = VECTOR ( 'NONE', #5634, 1000.000000000000000 ) ;
#4547 = CARTESIAN_POINT ( 'NONE',  ( 4.274999999999998579, 3.299999999999999822, -0.7749999999999999112 ) ) ;
#4548 = FACE_OUTER_BOUND ( 'NONE', #3903, .T. ) ;
#4549 = EDGE_LOOP ( 'NONE', ( #3417, #3156, #5350, #5404 ) ) ;
#4550 =( GEOMETRIC_REPRESENTATION_CONTEXT ( 3 ) GLOBAL_UNCERTAINTY_ASSIGNED_CONTEXT ( ( #2497 ) ) GLOBAL_UNIT_ASSIGNED_CONTEXT ( ( #5788, #1370, #1882 ) ) REPRESENTATION_CONTEXT ( 'NONE', 'WORKASPACE' ) );
#4551 = ORIENTED_EDGE ( 'NONE', *, *, #1648, .F. ) ;
#4552 = LINE ( 'NONE', #5087, #3788 ) ;
#4553 = PLANE ( 'NONE',  #902 ) ;
#4554 = CARTESIAN_POINT ( 'NONE',  ( 2.125000000000000000, 0.5999999999999999778, 0.2250000000000008105 ) ) ;
#4555 = EDGE_CURVE ( 'NONE', #5728, #2665, #5427, .T. ) ;
#4556 = CARTESIAN_POINT ( 'NONE',  ( -7.875000000000000000, 0.4999999999999998890, -1.574999999999999512 ) ) ;
#4557 = LINE ( 'NONE', #3139, #869 ) ;
#4558 = DIRECTION ( 'NONE',  ( -0.000000000000000000, -4.553649124439118623E-15, 1.000000000000000000 ) ) ;
#4559 = ORIENTED_EDGE ( 'NONE', *, *, #5268, .T. ) ;
#4560 = VERTEX_POINT ( 'NONE', #698 ) ;
#4561 = ORIENTED_EDGE ( 'NONE', *, *, #3361, .F. ) ;
#4562 = FACE_OUTER_BOUND ( 'NONE', #4354, .T. ) ;
#4563 = LINE ( 'NONE', #2476, #1063 ) ;
#4564 = ORIENTED_EDGE ( 'NONE', *, *, #5283, .F. ) ;
#4565 = DIRECTION ( 'NONE',  ( -1.000000000000000000, -1.084202172485505297E-16, 0.000000000000000000 ) ) ;
#4566 = ORIENTED_EDGE ( 'NONE', *, *, #5906, .F. ) ;
#4567 = ORIENTED_EDGE ( 'NONE', *, *, #3619, .T. ) ;
#4568 = VECTOR ( 'NONE', #2313, 1000.000000000000000 ) ;
#4569 = LINE ( 'NONE', #4085, #5149 ) ;
#4570 = CARTESIAN_POINT ( 'NONE',  ( 5.374999999999999112, 4.049999999999999822, 0.2749999999999994671 ) ) ;
#4571 = VECTOR ( 'NONE', #5984, 1000.000000000000000 ) ;
#4572 = CARTESIAN_POINT ( 'NONE',  ( 4.274999999999997691, 0.1500000000000032419, -2.474999999999999645 ) ) ;
#4573 = FACE_OUTER_BOUND ( 'NONE', #3754, .T. ) ;
#4574 = PLANE ( 'NONE',  #573 ) ;
#4575 = FACE_OUTER_BOUND ( 'NONE', #5898, .T. ) ;
#4576 = VERTEX_POINT ( 'NONE', #3134 ) ;
#4577 = EDGE_CURVE ( 'NONE', #981, #2078, #3007, .T. ) ;
#4578 = CARTESIAN_POINT ( 'NONE',  ( 6.974999999999999645, 4.049999999999999822, 0.9749999999999993117 ) ) ;
#4579 = PLANE ( 'NONE',  #3335 ) ;
#4580 = DIRECTION ( 'NONE',  ( 0.000000000000000000, -3.336006684570783101E-16, 1.000000000000000000 ) ) ;
#4581 = ORIENTED_EDGE ( 'NONE', *, *, #5187, .T. ) ;
#4582 = CARTESIAN_POINT ( 'NONE',  ( 7.575000000000000178, 0.5999999999999999778, 1.825000000000000622 ) ) ;
#4583 = EDGE_CURVE ( 'NONE', #4994, #5012, #602, .T. ) ;
#4584 = ADVANCED_FACE ( 'NONE', ( #5026 ), #1667, .F. ) ;
#4585 = LINE ( 'NONE', #2181, #6142 ) ;
#4586 = LINE ( 'NONE', #1170, #1982 ) ;
#4587 = VERTEX_POINT ( 'NONE', #5525 ) ;
#4588 = ORIENTED_EDGE ( 'NONE', *, *, #1762, .F. ) ;
#4589 = PRODUCT_DEFINITION ( 'UNKNOWN', '', #2905, #2753 ) ;
#4590 = ORIENTED_EDGE ( 'NONE', *, *, #2327, .F. ) ;
#4591 = EDGE_CURVE ( 'NONE', #299, #2781, #4774, .T. ) ;
#4592 = VECTOR ( 'NONE', #710, 1000.000000000000000 ) ;
#4593 = DIRECTION ( 'NONE',  ( 1.000000000000000000, 0.000000000000000000, 0.000000000000000000 ) ) ;
#4594 = FACE_OUTER_BOUND ( 'NONE', #1494, .T. ) ;
#4595 = VERTEX_POINT ( 'NONE', #4996 ) ;
#4596 = CARTESIAN_POINT ( 'NONE',  ( 6.375000000000000888, 0.7428932188134522718, 0.8749999999999996669 ) ) ;
#4597 = EDGE_LOOP ( 'NONE', ( #146, #2918, #3708, #3873 ) ) ;
#4598 = VECTOR ( 'NONE', #1218, 1000.000000000000000 ) ;
#4599 = EDGE_CURVE ( 'NONE', #2032, #4721, #5493, .T. ) ;
#4600 = CARTESIAN_POINT ( 'NONE',  ( 6.531793621149187601, 1.577500000000001235, -1.577499999999999902 ) ) ;
#4601 = CARTESIAN_POINT ( 'NONE',  ( 5.724999999999998757, 3.299999999999999822, -0.7749999999999999112 ) ) ;
#4602 = CARTESIAN_POINT ( 'NONE',  ( 5.724999999999997868, 0.4999999999999998890, -0.8249999999999997335 ) ) ;
#4603 = LINE ( 'NONE', #235, #4128 ) ;
#4604 = DIRECTION ( 'NONE',  ( 0.000000000000000000, 1.000000000000000000, 3.252606517456514091E-15 ) ) ;
#4605 = ORIENTED_EDGE ( 'NONE', *, *, #3520, .F. ) ;
#4606 = VECTOR ( 'NONE', #6187, 1000.000000000000000 ) ;
#4607 = ADVANCED_FACE ( 'NONE', ( #1194 ), #3995, .F. ) ;
#4608 = PLANE ( 'NONE',  #5791 ) ;
#4609 = AXIS2_PLACEMENT_3D ( 'NONE', #4353, #3857, #494 ) ;
#4610 = ADVANCED_FACE ( 'NONE', ( #4065 ), #4579, .F. ) ;
#4611 = FILL_AREA_STYLE_COLOUR ( '', #606 ) ;
#4612 = LINE ( 'NONE', #2595, #4941 ) ;
#4613 = ORIENTED_EDGE ( 'NONE', *, *, #5474, .T. ) ;
#4614 = CARTESIAN_POINT ( 'NONE',  ( 5.724999999999998757, 4.049999999999999822, -1.224999999999999645 ) ) ;
#4615 = CARTESIAN_POINT ( 'NONE',  ( 5.724999999999997868, 0.1792893218813485789, -1.745710678118654435 ) ) ;
#4616 = ORIENTED_EDGE ( 'NONE', *, *, #3289, .T. ) ;
#4617 = ORIENTED_EDGE ( 'NONE', *, *, #2356, .F. ) ;
#4618 = EDGE_CURVE ( 'NONE', #1842, #991, #4486, .T. ) ;
#4619 = ORIENTED_EDGE ( 'NONE', *, *, #5100, .T. ) ;
#4620 = EDGE_LOOP ( 'NONE', ( #227, #807, #3148, #1211 ) ) ;
#4621 = EDGE_CURVE ( 'NONE', #3489, #2571, #2144, .T. ) ;
#4622 = STYLED_ITEM ( 'NONE', ( #633 ), #422 ) ;
#4623 = EDGE_CURVE ( 'NONE', #2949, #1776, #5972, .T. ) ;
#4624 = DIRECTION ( 'NONE',  ( 0.000000000000000000, -0.000000000000000000, -1.000000000000000000 ) ) ;
#4625 = LINE ( 'NONE', #3681, #1670 ) ;
#4626 = PLANE ( 'NONE',  #1580 ) ;
#4627 = ORIENTED_EDGE ( 'NONE', *, *, #3357, .F. ) ;
#4628 = ORIENTED_EDGE ( 'NONE', *, *, #2593, .T. ) ;
#4629 = EDGE_CURVE ( 'NONE', #3436, #1546, #1103, .T. ) ;
#4630 = DIRECTION ( 'NONE',  ( 0.000000000000000000, -1.000000000000000000, -1.355252715606880789E-16 ) ) ;
#4631 = EDGE_CURVE ( 'NONE', #5009, #1646, #4218, .T. ) ;
#4632 = AXIS2_PLACEMENT_3D ( 'NONE', #5986, #3945, #4079 ) ;
#4633 = DIRECTION ( 'NONE',  ( -1.000000000000000000, 0.000000000000000000, 0.000000000000000000 ) ) ;
#4634 = CARTESIAN_POINT ( 'NONE',  ( 5.724999999999997868, 1.449999999999999956, 0.3750000000000000000 ) ) ;
#4635 = CARTESIAN_POINT ( 'NONE',  ( 2.624999999999999556, 0.000000000000000000, 2.475000000000000089 ) ) ;
#4636 = DIRECTION ( 'NONE',  ( -1.000000000000000000, 0.000000000000000000, -0.000000000000000000 ) ) ;
#4637 = ORIENTED_EDGE ( 'NONE', *, *, #6168, .F. ) ;
#4638 = AXIS2_PLACEMENT_3D ( 'NONE', #2756, #5161, #311 ) ;
#4639 = VECTOR ( 'NONE', #4718, 1000.000000000000000 ) ;
#4640 = EDGE_CURVE ( 'NONE', #3088, #4285, #2299, .T. ) ;
#4641 = ORIENTED_EDGE ( 'NONE', *, *, #2502, .F. ) ;
#4642 = VECTOR ( 'NONE', #6286, 1000.000000000000000 ) ;
#4643 = VECTOR ( 'NONE', #3220, 1000.000000000000000 ) ;
#4644 = AXIS2_PLACEMENT_3D ( 'NONE', #2674, #6022, #5080 ) ;
#4645 = CARTESIAN_POINT ( 'NONE',  ( 7.375000000000000888, -0.1499999999999963862, 2.324999999999999734 ) ) ;
#4646 = SURFACE_STYLE_USAGE ( .BOTH. , #6181 ) ;
#4647 = VECTOR ( 'NONE', #2136, 1000.000000000000000 ) ;
#4648 = CARTESIAN_POINT ( 'NONE',  ( 7.875000000000000000, 2.349999999999999645, 0.6750000000000002665 ) ) ;
#4649 = VERTEX_POINT ( 'NONE', #6064 ) ;
#4650 =( NAMED_UNIT ( * ) PLANE_ANGLE_UNIT ( ) SI_UNIT ( $, .RADIAN. ) );
#4651 = VECTOR ( 'NONE', #551, 1000.000000000000000 ) ;
#4652 = VECTOR ( 'NONE', #3892, 1000.000000000000000 ) ;
#4653 = CARTESIAN_POINT ( 'NONE',  ( 2.125000000000000000, 3.399999999999999911, -1.174999999999999822 ) ) ;
#4654 = DIRECTION ( 'NONE',  ( 0.000000000000000000, 1.000000000000000000, -1.445602896647327084E-15 ) ) ;
#4655 = DIRECTION ( 'NONE',  ( 0.000000000000000000, -0.7071067811865545671, 0.7071067811865405783 ) ) ;
#4656 = PLANE ( 'NONE',  #3104 ) ;
#4657 = VERTEX_POINT ( 'NONE', #2173 ) ;
#4658 = ORIENTED_EDGE ( 'NONE', *, *, #5229, .F. ) ;
#4659 = LINE ( 'NONE', #1649, #6203 ) ;
#4660 = DIRECTION ( 'NONE',  ( -0.5773502691896257311, 0.5773502691896257311, 0.5773502691896257311 ) ) ;
#4661 = VERTEX_POINT ( 'NONE', #723 ) ;
#4662 = LINE ( 'NONE', #5200, #576 ) ;
#4663 = ORIENTED_EDGE ( 'NONE', *, *, #1692, .T. ) ;
#4664 = ORIENTED_EDGE ( 'NONE', *, *, #5980, .T. ) ;
#4665 = EDGE_CURVE ( 'NONE', #3697, #515, #3694, .T. ) ;
#4666 = PLANE ( 'NONE',  #778 ) ;
#4667 = LINE ( 'NONE', #717, #2552 ) ;
#4668 = DIRECTION ( 'NONE',  ( 0.000000000000000000, -1.000000000000000000, -3.252606517456514091E-15 ) ) ;
#4669 = CARTESIAN_POINT ( 'NONE',  ( -6.875000000000000000, -13.83708784390703705, 0.3750000000000001110 ) ) ;
#4670 = PLANE ( 'NONE',  #2254 ) ;
#4671 = ORIENTED_EDGE ( 'NONE', *, *, #4495, .F. ) ;
#4672 = ADVANCED_FACE ( 'NONE', ( #3285 ), #1224, .F. ) ;
#4673 = VECTOR ( 'NONE', #5753, 1000.000000000000000 ) ;
#4674 = VECTOR ( 'NONE', #2433, 1000.000000000000000 ) ;
#4675 = DIRECTION ( 'NONE',  ( -0.000000000000000000, 0.7071067811865545671, -0.7071067811865405783 ) ) ;
#4676 = SURFACE_SIDE_STYLE ('',( #2207 ) ) ;
#4677 = LINE ( 'NONE', #6124, #4020 ) ;
#4678 = DIRECTION ( 'NONE',  ( -1.000000000000000000, -0.000000000000000000, -0.000000000000000000 ) ) ;
#4679 = VECTOR ( 'NONE', #5151, 1000.000000000000000 ) ;
#4680 = STYLED_ITEM ( 'NONE', ( #4885 ), #540 ) ;
#4681 = LINE ( 'NONE', #2754, #2658 ) ;
#4682 = LINE ( 'NONE', #2246, #3939 ) ;
#4683 = CARTESIAN_POINT ( 'NONE',  ( 4.474999999999996980, 0.2500000000000037748, -1.816421356237308826 ) ) ;
#4684 = DIRECTION ( 'NONE',  ( 0.000000000000000000, 0.000000000000000000, 1.000000000000000000 ) ) ;
#4685 = ORIENTED_EDGE ( 'NONE', *, *, #1767, .F. ) ;
#4686 = ORIENTED_EDGE ( 'NONE', *, *, #3925, .F. ) ;
#4687 = ORIENTED_EDGE ( 'NONE', *, *, #2856, .F. ) ;
#4688 = EDGE_CURVE ( 'NONE', #679, #3882, #6123, .T. ) ;
#4689 = PLANE ( 'NONE',  #4361 ) ;
#4690 = ADVANCED_FACE ( 'NONE', ( #6094 ), #5643, .F. ) ;
#4691 = CARTESIAN_POINT ( 'NONE',  ( 5.524999999999998579, 3.299999999999999822, -1.224999999999999645 ) ) ;
#4692 = PLANE ( 'NONE',  #5940 ) ;
#4693 = ORIENTED_EDGE ( 'NONE', *, *, #3755, .F. ) ;
#4694 = CARTESIAN_POINT ( 'NONE',  ( 2.624999999999999556, 0.5999999999999999778, 0.2250000000000008105 ) ) ;
#4695 = ORIENTED_EDGE ( 'NONE', *, *, #2271, .F. ) ;
#4696 =( GEOMETRIC_REPRESENTATION_CONTEXT ( 3 ) GLOBAL_UNCERTAINTY_ASSIGNED_CONTEXT ( ( #6165 ) ) GLOBAL_UNIT_ASSIGNED_CONTEXT ( ( #4155, #6151, #4708 ) ) REPRESENTATION_CONTEXT ( 'NONE', 'WORKASPACE' ) );
#4697 = VECTOR ( 'NONE', #2773, 1000.000000000000000 ) ;
#4698 = CARTESIAN_POINT ( 'NONE',  ( 4.474999999999996980, 6.140988867593913192E-18, -0.02500000000000096242 ) ) ;
#4699 = CARTESIAN_POINT ( 'NONE',  ( 3.124999999999999112, -6.123233995736742617E-17, 2.475000000000000089 ) ) ;
#4700 = EDGE_CURVE ( 'NONE', #5527, #6074, #1764, .T. ) ;
#4701 = DIRECTION ( 'NONE',  ( 0.000000000000000000, 1.000000000000000000, 3.336006684570783101E-16 ) ) ;
#4702 = CARTESIAN_POINT ( 'NONE',  ( 5.724999999999997868, 3.050000000000000266, -0.1049999999999996214 ) ) ;
#4703 = DIRECTION ( 'NONE',  ( 0.000000000000000000, 0.000000000000000000, -1.000000000000000000 ) ) ;
#4704 = ORIENTED_EDGE ( 'NONE', *, *, #4814, .F. ) ;
#4705 = VECTOR ( 'NONE', #5926, 1000.000000000000000 ) ;
#4706 = ADVANCED_FACE ( 'NONE', ( #1286 ), #1730, .F. ) ;
#4707 = ORIENTED_EDGE ( 'NONE', *, *, #3209, .F. ) ;
#4708 =( NAMED_UNIT ( * ) SI_UNIT ( $, .STERADIAN. ) SOLID_ANGLE_UNIT ( ) );
#4709 = SURFACE_STYLE_FILL_AREA ( #2682 ) ;
#4710 = DIRECTION ( 'NONE',  ( 0.000000000000000000, -1.000000000000000000, -2.456395547037470490E-16 ) ) ;
#4711 = MANIFOLD_SOLID_BREP ( 'Mirror5[2]', #3165 ) ;
#4712 = DIRECTION ( 'NONE',  ( 0.000000000000000000, 0.000000000000000000, -1.000000000000000000 ) ) ;
#4713 = VECTOR ( 'NONE', #1250, 1000.000000000000000 ) ;
#4714 = LINE ( 'NONE', #3196, #426 ) ;
#4715 = LINE ( 'NONE', #2273, #4058 ) ;
#4716 = EDGE_CURVE ( 'NONE', #34, #4421, #2240, .T. ) ;
#4717 = LINE ( 'NONE', #2694, #6243 ) ;
#4718 = DIRECTION ( 'NONE',  ( 0.000000000000000000, 0.000000000000000000, -1.000000000000000000 ) ) ;
#4719 = MECHANICAL_DESIGN_GEOMETRIC_PRESENTATION_REPRESENTATION (  '', ( #127 ), #1959 ) ;
#4720 = ORIENTED_EDGE ( 'NONE', *, *, #2237, .T. ) ;
#4721 = VERTEX_POINT ( 'NONE', #5702 ) ;
#4722 = MANIFOLD_SOLID_BREP ( 'LPattern3[1]', #2451 ) ;
#4723 = EDGE_CURVE ( 'NONE', #5681, #2872, #3378, .T. ) ;
#4724 = PLANE ( 'NONE',  #1300 ) ;
#4725 = LINE ( 'NONE', #2831, #1877 ) ;
#4726 = FACE_OUTER_BOUND ( 'NONE', #1254, .T. ) ;
#4727 = DIRECTION ( 'NONE',  ( 0.000000000000000000, 0.000000000000000000, -1.000000000000000000 ) ) ;
#4728 = ORIENTED_EDGE ( 'NONE', *, *, #5263, .F. ) ;
#4729 = AXIS2_PLACEMENT_3D ( 'NONE', #82, #147, #5559 ) ;
#4730 = LINE ( 'NONE', #511, #5577 ) ;
#4731 = PLANE ( 'NONE',  #6107 ) ;
#4732 = CARTESIAN_POINT ( 'NONE',  ( 7.375000000000000000, 2.899999999999999911, -0.3249999999999997891 ) ) ;
#4733 = FACE_OUTER_BOUND ( 'NONE', #4215, .T. ) ;
#4734 = CARTESIAN_POINT ( 'NONE',  ( 2.125000000000000000, 4.049999999999999822, 1.675000000000000266 ) ) ;
#4735 = EDGE_CURVE ( 'NONE', #388, #222, #367, .T. ) ;
#4736 = ORIENTED_EDGE ( 'NONE', *, *, #4964, .T. ) ;
#4737 = VECTOR ( 'NONE', #2983, 1000.000000000000000 ) ;
#4738 =( NAMED_UNIT ( * ) SI_UNIT ( $, .STERADIAN. ) SOLID_ANGLE_UNIT ( ) );
#4739 = AXIS2_PLACEMENT_3D ( 'NONE', #3968, #1041, #2976 ) ;
#4740 = LINE ( 'NONE', #2300, #1273 ) ;
#4741 = MANIFOLD_SOLID_BREP ( 'LPattern3[3]', #1239 ) ;
#4742 = ORIENTED_EDGE ( 'NONE', *, *, #6101, .F. ) ;
#4743 = DIRECTION ( 'NONE',  ( 1.000000000000000000, 0.000000000000000000, 0.000000000000000000 ) ) ;
#4744 = AXIS2_PLACEMENT_3D ( 'NONE', #4148, #6087, #3659 ) ;
#4745 = EDGE_CURVE ( 'NONE', #1958, #186, #4281, .T. ) ;
#4746 = CARTESIAN_POINT ( 'NONE',  ( 4.624999999999998224, 2.649999999999998135, 1.075000000000000400 ) ) ;
#4747 = VECTOR ( 'NONE', #4580, 1000.000000000000000 ) ;
#4748 = DIRECTION ( 'NONE',  ( 0.000000000000000000, 0.000000000000000000, -1.000000000000000000 ) ) ;
#4749 = PLANE ( 'NONE',  #4638 ) ;
#4750 = DIRECTION ( 'NONE',  ( 1.000000000000000000, 0.000000000000000000, 0.000000000000000000 ) ) ;
#4751 = AXIS2_PLACEMENT_3D ( 'NONE', #2833, #6293, #4815 ) ;
#4752 = ORIENTED_EDGE ( 'NONE', *, *, #5079, .F. ) ;
#4753 = ORIENTED_EDGE ( 'NONE', *, *, #528, .T. ) ;
#4754 = ADVANCED_FACE ( 'NONE', ( #425 ), #4380, .T. ) ;
#4755 = DIRECTION ( 'NONE',  ( 1.000000000000000000, 0.000000000000000000, 0.000000000000000000 ) ) ;
#4756 = LINE ( 'NONE', #4781, #5945 ) ;
#4757 = DIRECTION ( 'NONE',  ( 0.000000000000000000, -1.000000000000000000, 0.000000000000000000 ) ) ;
#4758 = CARTESIAN_POINT ( 'NONE',  ( 7.781793621149187601, 1.016439536705160869E-17, 0.3750000000000000555 ) ) ;
#4759 = CARTESIAN_POINT ( 'NONE',  ( 2.125000000000000000, 0.000000000000000000, -0.8249999999999997335 ) ) ;
#4760 = DIRECTION ( 'NONE',  ( -1.000000000000000000, 0.000000000000000000, 0.000000000000000000 ) ) ;
#4761 = CARTESIAN_POINT ( 'NONE',  ( 2.625000000000000444, 4.049999999999999822, -1.374999999999997558 ) ) ;
#4762 = LINE ( 'NONE', #394, #1542 ) ;
#4763 = VERTEX_POINT ( 'NONE', #5828 ) ;
#4764 = CARTESIAN_POINT ( 'NONE',  ( 7.774999999999999467, 4.049999999999999822, 0.6750000000000002665 ) ) ;
#4765 = FACE_OUTER_BOUND ( 'NONE', #482, .T. ) ;
#4766 = EDGE_CURVE ( 'NONE', #4587, #3392, #1410, .T. ) ;
#4767 = VERTEX_POINT ( 'NONE', #6242 ) ;
#4768 = PLANE ( 'NONE',  #3773 ) ;
#4769 = ORIENTED_EDGE ( 'NONE', *, *, #68, .T. ) ;
#4770 = AXIS2_PLACEMENT_3D ( 'NONE', #4945, #614, #2542 ) ;
#4771 = FACE_OUTER_BOUND ( 'NONE', #3949, .T. ) ;
#4772 = DIRECTION ( 'NONE',  ( 0.000000000000000000, -5.421010862427526114E-15, 1.000000000000000000 ) ) ;
#4773 = CARTESIAN_POINT ( 'NONE',  ( 3.999999999999999112, 4.049999999999999822, 0.5750000000000010658 ) ) ;
#4774 = CIRCLE ( 'NONE', #2731, 0.09999999999999982514 ) ;
#4775 = CARTESIAN_POINT ( 'NONE',  ( 7.375000000000000888, 0.000000000000000000, 0.000000000000000000 ) ) ;
#4776 = ADVANCED_FACE ( 'NONE', ( #1855 ), #1380, .T. ) ;
#4777 = ORIENTED_EDGE ( 'NONE', *, *, #2123, .F. ) ;
#4778 = VERTEX_POINT ( 'NONE', #4795 ) ;
#4779 = EDGE_CURVE ( 'NONE', #5870, #1664, #3563, .T. ) ;
#4780 = DIRECTION ( 'NONE',  ( 0.5773502691896266192, 0.5773502691896266192, -0.5773502691896240657 ) ) ;
#4781 = CARTESIAN_POINT ( 'NONE',  ( 5.724999999999997868, 6.140988867593913192E-18, -0.02500000000000096242 ) ) ;
#4782 = ADVANCED_FACE ( 'NONE', ( #4315 ), #3410, .F. ) ;
#4783 = LINE ( 'NONE', #6227, #2260 ) ;
#4784 = DIRECTION ( 'NONE',  ( 0.000000000000000000, 1.000000000000000000, 0.000000000000000000 ) ) ;
#4785 = ORIENTED_EDGE ( 'NONE', *, *, #6054, .T. ) ;
#4786 = ADVANCED_FACE ( 'NONE', ( #5303 ), #4886, .F. ) ;
#4787 = ORIENTED_EDGE ( 'NONE', *, *, #6186, .T. ) ;
#4788 = FACE_OUTER_BOUND ( 'NONE', #3947, .T. ) ;
#4789 = PLANE ( 'NONE',  #4796 ) ;
#4790 = EDGE_CURVE ( 'NONE', #283, #2153, #5018, .T. ) ;
#4791 = CARTESIAN_POINT ( 'NONE',  ( 4.274999999999997691, 0.09999999999999999167, -0.8250000000000010658 ) ) ;
#4792 = LINE ( 'NONE', #3917, #474 ) ;
#4793 = ORIENTED_EDGE ( 'NONE', *, *, #3258, .T. ) ;
#4794 = ORIENTED_EDGE ( 'NONE', *, *, #4506, .F. ) ;
#4795 = CARTESIAN_POINT ( 'NONE',  ( 5.524999999999997691, 0.3500000000000009215, -1.324999999999999512 ) ) ;
#4796 = AXIS2_PLACEMENT_3D ( 'NONE', #5264, #6205, #1402 ) ;
#4797 = DIRECTION ( 'NONE',  ( 0.000000000000000000, -0.7071067811865474617, -0.7071067811865474617 ) ) ;
#4798 = ORIENTED_EDGE ( 'NONE', *, *, #3293, .F. ) ;
#4799 = PLANE ( 'NONE',  #745 ) ;
#4800 = ORIENTED_EDGE ( 'NONE', *, *, #5798, .F. ) ;
#4801 = ADVANCED_FACE ( 'NONE', ( #4919 ), #3033, .F. ) ;
#4802 = LINE ( 'NONE', #469, #6258 ) ;
#4803 = CARTESIAN_POINT ( 'NONE',  ( 7.575000000000000178, -0.1499999999999963862, 2.324999999999999734 ) ) ;
#4804 = FACE_OUTER_BOUND ( 'NONE', #1513, .T. ) ;
#4805 = DIRECTION ( 'NONE',  ( -1.807003620809174632E-16, 0.000000000000000000, -1.000000000000000000 ) ) ;
#4806 = VERTEX_POINT ( 'NONE', #5965 ) ;
#4807 = VERTEX_POINT ( 'NONE', #141 ) ;
#4808 = CLOSED_SHELL ( 'NONE', ( #2967, #3320, #6095, #4286, #3908, #3669, #2247, #1997, #2917, #3867, #3029, #5976, #921, #3823, #6246, #5017, #3450, #4510, #2466, #4439, #1889, #2799, #4786, #6070, #3573, #734, #5689, #886, #3629, #16, #6029, #3564, #2543, #2442, #4214, #2364, #1225, #4097, #1102, #5089, #3906, #4240, #3371, #5091, #2716, #1477, #700, #1895, #1768, #2701, #4465, #5734, #2222, #1846, #4408, #4160, #5182, #572, #3048, #4824, #4754, #3656, #3437, #2458, #1344, #2881, #4312, #5366, #4962, #2508, #1532, #356, #4776, #3868, #2667, #2705, #554, #615, #5875, #1390, #6259, #5315, #48, #3061, #440, #2057, #2971, #5804, #2310, #1584, #5274, #2088, #854, #2002, #5104, #4706, #2860, #2810, #1798, #5461, #4145, #225, #5416, #4801, #4584, #5777, #4854, #543, #1216, #5566, #3992, #1290, #4690, #3752, #702, #3604 ) ) ;
#4809 = AXIS2_PLACEMENT_3D ( 'NONE', #2270, #5272, #1349 ) ;
#4810 = DIRECTION ( 'NONE',  ( 0.000000000000000000, 0.000000000000000000, 1.000000000000000000 ) ) ;
#4811 = DIRECTION ( 'NONE',  ( 0.000000000000000000, 1.000000000000000000, 0.000000000000000000 ) ) ;
#4812 = EDGE_CURVE ( 'NONE', #1180, #4403, #2582, .T. ) ;
#4813 = CARTESIAN_POINT ( 'NONE',  ( 4.274999999999999467, 1.449999999999999956, -1.174999999999999822 ) ) ;
#4814 = EDGE_CURVE ( 'NONE', #1546, #186, #1096, .T. ) ;
#4815 = DIRECTION ( 'NONE',  ( -0.000000000000000000, 0.000000000000000000, 1.000000000000000000 ) ) ;
#4816 = ORIENTED_EDGE ( 'NONE', *, *, #6019, .T. ) ;
#4817 = ORIENTED_EDGE ( 'NONE', *, *, #3925, .T. ) ;
#4818 = ORIENTED_EDGE ( 'NONE', *, *, #4303, .F. ) ;
#4819 = EDGE_CURVE ( 'NONE', #4261, #5713, #2106, .T. ) ;
#4820 = CARTESIAN_POINT ( 'NONE',  ( 2.425000000000000266, 0.000000000000000000, 0.000000000000000000 ) ) ;
#4821 = CARTESIAN_POINT ( 'NONE',  ( 2.375000000000000444, 2.899999999999999911, -0.3249999999999997891 ) ) ;
#4822 = LINE ( 'NONE', #5786, #6041 ) ;
#4823 = ORIENTED_EDGE ( 'NONE', *, *, #1095, .F. ) ;
#4824 = ADVANCED_FACE ( 'NONE', ( #3956 ), #2074, .F. ) ;
#4825 = DIRECTION ( 'NONE',  ( -1.000000000000000000, 0.000000000000000000, 0.000000000000000000 ) ) ;
#4826 = ORIENTED_EDGE ( 'NONE', *, *, #465, .T. ) ;
#4827 =( NAMED_UNIT ( * ) PLANE_ANGLE_UNIT ( ) SI_UNIT ( $, .RADIAN. ) );
#4828 = DIRECTION ( 'NONE',  ( 0.000000000000000000, 0.000000000000000000, -1.000000000000000000 ) ) ;
#4829 = DIRECTION ( 'NONE',  ( -1.000000000000000000, 0.000000000000000000, 0.000000000000000000 ) ) ;
#4830 = ORIENTED_EDGE ( 'NONE', *, *, #2829, .F. ) ;
#4831 = FACE_OUTER_BOUND ( 'NONE', #6264, .T. ) ;
#4832 = CARTESIAN_POINT ( 'NONE',  ( 2.375000000000000444, 3.399999999999999911, -0.3249999999999997891 ) ) ;
#4833 = CARTESIAN_POINT ( 'NONE',  ( 5.524999999999998579, 1.449999999999999956, -1.224999999999999645 ) ) ;
#4834 = VECTOR ( 'NONE', #5325, 1000.000000000000000 ) ;
#4835 = EDGE_LOOP ( 'NONE', ( #3449, #2130, #5839, #1680 ) ) ;
#4836 = ORIENTED_EDGE ( 'NONE', *, *, #1658, .F. ) ;
#4837 = VECTOR ( 'NONE', #863, 1000.000000000000000 ) ;
#4838 = VECTOR ( 'NONE', #4283, 1000.000000000000000 ) ;
#4839 = PLANE ( 'NONE',  #5337 ) ;
#4840 = AXIS2_PLACEMENT_3D ( 'NONE', #1759, #4701, #1724 ) ;
#4841 = VECTOR ( 'NONE', #2710, 1000.000000000000000 ) ;
#4842 = DIRECTION ( 'NONE',  ( 0.000000000000000000, -1.000000000000000000, -2.456395547037470490E-16 ) ) ;
#4843 = DIRECTION ( 'NONE',  ( 0.000000000000000000, 0.000000000000000000, -1.000000000000000000 ) ) ;
#4844 = FACE_OUTER_BOUND ( 'NONE', #6126, .T. ) ;
#4845 = ORIENTED_EDGE ( 'NONE', *, *, #1698, .F. ) ;
#4846 = VERTEX_POINT ( 'NONE', #2134 ) ;
#4847 = AXIS2_PLACEMENT_3D ( 'NONE', #1493, #5857, #963 ) ;
#4848 = DIRECTION ( 'NONE',  ( 0.000000000000000000, -0.7071067811865472397, -0.7071067811865479058 ) ) ;
#4849 = LINE ( 'NONE', #417, #4176 ) ;
#4850 = PLANE ( 'NONE',  #2275 ) ;
#4851 = ORIENTED_EDGE ( 'NONE', *, *, #3319, .T. ) ;
#4852 = DIRECTION ( 'NONE',  ( 1.000000000000000000, 0.000000000000000000, 0.000000000000000000 ) ) ;
#4853 = CARTESIAN_POINT ( 'NONE',  ( 2.425000000000000266, 0.5999999999999999778, 1.825000000000000622 ) ) ;
#4854 = ADVANCED_FACE ( 'NONE', ( #4023 ), #2995, .F. ) ;
#4855 = ORIENTED_EDGE ( 'NONE', *, *, #5147, .T. ) ;
#4856 = ORIENTED_EDGE ( 'NONE', *, *, #2334, .T. ) ;
#4857 = CARTESIAN_POINT ( 'NONE',  ( 2.624999999999999556, 0.000000000000000000, 0.2250000000000008105 ) ) ;
#4858 = SURFACE_STYLE_USAGE ( .BOTH. , #4350 ) ;
#4859 = DIRECTION ( 'NONE',  ( -0.000000000000000000, -0.000000000000000000, -1.000000000000000000 ) ) ;
#4860 = PLANE ( 'NONE',  #4092 ) ;
#4861 = EDGE_CURVE ( 'NONE', #2853, #2290, #4513, .T. ) ;
#4862 = ORIENTED_EDGE ( 'NONE', *, *, #2347, .F. ) ;
#4863 = ORIENTED_EDGE ( 'NONE', *, *, #1015, .F. ) ;
#4864 = PLANE ( 'NONE',  #4340 ) ;
#4865 = LINE ( 'NONE', #3415, #2627 ) ;
#4866 = LINE ( 'NONE', #2501, #1175 ) ;
#4867 = ORIENTED_EDGE ( 'NONE', *, *, #2778, .F. ) ;
#4868 = ORIENTED_EDGE ( 'NONE', *, *, #6178, .F. ) ;
#4869 = AXIS2_PLACEMENT_3D ( 'NONE', #2762, #408, #800 ) ;
#4870 = AXIS2_PLACEMENT_3D ( 'NONE', #5006, #29, #4877 ) ;
#4871 = DIRECTION ( 'NONE',  ( 1.000000000000000000, 0.000000000000000000, 0.000000000000000000 ) ) ;
#4872 = FACE_OUTER_BOUND ( 'NONE', #4985, .T. ) ;
#4873 = DIRECTION ( 'NONE',  ( 0.000000000000000000, 0.000000000000000000, -1.000000000000000000 ) ) ;
#4874 = VERTEX_POINT ( 'NONE', #5994 ) ;
#4875 = EDGE_CURVE ( 'NONE', #3849, #4525, #3567, .T. ) ;
#4876 = EDGE_CURVE ( 'NONE', #5625, #1420, #3537, .T. ) ;
#4877 = DIRECTION ( 'NONE',  ( 0.4472135954999579277, -0.8944271909999158554, 0.000000000000000000 ) ) ;
#4878 = LINE ( 'NONE', #391, #2946 ) ;
#4879 = DIRECTION ( 'NONE',  ( -0.000000000000000000, 1.000000000000000000, 0.000000000000000000 ) ) ;
#4880 = ORIENTED_EDGE ( 'NONE', *, *, #1132, .T. ) ;
#4881 = DIRECTION ( 'NONE',  ( 0.000000000000000000, 0.000000000000000000, 1.000000000000000000 ) ) ;
#4882 = CARTESIAN_POINT ( 'NONE',  ( 7.875000000000000000, 3.399999999999999911, 0.1750000000000001554 ) ) ;
#4883 = VERTEX_POINT ( 'NONE', #4086 ) ;
#4884 = ORIENTED_EDGE ( 'NONE', *, *, #370, .T. ) ;
#4885 = PRESENTATION_STYLE_ASSIGNMENT (( #1438 ) ) ;
#4886 = PLANE ( 'NONE',  #13 ) ;
#4887 = DIRECTION ( 'NONE',  ( 0.000000000000000000, 1.000000000000000000, -1.445602896647327084E-15 ) ) ;
#4888 = FACE_OUTER_BOUND ( 'NONE', #5688, .T. ) ;
#4889 = EDGE_CURVE ( 'NONE', #3401, #4472, #6024, .T. ) ;
#4890 = EDGE_LOOP ( 'NONE', ( #2021, #3117, #5480, #1787 ) ) ;
#4891 = ORIENTED_EDGE ( 'NONE', *, *, #5631, .F. ) ;
#4892 = VECTOR ( 'NONE', #4593, 1000.000000000000000 ) ;
#4893 = LINE ( 'NONE', #1415, #5158 ) ;
#4894 = CARTESIAN_POINT ( 'NONE',  ( 3.124999999999999112, 0.2499999999999999445, 2.475000000000000089 ) ) ;
#4895 = DIRECTION ( 'NONE',  ( 1.000000000000000000, 0.000000000000000000, -0.000000000000000000 ) ) ;
#4896 = ORIENTED_EDGE ( 'NONE', *, *, #2436, .F. ) ;
#4897 = ORIENTED_EDGE ( 'NONE', *, *, #2784, .T. ) ;
#4898 = EDGE_CURVE ( 'NONE', #3979, #6162, #1626, .T. ) ;
#4899 = VECTOR ( 'NONE', #5050, 1000.000000000000000 ) ;
#4900 = EDGE_CURVE ( 'NONE', #3461, #1841, #2615, .T. ) ;
#4901 = EDGE_CURVE ( 'NONE', #3883, #3494, #1028, .T. ) ;
#4902 = LINE ( 'NONE', #3869, #46 ) ;
#4903 = LINE ( 'NONE', #2061, #158 ) ;
#4904 = AXIS2_PLACEMENT_3D ( 'NONE', #6099, #852, #821 ) ;
#4905 = ORIENTED_EDGE ( 'NONE', *, *, #5370, .F. ) ;
#4906 = ORIENTED_EDGE ( 'NONE', *, *, #2499, .F. ) ;
#4907 = EDGE_CURVE ( 'NONE', #3216, #4661, #109, .T. ) ;
#4908 = VECTOR ( 'NONE', #1531, 1000.000000000000000 ) ;
#4909 = PLANE ( 'NONE',  #5078 ) ;
#4910 = DIRECTION ( 'NONE',  ( 0.000000000000000000, -1.000000000000000000, -0.000000000000000000 ) ) ;
#4911 = DIRECTION ( 'NONE',  ( 1.000000000000000000, 0.000000000000000000, -0.000000000000000000 ) ) ;
#4912 = ORIENTED_EDGE ( 'NONE', *, *, #1705, .F. ) ;
#4913 = ORIENTED_EDGE ( 'NONE', *, *, #4956, .F. ) ;
#4914 = VERTEX_POINT ( 'NONE', #1527 ) ;
#4915 = CARTESIAN_POINT ( 'NONE',  ( 2.624999999999999556, 0.2500000000000000000, 2.375000000000000888 ) ) ;
#4916 = VERTEX_POINT ( 'NONE', #1058 ) ;
#4917 = DIRECTION ( 'NONE',  ( -1.000000000000000000, 0.000000000000000000, 0.000000000000000000 ) ) ;
#4918 = CARTESIAN_POINT ( 'NONE',  ( 6.375000000000000888, 0.7428932188134522718, 0.8749999999999996669 ) ) ;
#4919 = FACE_OUTER_BOUND ( 'NONE', #3464, .T. ) ;
#4920 = DIRECTION ( 'NONE',  ( -1.000000000000000000, -0.000000000000000000, -0.000000000000000000 ) ) ;
#4921 = LINE ( 'NONE', #3234, #6247 ) ;
#4922 = FACE_OUTER_BOUND ( 'NONE', #4313, .T. ) ;
#4923 = EDGE_CURVE ( 'NONE', #5212, #1646, #2047, .T. ) ;
#4924 = VERTEX_POINT ( 'NONE', #3506 ) ;
#4925 = UNCERTAINTY_MEASURE_WITH_UNIT (LENGTH_MEASURE( 1.000000000000000082E-05 ), #2330, 'distance_accuracy_value', 'NONE');
#4926 = DIRECTION ( 'NONE',  ( 1.000000000000000000, 0.000000000000000000, 0.000000000000000000 ) ) ;
#4927 = LINE ( 'NONE', #4803, #87 ) ;
#4928 = LINE ( 'NONE', #1037, #2596 ) ;
#4929 = ORIENTED_EDGE ( 'NONE', *, *, #174, .T. ) ;
#4930 = ORIENTED_EDGE ( 'NONE', *, *, #4044, .F. ) ;
#4931 = EDGE_CURVE ( 'NONE', #2052, #2289, #3763, .T. ) ;
#4932 = EDGE_CURVE ( 'NONE', #3821, #4428, #4178, .T. ) ;
#4933 = AXIS2_PLACEMENT_3D ( 'NONE', #2511, #1550, #4911 ) ;
#4934 = LINE ( 'NONE', #2503, #3603 ) ;
#4935 = CARTESIAN_POINT ( 'NONE',  ( 4.474999999999998757, 3.949999999999998845, -1.174999999999997824 ) ) ;
#4936 = VECTOR ( 'NONE', #2305, 1000.000000000000000 ) ;
#4937 = ORIENTED_EDGE ( 'NONE', *, *, #1262, .F. ) ;
#4938 = EDGE_CURVE ( 'NONE', #299, #2052, #4667, .T. ) ;
#4939 = VERTEX_POINT ( 'NONE', #6056 ) ;
#4940 = AXIS2_PLACEMENT_3D ( 'NONE', #2538, #5978, #4493 ) ;
#4941 = VECTOR ( 'NONE', #5494, 1000.000000000000000 ) ;
#4942 = VECTOR ( 'NONE', #5694, 1000.000000000000000 ) ;
#4943 = AXIS2_PLACEMENT_3D ( 'NONE', #1360, #1840, #3842 ) ;
#4945 = CARTESIAN_POINT ( 'NONE',  ( 7.774999999999999467, 2.349999999999999645, 1.675000000000000266 ) ) ;
#4944 = COLOUR_RGB ( '',0.7960784313725489669, 0.8235294117647058432, 0.9372549019607843146 ) ;
#4946 = CARTESIAN_POINT ( 'NONE',  ( -6.875000000000000000, 3.950000000000000178, 0.3750000000000001110 ) ) ;
#4947 = CARTESIAN_POINT ( 'NONE',  ( 2.425000000000000266, -0.1499999999999963862, 0.3749999999999942268 ) ) ;
#4948 = ORIENTED_EDGE ( 'NONE', *, *, #5051, .F. ) ;
#4949 = ORIENTED_EDGE ( 'NONE', *, *, #736, .T. ) ;
#4950 = CARTESIAN_POINT ( 'NONE',  ( 7.875000000000000000, 0.4999999999999998890, -1.574999999999999512 ) ) ;
#4951 = ORIENTED_EDGE ( 'NONE', *, *, #1033, .T. ) ;
#4952 = VECTOR ( 'NONE', #3498, 1000.000000000000000 ) ;
#4953 = ORIENTED_EDGE ( 'NONE', *, *, #3150, .T. ) ;
#4954 = DIRECTION ( 'NONE',  ( -1.000000000000000000, 0.000000000000000000, 0.000000000000000000 ) ) ;
#4955 = DIRECTION ( 'NONE',  ( -0.000000000000000000, -0.7071067811865381358, -0.7071067811865570096 ) ) ;
#4956 = EDGE_CURVE ( 'NONE', #4807, #715, #2294, .T. ) ;
#4957 = DIRECTION ( 'NONE',  ( 0.000000000000000000, 0.000000000000000000, 1.000000000000000000 ) ) ;
#4958 = LINE ( 'NONE', #3957, #1172 ) ;
#4959 = DIRECTION ( 'NONE',  ( -1.000000000000000000, -0.000000000000000000, -0.000000000000000000 ) ) ;
#4960 = DIRECTION ( 'NONE',  ( 0.000000000000000000, 0.000000000000000000, -1.000000000000000000 ) ) ;
#4961 = ORIENTED_EDGE ( 'NONE', *, *, #2307, .T. ) ;
#4962 = ADVANCED_FACE ( 'NONE', ( #357 ), #4731, .T. ) ;
#4963 = DIRECTION ( 'NONE',  ( 0.000000000000000000, 1.000000000000000000, 0.000000000000000000 ) ) ;
#4964 = EDGE_CURVE ( 'NONE', #1872, #2988, #6116, .T. ) ;
#4965 = FACE_OUTER_BOUND ( 'NONE', #5341, .T. ) ;
#4966 = CARTESIAN_POINT ( 'NONE',  ( 5.524999999999997691, -0.04999999999999567291, -2.474999999999999645 ) ) ;
#4967 = CARTESIAN_POINT ( 'NONE',  ( 2.624999999999999556, 1.899999999999999911, 1.825000000000000622 ) ) ;
#4968 = EDGE_CURVE ( 'NONE', #3175, #5654, #3658, .T. ) ;
#4969 = DIRECTION ( 'NONE',  ( 1.000000000000000000, 0.000000000000000000, 0.000000000000000000 ) ) ;
#4970 = CARTESIAN_POINT ( 'NONE',  ( 3.125000000000000000, 3.950000000000000178, 0.8749999999999998890 ) ) ;
#4971 = ORIENTED_EDGE ( 'NONE', *, *, #3132, .T. ) ;
#4972 = ORIENTED_EDGE ( 'NONE', *, *, #255, .T. ) ;
#4973 = EDGE_CURVE ( 'NONE', #2441, #3979, #1186, .T. ) ;
#4974 = VECTOR ( 'NONE', #566, 1000.000000000000000 ) ;
#4975 = VERTEX_POINT ( 'NONE', #747 ) ;
#4976 = EDGE_CURVE ( 'NONE', #1419, #2311, #3245, .T. ) ;
#4977 = CARTESIAN_POINT ( 'NONE',  ( 7.174999999999999822, 3.149999999999999911, 2.375000000000000444 ) ) ;
#4978 = CARTESIAN_POINT ( 'NONE',  ( 4.474999999999996980, 0.09999999999999999167, -0.8250000000000010658 ) ) ;
#4979 = LINE ( 'NONE', #1516, #1977 ) ;
#4980 = ORIENTED_EDGE ( 'NONE', *, *, #1122, .F. ) ;
#4981 = ORIENTED_EDGE ( 'NONE', *, *, #2885, .F. ) ;
#4982 = ORIENTED_EDGE ( 'NONE', *, *, #5609, .F. ) ;
#4983 = DIRECTION ( 'NONE',  ( 0.000000000000000000, -0.4472135954999548191, 0.8944271909999175207 ) ) ;
#4984 = EDGE_LOOP ( 'NONE', ( #657, #879, #1884, #4074 ) ) ;
#4985 = EDGE_LOOP ( 'NONE', ( #686, #1913, #2259, #2835 ) ) ;
#4986 = VECTOR ( 'NONE', #2329, 1000.000000000000000 ) ;
#4987 = ADVANCED_FACE ( 'NONE', ( #3126 ), #5082, .F. ) ;
#4988 = PLANE ( 'NONE',  #3919 ) ;
#4989 = DIRECTION ( 'NONE',  ( 0.000000000000000000, -1.000000000000000000, 0.000000000000000000 ) ) ;
#4990 = DIRECTION ( 'NONE',  ( 0.000000000000000000, 1.000000000000000000, 0.000000000000000000 ) ) ;
#4991 = DIRECTION ( 'NONE',  ( -0.000000000000000000, 0.3713906763541011125, 0.9284766908852604139 ) ) ;
#4992 = DIRECTION ( 'NONE',  ( -0.000000000000000000, 1.445602896647327084E-15, 1.000000000000000000 ) ) ;
#4993 = CARTESIAN_POINT ( 'NONE',  ( 7.875000000000000000, 0.6499999999999999112, -1.574999999999999512 ) ) ;
#4994 = VERTEX_POINT ( 'NONE', #5580 ) ;
#4995 = FILL_AREA_STYLE_COLOUR ( '', #2777 ) ;
#4996 = CARTESIAN_POINT ( 'NONE',  ( 5.724999999999997868, 0.1500000000000037970, -1.816421356237308826 ) ) ;
#4997 = CARTESIAN_POINT ( 'NONE',  ( 5.524999999999998579, 1.449999999999999956, -0.7749999999999999112 ) ) ;
#4998 = ORIENTED_EDGE ( 'NONE', *, *, #3899, .F. ) ;
#4999 = SURFACE_STYLE_USAGE ( .BOTH. , #2656 ) ;
#5000 = EDGE_LOOP ( 'NONE', ( #5011, #1484, #383, #5471 ) ) ;
#5001 = VECTOR ( 'NONE', #3338, 1000.000000000000000 ) ;
#5002 = CARTESIAN_POINT ( 'NONE',  ( 2.625000000000000444, 3.399999999999999911, -0.3249999999999997891 ) ) ;
#5003 = DIRECTION ( 'NONE',  ( -1.000000000000000000, 0.000000000000000000, 0.000000000000000000 ) ) ;
#5004 = AXIS2_PLACEMENT_3D ( 'NONE', #5731, #5270, #40 ) ;
#5005 = ORIENTED_EDGE ( 'NONE', *, *, #3422, .T. ) ;
#5006 = CARTESIAN_POINT ( 'NONE',  ( 7.174999999999999822, 3.149999999999999911, 2.375000000000000444 ) ) ;
#5007 = DIRECTION ( 'NONE',  ( -0.000000000000000000, -1.000000000000000000, -1.355252715606880789E-16 ) ) ;
#5008 = DIRECTION ( 'NONE',  ( 0.000000000000000000, 0.7071067811865440200, 0.7071067811865511255 ) ) ;
#5009 = VERTEX_POINT ( 'NONE', #4699 ) ;
#5010 = DIRECTION ( 'NONE',  ( 1.000000000000000000, 0.000000000000000000, 0.000000000000000000 ) ) ;
#5011 = ORIENTED_EDGE ( 'NONE', *, *, #3132, .F. ) ;
#5012 = VERTEX_POINT ( 'NONE', #2741 ) ;
#5013 = VECTOR ( 'NONE', #2203, 1000.000000000000000 ) ;
#5014 = EDGE_CURVE ( 'NONE', #2277, #638, #327, .T. ) ;
#5015 = LINE ( 'NONE', #659, #1374 ) ;
#5016 = CARTESIAN_POINT ( 'NONE',  ( 2.425000000000000266, 0.000000000000000000, 2.475000000000000089 ) ) ;
#5017 = ADVANCED_FACE ( 'NONE', ( #5110 ), #2262, .F. ) ;
#5018 = LINE ( 'NONE', #204, #2950 ) ;
#5019 = CARTESIAN_POINT ( 'NONE',  ( 11.25000000000000000, 0.000000000000000000, -0.7749999999999999112 ) ) ;
#5020 = CARTESIAN_POINT ( 'NONE',  ( 5.724999999999998757, 1.449999999999999956, -0.7749999999999999112 ) ) ;
#5021 = COLOUR_RGB ( '',0.7960784313725489669, 0.8235294117647058432, 0.9372549019607843146 ) ;
#5022 = LINE ( 'NONE', #3511, #4191 ) ;
#5023 = ORIENTED_EDGE ( 'NONE', *, *, #55, .F. ) ;
#5024 = ORIENTED_EDGE ( 'NONE', *, *, #3346, .T. ) ;
#5025 = CARTESIAN_POINT ( 'NONE',  ( 4.624999999999998224, 2.250000000000000000, 1.075000000000000400 ) ) ;
#5026 = FACE_OUTER_BOUND ( 'NONE', #6046, .T. ) ;
#5027 = LINE ( 'NONE', #1604, #2286 ) ;
#5028 = ORIENTED_EDGE ( 'NONE', *, *, #1481, .T. ) ;
#5029 = CARTESIAN_POINT ( 'NONE',  ( 5.669910864525444794, 1.899999999999999689, 2.375000000000000888 ) ) ;
#5030 = LINE ( 'NONE', #4132, #564 ) ;
#5031 = FACE_OUTER_BOUND ( 'NONE', #4213, .T. ) ;
#5032 = VERTEX_POINT ( 'NONE', #2200 ) ;
#5033 = ORIENTED_EDGE ( 'NONE', *, *, #4745, .T. ) ;
#5034 = ORIENTED_EDGE ( 'NONE', *, *, #4907, .T. ) ;
#5035 = AXIS2_PLACEMENT_3D ( 'NONE', #5724, #4879, #900 ) ;
#5036 = AXIS2_PLACEMENT_3D ( 'NONE', #2886, #1936, #1450 ) ;
#5037 = EDGE_CURVE ( 'NONE', #4924, #2922, #5206, .T. ) ;
#5038 = CARTESIAN_POINT ( 'NONE',  ( 4.330089135474556095, 0.5999999999999999778, 0.2250000000000008105 ) ) ;
#5039 = CARTESIAN_POINT ( 'NONE',  ( 6.531793621149187601, 3.449999999999999734, 0.2950000000000000400 ) ) ;
#5040 = ORIENTED_EDGE ( 'NONE', *, *, #1187, .F. ) ;
#5041 = CARTESIAN_POINT ( 'NONE',  ( 7.875000000000000000, 2.349999999999999645, 1.675000000000000266 ) ) ;
#5042 = VERTEX_POINT ( 'NONE', #812 ) ;
#5043 = ORIENTED_EDGE ( 'NONE', *, *, #640, .T. ) ;
#5044 = ORIENTED_EDGE ( 'NONE', *, *, #198, .F. ) ;
#5045 = ORIENTED_EDGE ( 'NONE', *, *, #4524, .F. ) ;
#5046 = VECTOR ( 'NONE', #3969, 1000.000000000000000 ) ;
#5047 = VECTOR ( 'NONE', #472, 1000.000000000000000 ) ;
#5048 = CARTESIAN_POINT ( 'NONE',  ( 4.124999999999999112, 4.049999999999999822, 0.2749999999999994671 ) ) ;
#5049 = DIRECTION ( 'NONE',  ( 0.4472135954999579277, 0.8944271909999158554, -0.000000000000000000 ) ) ;
#5050 = DIRECTION ( 'NONE',  ( -0.000000000000000000, -0.000000000000000000, 1.000000000000000000 ) ) ;
#5051 = EDGE_CURVE ( 'NONE', #487, #2906, #1247, .T. ) ;
#5052 = CARTESIAN_POINT ( 'NONE',  ( 2.624999999999999556, 0.2500000000000000000, -0.3340169943749460302 ) ) ;
#5053 = VECTOR ( 'NONE', #5691, 1000.000000000000000 ) ;
#5054 = LINE ( 'NONE', #3569, #5548 ) ;
#5055 = CARTESIAN_POINT ( 'NONE',  ( 0.000000000000000000, 2.899999999999999911, 0.000000000000000000 ) ) ;
#5056 = VERTEX_POINT ( 'NONE', #1790 ) ;
#5057 = EDGE_CURVE ( 'NONE', #69, #2863, #5663, .T. ) ;
#5058 = DIRECTION ( 'NONE',  ( 0.000000000000000000, 0.000000000000000000, 1.000000000000000000 ) ) ;
#5059 = DIRECTION ( 'NONE',  ( 0.000000000000000000, -1.000000000000000000, -1.355252715606880789E-16 ) ) ;
#5060 = EDGE_CURVE ( 'NONE', #2943, #2441, #5603, .T. ) ;
#5061 = CARTESIAN_POINT ( 'NONE',  ( -6.875000000000000000, 4.000000000000000000, -1.224999999999999645 ) ) ;
#5062 = VERTEX_POINT ( 'NONE', #1309 ) ;
#5063 = SURFACE_STYLE_FILL_AREA ( #5119 ) ;
#5064 = EDGE_CURVE ( 'NONE', #2924, #3025, #841, .T. ) ;
#5065 = DIRECTION ( 'NONE',  ( -1.000000000000000000, 0.000000000000000000, 0.000000000000000000 ) ) ;
#5066 = DIRECTION ( 'NONE',  ( 0.000000000000000000, -1.000000000000000000, 0.000000000000000000 ) ) ;
#5067 = ORIENTED_EDGE ( 'NONE', *, *, #851, .F. ) ;
#5068 = ADVANCED_FACE ( 'NONE', ( #2840 ), #3749, .T. ) ;
#5069 = ORIENTED_EDGE ( 'NONE', *, *, #5740, .F. ) ;
#5070 = ORIENTED_EDGE ( 'NONE', *, *, #5275, .F. ) ;
#5071 = ORIENTED_EDGE ( 'NONE', *, *, #5850, .T. ) ;
#5072 = LINE ( 'NONE', #1208, #4892 ) ;
#5073 = DIRECTION ( 'NONE',  ( 0.000000000000000000, 0.000000000000000000, -1.000000000000000000 ) ) ;
#5074 = EDGE_CURVE ( 'NONE', #4054, #4402, #4849, .T. ) ;
#5075 = CARTESIAN_POINT ( 'NONE',  ( 7.774999999999999467, 2.349999999999999645, 0.6750000000000002665 ) ) ;
#5076 = ORIENTED_EDGE ( 'NONE', *, *, #639, .T. ) ;
#5077 = VERTEX_POINT ( 'NONE', #2324 ) ;
#5078 = AXIS2_PLACEMENT_3D ( 'NONE', #988, #5915, #4532 ) ;
#5079 = EDGE_CURVE ( 'NONE', #2672, #4324, #872, .T. ) ;
#5080 = DIRECTION ( 'NONE',  ( 0.000000000000000000, 0.000000000000000000, -1.000000000000000000 ) ) ;
#5081 = AXIS2_PLACEMENT_3D ( 'NONE', #1569, #669, #2113 ) ;
#5082 = PLANE ( 'NONE',  #5498 ) ;
#5083 = CARTESIAN_POINT ( 'NONE',  ( 7.275000000000000355, 4.049999999999999822, 2.475000000000000089 ) ) ;
#5084 = LINE ( 'NONE', #1060, #1990 ) ;
#5085 = DIRECTION ( 'NONE',  ( 0.000000000000000000, -0.000000000000000000, -1.000000000000000000 ) ) ;
#5086 = ORIENTED_EDGE ( 'NONE', *, *, #5817, .F. ) ;
#5087 = CARTESIAN_POINT ( 'NONE',  ( 5.724999999999997868, -0.04999999999999567291, -2.474999999999999645 ) ) ;
#5089 = ADVANCED_FACE ( 'NONE', ( #3781 ), #2811, .F. ) ;
#5088 = CARTESIAN_POINT ( 'NONE',  ( 7.375000000000000888, 0.2500000000000000000, 2.375000000000000888 ) ) ;
#5090 = LINE ( 'NONE', #1668, #2992 ) ;
#5091 = ADVANCED_FACE ( 'NONE', ( #485 ), #3278, .F. ) ;
#5092 = EDGE_LOOP ( 'NONE', ( #172, #785, #4135, #1399 ) ) ;
#5093 = LINE ( 'NONE', #1669, #26 ) ;
#5094 = CARTESIAN_POINT ( 'NONE',  ( 2.375000000000000444, 2.899999999999999911, 0.1750000000000002387 ) ) ;
#5095 = EDGE_CURVE ( 'NONE', #1841, #4038, #4878, .T. ) ;
#5096 = DIRECTION ( 'NONE',  ( -0.000000000000000000, -0.000000000000000000, 1.000000000000000000 ) ) ;
#5097 = EDGE_LOOP ( 'NONE', ( #5959, #2761, #5071, #1289 ) ) ;
#5098 = ORIENTED_EDGE ( 'NONE', *, *, #3743, .T. ) ;
#5099 = ORIENTED_EDGE ( 'NONE', *, *, #1227, .T. ) ;
#5100 = EDGE_CURVE ( 'NONE', #2290, #2067, #5723, .T. ) ;
#5101 = VECTOR ( 'NONE', #3219, 1000.000000000000000 ) ;
#5102 = DIRECTION ( 'NONE',  ( 0.000000000000000000, 4.553649124439118623E-15, -1.000000000000000000 ) ) ;
#5103 = CARTESIAN_POINT ( 'NONE',  ( 5.524999999999998579, 4.049999999999999822, 0.4749999999999995337 ) ) ;
#5104 = ADVANCED_FACE ( 'NONE', ( #2417 ), #4789, .F. ) ;
#5105 = ORIENTED_EDGE ( 'NONE', *, *, #4035, .T. ) ;
#5106 = DIRECTION ( 'NONE',  ( 0.000000000000000000, -1.000000000000000000, 2.710505431213761393E-17 ) ) ;
#5107 = VERTEX_POINT ( 'NONE', #4342 ) ;
#5108 = ORIENTED_EDGE ( 'NONE', *, *, #2784, .F. ) ;
#5109 = CARTESIAN_POINT ( 'NONE',  ( 2.425000000000000266, 0.000000000000000000, 0.2250000000000008105 ) ) ;
#5110 = FACE_OUTER_BOUND ( 'NONE', #1160, .T. ) ;
#5111 = CARTESIAN_POINT ( 'NONE',  ( -4.299999999999998934, 3.849999999999997424, 2.075000000000000622 ) ) ;
#5112 = LINE ( 'NONE', #1249, #5846 ) ;
#5113 = DIRECTION ( 'NONE',  ( 0.000000000000000000, 1.000000000000000000, 0.000000000000000000 ) ) ;
#5114 = ORIENTED_EDGE ( 'NONE', *, *, #6211, .F. ) ;
#5115 = VECTOR ( 'NONE', #2050, 1000.000000000000000 ) ;
#5116 = LINE ( 'NONE', #5701, #3859 ) ;
#5117 = COLOUR_RGB ( '',0.7960784313725489669, 0.8235294117647058432, 0.9372549019607843146 ) ;
#5118 = CARTESIAN_POINT ( 'NONE',  ( 2.125000000000000000, 1.899999999999999689, 2.375000000000000888 ) ) ;
#5119 = FILL_AREA_STYLE ('',( #3137 ) ) ;
#5120 = CARTESIAN_POINT ( 'NONE',  ( 6.724999999999999645, 4.049999999999999822, 2.375000000000000444 ) ) ;
#5121 = LINE ( 'NONE', #3260, #5871 ) ;
#5122 = CARTESIAN_POINT ( 'NONE',  ( -7.875000000000000000, 4.049999999999999822, 2.475000000000000089 ) ) ;
#5123 = CARTESIAN_POINT ( 'NONE',  ( 5.874999999999997335, 1.449999999999999956, 0.3750000000000000000 ) ) ;
#5124 = ORIENTED_EDGE ( 'NONE', *, *, #3933, .F. ) ;
#5125 = EDGE_CURVE ( 'NONE', #316, #1081, #931, .T. ) ;
#5126 = ORIENTED_EDGE ( 'NONE', *, *, #4018, .F. ) ;
#5127 = EDGE_CURVE ( 'NONE', #5824, #1512, #6232, .T. ) ;
#5128 = LINE ( 'NONE', #286, #1737 ) ;
#5129 = EDGE_CURVE ( 'NONE', #1776, #5907, #1847, .T. ) ;
#5130 = LINE ( 'NONE', #1780, #1875 ) ;
#5131 = ORIENTED_EDGE ( 'NONE', *, *, #3933, .T. ) ;
#5132 = DIRECTION ( 'NONE',  ( 1.000000000000000000, 0.000000000000000000, 0.000000000000000000 ) ) ;
#5133 = ORIENTED_EDGE ( 'NONE', *, *, #3361, .T. ) ;
#5134 = ORIENTED_EDGE ( 'NONE', *, *, #3090, .T. ) ;
#5135 = ORIENTED_EDGE ( 'NONE', *, *, #1547, .F. ) ;
#5136 = VERTEX_POINT ( 'NONE', #6270 ) ;
#5137 = CARTESIAN_POINT ( 'NONE',  ( 7.375000000000000888, 1.899999999999999689, 2.375000000000000888 ) ) ;
#5138 = VECTOR ( 'NONE', #3212, 1000.000000000000000 ) ;
#5139 = DIRECTION ( 'NONE',  ( 0.000000000000000000, 0.000000000000000000, -1.000000000000000000 ) ) ;
#5140 = DIRECTION ( 'NONE',  ( 0.000000000000000000, -0.000000000000000000, 1.000000000000000000 ) ) ;
#5141 = CARTESIAN_POINT ( 'NONE',  ( 3.124999999999999112, 0.2499999999999999445, 0.2250000000000008105 ) ) ;
#5142 = CARTESIAN_POINT ( 'NONE',  ( 4.474999999999996980, 0.1000000000000020872, -1.224999999999998312 ) ) ;
#5143 = ORIENTED_EDGE ( 'NONE', *, *, #3445, .T. ) ;
#5144 = AXIS2_PLACEMENT_3D ( 'NONE', #3712, #3486, #3389 ) ;
#5145 = VECTOR ( 'NONE', #5003, 1000.000000000000000 ) ;
#5146 = AXIS2_PLACEMENT_3D ( 'NONE', #2056, #699, #3577 ) ;
#5147 = EDGE_CURVE ( 'NONE', #3161, #2884, #3, .T. ) ;
#5148 = VECTOR ( 'NONE', #2616, 1000.000000000000000 ) ;
#5149 = VECTOR ( 'NONE', #4243, 1000.000000000000000 ) ;
#5150 = LINE ( 'NONE', #6093, #4175 ) ;
#5151 = DIRECTION ( 'NONE',  ( 1.000000000000000000, 0.000000000000000000, 0.000000000000000000 ) ) ;
#5152 = AXIS2_PLACEMENT_3D ( 'NONE', #3990, #2076, #2524 ) ;
#5153 = CARTESIAN_POINT ( 'NONE',  ( 5.724999999999997868, 3.449999999999999734, 0.2950000000000000400 ) ) ;
#5154 = LINE ( 'NONE', #278, #2664 ) ;
#5155 = EDGE_CURVE ( 'NONE', #2030, #1601, #899, .T. ) ;
#5156 = AXIS2_PLACEMENT_3D ( 'NONE', #4758, #1274, #5106 ) ;
#5157 = EDGE_CURVE ( 'NONE', #1088, #4415, #5785, .T. ) ;
#5158 = VECTOR ( 'NONE', #4417, 1000.000000000000000 ) ;
#5159 = PLANE ( 'NONE',  #5313 ) ;
#5160 = DIRECTION ( 'NONE',  ( 1.000000000000000000, -0.000000000000000000, -0.000000000000000000 ) ) ;
#5161 = DIRECTION ( 'NONE',  ( -1.000000000000000000, 0.000000000000000000, 0.000000000000000000 ) ) ;
#5162 = CARTESIAN_POINT ( 'NONE',  ( -7.875000000000000000, 0.4999999999999998890, -0.8249999999999997335 ) ) ;
#5163 = ORIENTED_EDGE ( 'NONE', *, *, #521, .F. ) ;
#5164 = VERTEX_POINT ( 'NONE', #3818 ) ;
#5165 = ORIENTED_EDGE ( 'NONE', *, *, #2140, .T. ) ;
#5166 = EDGE_CURVE ( 'NONE', #6230, #4403, #3399, .T. ) ;
#5167 = FACE_OUTER_BOUND ( 'NONE', #21, .T. ) ;
#5168 = LINE ( 'NONE', #3650, #828 ) ;
#5169 = DIRECTION ( 'NONE',  ( 0.000000000000000000, 0.000000000000000000, 1.000000000000000000 ) ) ;
#5170 = EDGE_CURVE ( 'NONE', #3027, #5032, #450, .T. ) ;
#5171 = ORIENTED_EDGE ( 'NONE', *, *, #6160, .F. ) ;
#5172 = DIRECTION ( 'NONE',  ( 0.000000000000000000, -3.336006684570783101E-16, 1.000000000000000000 ) ) ;
#5173 = ORIENTED_EDGE ( 'NONE', *, *, #3150, .F. ) ;
#5174 = ORIENTED_EDGE ( 'NONE', *, *, #2636, .F. ) ;
#5175 = CARTESIAN_POINT ( 'NONE',  ( 4.474999999999996980, 0.5000000000000022204, -1.324999999999999734 ) ) ;
#5176 = DIRECTION ( 'NONE',  ( 1.000000000000000000, 0.000000000000000000, -0.000000000000000000 ) ) ;
#5177 = LINE ( 'NONE', #4602, #1373 ) ;
#5178 = LINE ( 'NONE', #329, #5644 ) ;
#5179 = CARTESIAN_POINT ( 'NONE',  ( 7.875000000000000000, 1.899999999999999689, 2.375000000000000888 ) ) ;
#5180 = VECTOR ( 'NONE', #6166, 1000.000000000000000 ) ;
#5181 = ORIENTED_EDGE ( 'NONE', *, *, #5394, .F. ) ;
#5182 = ADVANCED_FACE ( 'NONE', ( #1432 ), #3370, .T. ) ;
#5183 = AXIS2_PLACEMENT_3D ( 'NONE', #3525, #3458, #3021 ) ;
#5184 = CARTESIAN_POINT ( 'NONE',  ( 2.625000000000000444, 4.049999999999999822, 0.1750000000000002387 ) ) ;
#5185 = LINE ( 'NONE', #819, #5946 ) ;
#5186 = FACE_OUTER_BOUND ( 'NONE', #5876, .T. ) ;
#5187 = EDGE_CURVE ( 'NONE', #3882, #867, #3022, .T. ) ;
#5188 = DIRECTION ( 'NONE',  ( -0.000000000000000000, 0.000000000000000000, 1.000000000000000000 ) ) ;
#5189 = PLANE ( 'NONE',  #5473 ) ;
#5190 = LINE ( 'NONE', #3796, #5437 ) ;
#5191 = DIRECTION ( 'NONE',  ( -1.000000000000000000, -0.000000000000000000, 0.000000000000000000 ) ) ;
#5192 = ORIENTED_EDGE ( 'NONE', *, *, #5700, .F. ) ;
#5193 = VERTEX_POINT ( 'NONE', #4400 ) ;
#5194 = DIRECTION ( 'NONE',  ( 1.000000000000000000, 0.000000000000000000, 1.807003620809174632E-16 ) ) ;
#5195 = FACE_OUTER_BOUND ( 'NONE', #1072, .T. ) ;
#5196 = EDGE_CURVE ( 'NONE', #920, #3424, #3083, .T. ) ;
#5197 = DIRECTION ( 'NONE',  ( 0.000000000000000000, -1.251002506714043540E-16, 1.000000000000000000 ) ) ;
#5198 = ORIENTED_EDGE ( 'NONE', *, *, #851, .T. ) ;
#5199 = VERTEX_POINT ( 'NONE', #545 ) ;
#5200 = CARTESIAN_POINT ( 'NONE',  ( 2.624999999999999556, 0.5999999999999999778, 1.825000000000000622 ) ) ;
#5201 = ORIENTED_EDGE ( 'NONE', *, *, #1199, .T. ) ;
#5202 = ORIENTED_EDGE ( 'NONE', *, *, #1414, .T. ) ;
#5203 = PRESENTATION_LAYER_ASSIGNMENT (  '', '', ( #1128 ) ) ;
#5204 = AXIS2_PLACEMENT_3D ( 'NONE', #2638, #3713, #5102 ) ;
#5205 = CARTESIAN_POINT ( 'NONE',  ( 7.375000000000000888, 0.2500000000000000000, 0.2250000000000008105 ) ) ;
#5206 = LINE ( 'NONE', #4147, #3050 ) ;
#5207 = PLANE ( 'NONE',  #4744 ) ;
#5208 = CARTESIAN_POINT ( 'NONE',  ( 5.874999999999997335, 1.199999999999999734, 0.1750000000000000999 ) ) ;
#5209 = LINE ( 'NONE', #1726, #1142 ) ;
#5210 = PRESENTATION_LAYER_ASSIGNMENT (  '', '', ( #3866 ) ) ;
#5211 = EDGE_CURVE ( 'NONE', #2459, #5819, #1114, .T. ) ;
#5212 = VERTEX_POINT ( 'NONE', #2545 ) ;
#5213 = SURFACE_SIDE_STYLE ('',( #788 ) ) ;
#5214 = CARTESIAN_POINT ( 'NONE',  ( 4.274999999999997691, 0.4999999999999998890, -0.8249999999999997335 ) ) ;
#5215 = FACE_OUTER_BOUND ( 'NONE', #4620, .T. ) ;
#5216 = VECTOR ( 'NONE', #3222, 1000.000000000000000 ) ;
#5217 = LINE ( 'NONE', #1829, #1844 ) ;
#5218 = CARTESIAN_POINT ( 'NONE',  ( 4.275000000000000355, 3.950000000000000178, 0.3750000000000001110 ) ) ;
#5219 = DIRECTION ( 'NONE',  ( -0.000000000000000000, 1.000000000000000000, -0.000000000000000000 ) ) ;
#5220 = CARTESIAN_POINT ( 'NONE',  ( 2.125000000000000000, 3.950000000000000178, 0.1750000000000002387 ) ) ;
#5221 = ORIENTED_EDGE ( 'NONE', *, *, #3645, .T. ) ;
#5222 = ORIENTED_EDGE ( 'NONE', *, *, #537, .T. ) ;
#5223 = EDGE_LOOP ( 'NONE', ( #1645, #4867, #6193, #132 ) ) ;
#5224 = LINE ( 'NONE', #6136, #5982 ) ;
#5225 = CARTESIAN_POINT ( 'NONE',  ( 2.425000000000000266, 1.899999999999999911, 1.825000000000000622 ) ) ;
#5226 = LINE ( 'NONE', #3364, #647 ) ;
#5227 = CARTESIAN_POINT ( 'NONE',  ( 5.724999999999998757, 1.449999999999999956, -1.224999999999999645 ) ) ;
#5228 = ORIENTED_EDGE ( 'NONE', *, *, #582, .T. ) ;
#5229 = EDGE_CURVE ( 'NONE', #6114, #2949, #30, .T. ) ;
#5230 = FACE_OUTER_BOUND ( 'NONE', #483, .T. ) ;
#5231 = DIRECTION ( 'NONE',  ( -1.000000000000000000, -0.000000000000000000, 0.000000000000000000 ) ) ;
#5232 = CARTESIAN_POINT ( 'NONE',  ( 4.474999999999996980, -0.1499999999999963862, -1.474999999999999645 ) ) ;
#5233 = CARTESIAN_POINT ( 'NONE',  ( 2.625000000000000444, 3.950000000000000178, 0.1750000000000002387 ) ) ;
#5234 = CARTESIAN_POINT ( 'NONE',  ( -6.875000000000000000, -13.83708784390703705, -1.174999999999999822 ) ) ;
#5235 = ORIENTED_EDGE ( 'NONE', *, *, #4491, .F. ) ;
#5236 = VECTOR ( 'NONE', #1650, 1000.000000000000000 ) ;
#5237 = EDGE_CURVE ( 'NONE', #100, #2672, #2982, .T. ) ;
#5238 = SURFACE_STYLE_FILL_AREA ( #2908 ) ;
#5239 = AXIS2_PLACEMENT_3D ( 'NONE', #3077, #5065, #4070 ) ;
#5240 = CARTESIAN_POINT ( 'NONE',  ( 6.000000000000000888, 0.000000000000000000, 2.075000000000000622 ) ) ;
#5241 = DIRECTION ( 'NONE',  ( 1.000000000000000000, 0.000000000000000000, 1.807003620809174632E-16 ) ) ;
#5242 = VECTOR ( 'NONE', #5096, 1000.000000000000000 ) ;
#5243 = EDGE_CURVE ( 'NONE', #2827, #6139, #3944, .T. ) ;
#5244 = ORIENTED_EDGE ( 'NONE', *, *, #1422, .T. ) ;
#5245 = VECTOR ( 'NONE', #4859, 1000.000000000000000 ) ;
#5246 = VECTOR ( 'NONE', #954, 1000.000000000000000 ) ;
#5247 = EDGE_CURVE ( 'NONE', #3377, #1329, #129, .T. ) ;
#5248 = AXIS2_PLACEMENT_3D ( 'NONE', #3128, #1628, #5518 ) ;
#5249 = CARTESIAN_POINT ( 'NONE',  ( 7.875000000000000000, 0.000000000000000000, -0.8249999999999997335 ) ) ;
#5250 = DIRECTION ( 'NONE',  ( -1.000000000000000000, -0.000000000000000000, -0.000000000000000000 ) ) ;
#5251 = LINE ( 'NONE', #3733, #4936 ) ;
#5252 = ADVANCED_FACE ( 'NONE', ( #1549 ), #5880, .F. ) ;
#5253 = LINE ( 'NONE', #2339, #3802 ) ;
#5254 = EDGE_LOOP ( 'NONE', ( #4249, #3981, #3739, #3514, #1050 ) ) ;
#5255 = VECTOR ( 'NONE', #1053, 1000.000000000000000 ) ;
#5256 = ORIENTED_EDGE ( 'NONE', *, *, #5523, .T. ) ;
#5257 = CARTESIAN_POINT ( 'NONE',  ( 7.875000000000000000, 3.950000000000000178, 0.1750000000000002387 ) ) ;
#5258 = EDGE_CURVE ( 'NONE', #1841, #3116, #3052, .T. ) ;
#5259 = DIRECTION ( 'NONE',  ( -0.000000000000000000, 1.000000000000000000, 0.000000000000000000 ) ) ;
#5260 = CARTESIAN_POINT ( 'NONE',  ( 5.724999999999997868, -0.04999999999999636680, -2.375000000000000000 ) ) ;
#5261 = ORIENTED_EDGE ( 'NONE', *, *, #4900, .T. ) ;
#5262 = DIRECTION ( 'NONE',  ( 0.000000000000000000, 0.000000000000000000, 1.000000000000000000 ) ) ;
#5263 = EDGE_CURVE ( 'NONE', #2153, #4415, #4466, .T. ) ;
#5264 = CARTESIAN_POINT ( 'NONE',  ( 2.225000000000000533, 2.349999999999999645, 1.675000000000000266 ) ) ;
#5265 = DIRECTION ( 'NONE',  ( 0.000000000000000000, -1.000000000000000000, -0.000000000000000000 ) ) ;
#5266 = DIRECTION ( 'NONE',  ( -0.000000000000000000, -0.000000000000000000, 1.000000000000000000 ) ) ;
#5267 = ORIENTED_EDGE ( 'NONE', *, *, #901, .T. ) ;
#5268 = EDGE_CURVE ( 'NONE', #5336, #2078, #65, .T. ) ;
#5269 = ORIENTED_EDGE ( 'NONE', *, *, #5394, .T. ) ;
#5270 = DIRECTION ( 'NONE',  ( 1.277744513902812275E-16, 0.7071067811865475727, -0.7071067811865475727 ) ) ;
#5271 = LINE ( 'NONE', #5392, #5741 ) ;
#5272 = DIRECTION ( 'NONE',  ( -1.000000000000000000, 0.000000000000000000, 0.000000000000000000 ) ) ;
#5273 = VECTOR ( 'NONE', #2592, 1000.000000000000114 ) ;
#5274 = ADVANCED_FACE ( 'NONE', ( #5447 ), #2952, .F. ) ;
#5275 = EDGE_CURVE ( 'NONE', #1974, #4763, #215, .T. ) ;
#5276 = LINE ( 'NONE', #1994, #4652 ) ;
#5277 = DIRECTION ( 'NONE',  ( -0.000000000000000000, 1.000000000000000000, -0.000000000000000000 ) ) ;
#5278 = FACE_OUTER_BOUND ( 'NONE', #3642, .T. ) ;
#5279 = MECHANICAL_DESIGN_GEOMETRIC_PRESENTATION_REPRESENTATION (  '', ( #3138 ), #906 ) ;
#5280 = FACE_OUTER_BOUND ( 'NONE', #3904, .T. ) ;
#5281 = ORIENTED_EDGE ( 'NONE', *, *, #2937, .T. ) ;
#5282 = ORIENTED_EDGE ( 'NONE', *, *, #6054, .F. ) ;
#5283 = EDGE_CURVE ( 'NONE', #3025, #3088, #1488, .T. ) ;
#5284 = AXIS2_PLACEMENT_3D ( 'NONE', #661, #1027, #6108 ) ;
#5285 = EDGE_CURVE ( 'NONE', #3018, #2328, #4046, .T. ) ;
#5286 = DIRECTION ( 'NONE',  ( -1.000000000000000000, -0.000000000000000000, -0.000000000000000000 ) ) ;
#5287 = FACE_OUTER_BOUND ( 'NONE', #1336, .T. ) ;
#5288 = SURFACE_STYLE_USAGE ( .BOTH. , #119 ) ;
#5289 = FACE_OUTER_BOUND ( 'NONE', #4984, .T. ) ;
#5290 = EDGE_LOOP ( 'NONE', ( #4619, #2955, #4896, #3684 ) ) ;
#5291 = VERTEX_POINT ( 'NONE', #3555 ) ;
#5292 = CARTESIAN_POINT ( 'NONE',  ( 5.724999999999997868, -0.1499999999999963862, -1.474999999999999645 ) ) ;
#5293 = EDGE_CURVE ( 'NONE', #2441, #897, #5985, .T. ) ;
#5294 = DIRECTION ( 'NONE',  ( -1.000000000000000000, 0.000000000000000000, 0.000000000000000000 ) ) ;
#5295 = DIRECTION ( 'NONE',  ( -0.000000000000000000, 1.000000000000000000, -0.000000000000000000 ) ) ;
#5296 = ORIENTED_EDGE ( 'NONE', *, *, #265, .F. ) ;
#5297 = FILL_AREA_STYLE ('',( #453 ) ) ;
#5298 = CARTESIAN_POINT ( 'NONE',  ( 4.274999999999998579, 1.449999999999999956, -0.7749999999999999112 ) ) ;
#5299 = ORIENTED_EDGE ( 'NONE', *, *, #2321, .F. ) ;
#5300 = VECTOR ( 'NONE', #1916, 1000.000000000000000 ) ;
#5301 = ORIENTED_EDGE ( 'NONE', *, *, #24, .T. ) ;
#5302 = LINE ( 'NONE', #4379, #1717 ) ;
#5303 = FACE_OUTER_BOUND ( 'NONE', #2161, .T. ) ;
#5304 = VECTOR ( 'NONE', #5294, 1000.000000000000000 ) ;
#5305 = LINE ( 'NONE', #3316, #53 ) ;
#5306 = DIRECTION ( 'NONE',  ( -0.000000000000000000, -0.000000000000000000, -1.000000000000000000 ) ) ;
#5307 = ORIENTED_EDGE ( 'NONE', *, *, #5079, .T. ) ;
#5308 = CARTESIAN_POINT ( 'NONE',  ( 6.591666666666665009, 2.683333333333328685, 3.158333333333329662 ) ) ;
#5309 = DIRECTION ( 'NONE',  ( 0.000000000000000000, 1.000000000000000000, 0.000000000000000000 ) ) ;
#5310 = DIRECTION ( 'NONE',  ( -1.000000000000000000, 0.000000000000000000, 4.336808689942021680E-16 ) ) ;
#5311 = CARTESIAN_POINT ( 'NONE',  ( 5.724999999999997868, 0.1500000000000032419, -2.474999999999999645 ) ) ;
#5312 = VERTEX_POINT ( 'NONE', #2510 ) ;
#5313 = AXIS2_PLACEMENT_3D ( 'NONE', #1739, #5649, #4256 ) ;
#5314 = AXIS2_PLACEMENT_3D ( 'NONE', #4517, #145, #1159 ) ;
#5315 = ADVANCED_FACE ( 'NONE', ( #4006 ), #5952, .F. ) ;
#5316 = FACE_OUTER_BOUND ( 'NONE', #5439, .T. ) ;
#5317 = VECTOR ( 'NONE', #6033, 1000.000000000000000 ) ;
#5318 = CARTESIAN_POINT ( 'NONE',  ( 5.524999999999998579, 1.449999999999999956, -1.224999999999999645 ) ) ;
#5319 = DIRECTION ( 'NONE',  ( 0.000000000000000000, 0.000000000000000000, -1.000000000000000000 ) ) ;
#5320 = LINE ( 'NONE', #6200, #3203 ) ;
#5321 = ORIENTED_EDGE ( 'NONE', *, *, #1243, .T. ) ;
#5322 = EDGE_CURVE ( 'NONE', #2872, #3216, #5168, .T. ) ;
#5323 = CARTESIAN_POINT ( 'NONE',  ( 4.474999999999996980, 1.577500000000001235, -1.577499999999999902 ) ) ;
#5324 = CARTESIAN_POINT ( 'NONE',  ( 5.374999999999999112, 1.199999999999999734, 0.1750000000000000999 ) ) ;
#5325 = DIRECTION ( 'NONE',  ( 0.000000000000000000, 0.7071067811865476838, 0.7071067811865474617 ) ) ;
#5326 = ORIENTED_EDGE ( 'NONE', *, *, #5196, .T. ) ;
#5327 =( NAMED_UNIT ( * ) SI_UNIT ( $, .STERADIAN. ) SOLID_ANGLE_UNIT ( ) );
#5328 = PLANE ( 'NONE',  #4847 ) ;
#5329 = ORIENTED_EDGE ( 'NONE', *, *, #1705, .T. ) ;
#5330 = VERTEX_POINT ( 'NONE', #3588 ) ;
#5331 = LINE ( 'NONE', #967, #301 ) ;
#5332 = FILL_AREA_STYLE_COLOUR ( '', #1923 ) ;
#5333 = DIRECTION ( 'NONE',  ( 0.000000000000000000, -1.000000000000000000, 2.710505431213761393E-17 ) ) ;
#5334 = LINE ( 'NONE', #2936, #5807 ) ;
#5335 = EDGE_LOOP ( 'NONE', ( #2548, #5904, #2891, #2470 ) ) ;
#5336 = VERTEX_POINT ( 'NONE', #801 ) ;
#5337 = AXIS2_PLACEMENT_3D ( 'NONE', #3015, #25, #984 ) ;
#5338 = DIRECTION ( 'NONE',  ( -1.000000000000000000, 0.000000000000000000, 4.336808689942021680E-16 ) ) ;
#5339 = PLANE ( 'NONE',  #3536 ) ;
#5340 = PLANE ( 'NONE',  #3197 ) ;
#5341 = EDGE_LOOP ( 'NONE', ( #987, #1637, #3499, #1864 ) ) ;
#5342 = VERTEX_POINT ( 'NONE', #2668 ) ;
#5343 = EDGE_CURVE ( 'NONE', #5342, #4924, #3238, .T. ) ;
#5344 = VECTOR ( 'NONE', #5500, 1000.000000000000000 ) ;
#5345 = VECTOR ( 'NONE', #917, 1000.000000000000000 ) ;
#5346 = LINE ( 'NONE', #2920, #2279 ) ;
#5347 = VECTOR ( 'NONE', #326, 1000.000000000000000 ) ;
#5348 = CARTESIAN_POINT ( 'NONE',  ( 2.425000000000000266, 0.5999999999999999778, 0.2250000000000008105 ) ) ;
#5349 = CARTESIAN_POINT ( 'NONE',  ( 3.125000000000000000, 3.950000000000000178, -1.174999999999999822 ) ) ;
#5350 = ORIENTED_EDGE ( 'NONE', *, *, #4048, .F. ) ;
#5351 = ORIENTED_EDGE ( 'NONE', *, *, #4931, .T. ) ;
#5352 = VERTEX_POINT ( 'NONE', #252 ) ;
#5353 = DIRECTION ( 'NONE',  ( -0.000000000000000000, -0.7071067811865381358, -0.7071067811865570096 ) ) ;
#5354 = EDGE_CURVE ( 'NONE', #1614, #2116, #2734, .T. ) ;
#5355 = CARTESIAN_POINT ( 'NONE',  ( 3.124999999999999112, 0.2499999999999999445, -0.3340169943749460302 ) ) ;
#5356 = LINE ( 'NONE', #2898, #352 ) ;
#5357 = EDGE_LOOP ( 'NONE', ( #6036, #4406, #4279, #5491 ) ) ;
#5358 = CARTESIAN_POINT ( 'NONE',  ( 0.000000000000000000, 4.049999999999999822, 0.4749999999999995337 ) ) ;
#5359 = ORIENTED_EDGE ( 'NONE', *, *, #4352, .F. ) ;
#5360 = ORIENTED_EDGE ( 'NONE', *, *, #5585, .T. ) ;
#5361 = EDGE_LOOP ( 'NONE', ( #956, #2619, #4982, #3483, #2071 ) ) ;
#5362 = PRESENTATION_STYLE_ASSIGNMENT (( #4858 ) ) ;
#5363 = CARTESIAN_POINT ( 'NONE',  ( 4.474999999999998757, 3.299999999999999822, -1.224999999999999645 ) ) ;
#5364 = DIRECTION ( 'NONE',  ( 0.000000000000000000, -1.000000000000000000, -4.336808689941999494E-16 ) ) ;
#5365 = ORIENTED_EDGE ( 'NONE', *, *, #61, .T. ) ;
#5366 = ADVANCED_FACE ( 'NONE', ( #5195 ), #3620, .F. ) ;
#5367 = CARTESIAN_POINT ( 'NONE',  ( 7.375000000000000888, 0.5999999999999999778, 0.2250000000000008105 ) ) ;
#5368 = DIRECTION ( 'NONE',  ( 0.000000000000000000, -0.000000000000000000, 1.000000000000000000 ) ) ;
#5369 = CARTESIAN_POINT ( 'NONE',  ( 5.524999999999997691, 3.950000000000000178, 0.3750000000000001110 ) ) ;
#5370 = EDGE_CURVE ( 'NONE', #463, #5212, #767, .T. ) ;
#5371 = ORIENTED_EDGE ( 'NONE', *, *, #671, .F. ) ;
#5372 = ORIENTED_EDGE ( 'NONE', *, *, #500, .T. ) ;
#5373 = VECTOR ( 'NONE', #2403, 1000.000000000000000 ) ;
#5374 = CARTESIAN_POINT ( 'NONE',  ( 7.774999999999999467, 4.049999999999999822, 1.675000000000000266 ) ) ;
#5375 = LINE ( 'NONE', #2028, #2690 ) ;
#5376 = EDGE_LOOP ( 'NONE', ( #5326, #1052, #4498, #3274 ) ) ;
#5377 = ORIENTED_EDGE ( 'NONE', *, *, #4876, .F. ) ;
#5378 = EDGE_CURVE ( 'NONE', #4438, #3586, #5072, .T. ) ;
#5379 = CARTESIAN_POINT ( 'NONE',  ( 6.875000000000000000, 3.950000000000000178, -1.174999999999999822 ) ) ;
#5380 = DIRECTION ( 'NONE',  ( 0.000000000000000000, 0.000000000000000000, -1.000000000000000000 ) ) ;
#5381 = PLANE ( 'NONE',  #5443 ) ;
#5382 = ORIENTED_EDGE ( 'NONE', *, *, #88, .F. ) ;
#5383 = ORIENTED_EDGE ( 'NONE', *, *, #578, .F. ) ;
#5384 = ORIENTED_EDGE ( 'NONE', *, *, #6076, .F. ) ;
#5385 = CARTESIAN_POINT ( 'NONE',  ( 7.575000000000000178, 0.5999999999999999778, 1.825000000000000622 ) ) ;
#5386 = ORIENTED_EDGE ( 'NONE', *, *, #1232, .F. ) ;
#5387 = ORIENTED_EDGE ( 'NONE', *, *, #6127, .T. ) ;
#5388 = CARTESIAN_POINT ( 'NONE',  ( 2.125000000000000000, 4.049999999999999822, 2.475000000000000089 ) ) ;
#5389 = DIRECTION ( 'NONE',  ( 0.000000000000000000, 0.000000000000000000, 1.000000000000000000 ) ) ;
#5390 = DIRECTION ( 'NONE',  ( 0.000000000000000000, -3.336006684570783101E-16, 1.000000000000000000 ) ) ;
#5391 = ADVANCED_FACE ( 'NONE', ( #4562 ), #1298, .F. ) ;
#5392 = CARTESIAN_POINT ( 'NONE',  ( 7.275000000000000355, 0.2500000000000002220, 2.475000000000000089 ) ) ;
#5393 = LINE ( 'NONE', #4317, #2763 ) ;
#5394 = EDGE_CURVE ( 'NONE', #2078, #928, #4201, .T. ) ;
#5395 = EDGE_LOOP ( 'NONE', ( #3891, #2371, #4981, #5954 ) ) ;
#5396 = VECTOR ( 'NONE', #4104, 1000.000000000000000 ) ;
#5397 = CARTESIAN_POINT ( 'NONE',  ( 5.874999999999997335, 1.449999999999999956, 0.1750000000000000999 ) ) ;
#5398 = CARTESIAN_POINT ( 'NONE',  ( 2.425000000000000266, 0.5999999999999999778, 0.2250000000000008105 ) ) ;
#5399 = CARTESIAN_POINT ( 'NONE',  ( 3.125000000000000000, 1.449999999999999956, -1.174999999999999822 ) ) ;
#5400 = CARTESIAN_POINT ( 'NONE',  ( 7.575000000000000178, 0.000000000000000000, 0.000000000000000000 ) ) ;
#5401 = LINE ( 'NONE', #4394, #3905 ) ;
#5402 = EDGE_LOOP ( 'NONE', ( #4238, #4095, #2768, #1428 ) ) ;
#5403 = EDGE_LOOP ( 'NONE', ( #126, #2626, #839, #1448 ) ) ;
#5404 = ORIENTED_EDGE ( 'NONE', *, *, #4111, .T. ) ;
#5405 = EDGE_CURVE ( 'NONE', #1552, #4560, #6077, .T. ) ;
#5406 = VECTOR ( 'NONE', #5422, 1000.000000000000114 ) ;
#5407 = DIRECTION ( 'NONE',  ( -1.000000000000000000, 0.000000000000000000, 0.000000000000000000 ) ) ;
#5408 = CARTESIAN_POINT ( 'NONE',  ( 5.874999999999997335, 4.049999999999999822, 0.1750000000000000999 ) ) ;
#5409 = CARTESIAN_POINT ( 'NONE',  ( 7.474999999999997868, 1.800000000000000044, -1.274999999999999245 ) ) ;
#5410 = ORIENTED_EDGE ( 'NONE', *, *, #4491, .T. ) ;
#5411 = EDGE_LOOP ( 'NONE', ( #5069, #5614, #5321, #5922 ) ) ;
#5412 = ORIENTED_EDGE ( 'NONE', *, *, #892, .T. ) ;
#5413 = LINE ( 'NONE', #3560, #782 ) ;
#5414 = ORIENTED_EDGE ( 'NONE', *, *, #1673, .F. ) ;
#5415 = ORIENTED_EDGE ( 'NONE', *, *, #2783, .F. ) ;
#5416 = ADVANCED_FACE ( 'NONE', ( #3144 ), #738, .F. ) ;
#5417 = PLANE ( 'NONE',  #976 ) ;
#5418 = LINE ( 'NONE', #140, #193 ) ;
#5419 = CARTESIAN_POINT ( 'NONE',  ( 7.875000000000000000, 2.349999999999999645, 0.6750000000000002665 ) ) ;
#5420 = FACE_OUTER_BOUND ( 'NONE', #1874, .T. ) ;
#5421 = DIRECTION ( 'NONE',  ( 0.000000000000000000, 0.000000000000000000, -1.000000000000000000 ) ) ;
#5422 = DIRECTION ( 'NONE',  ( -0.000000000000000000, -0.7071067811865474617, 0.7071067811865474617 ) ) ;
#5423 = VERTEX_POINT ( 'NONE', #2191 ) ;
#5424 = MECHANICAL_DESIGN_GEOMETRIC_PRESENTATION_REPRESENTATION (  '', ( #4622 ), #4696 ) ;
#5425 = EDGE_CURVE ( 'NONE', #1203, #229, #1241, .T. ) ;
#5426 = CARTESIAN_POINT ( 'NONE',  ( 7.575000000000000178, -0.1499999999999963862, 0.3749999999999942268 ) ) ;
#5427 = LINE ( 'NONE', #3576, #1708 ) ;
#5428 = DIRECTION ( 'NONE',  ( -1.000000000000000000, 0.000000000000000000, 0.000000000000000000 ) ) ;
#5429 = EDGE_CURVE ( 'NONE', #3241, #2650, #4659, .T. ) ;
#5430 = ORIENTED_EDGE ( 'NONE', *, *, #2334, .F. ) ;
#5431 = LINE ( 'NONE', #4334, #458 ) ;
#5432 = ORIENTED_EDGE ( 'NONE', *, *, #5808, .F. ) ;
#5433 = EDGE_CURVE ( 'NONE', #5136, #169, #5128, .T. ) ;
#5434 = VECTOR ( 'NONE', #6271, 1000.000000000000000 ) ;
#5435 = LINE ( 'NONE', #4393, #965 ) ;
#5436 = CARTESIAN_POINT ( 'NONE',  ( 7.375000000000000888, 1.899999999999999689, 2.475000000000000533 ) ) ;
#5437 = VECTOR ( 'NONE', #4195, 1000.000000000000000 ) ;
#5438 = ORIENTED_EDGE ( 'NONE', *, *, #5746, .F. ) ;
#5439 = EDGE_LOOP ( 'NONE', ( #4457, #721, #5885, #5131 ) ) ;
#5440 = VECTOR ( 'NONE', #1838, 1000.000000000000000 ) ;
#5441 = AXIS2_PLACEMENT_3D ( 'NONE', #4067, #5526, #4129 ) ;
#5442 = EDGE_CURVE ( 'NONE', #1850, #3683, #4169, .T. ) ;
#5443 = AXIS2_PLACEMENT_3D ( 'NONE', #5852, #5760, #4343 ) ;
#5444 = VECTOR ( 'NONE', #4873, 1000.000000000000000 ) ;
#5446 = CARTESIAN_POINT ( 'NONE',  ( 5.669910864525444794, 0.000000000000000000, 0.2250000000000008105 ) ) ;
#5445 = VECTOR ( 'NONE', #1599, 1000.000000000000000 ) ;
#5447 = FACE_OUTER_BOUND ( 'NONE', #2478, .T. ) ;
#5448 = CARTESIAN_POINT ( 'NONE',  ( 4.274999999999997691, -0.04999999999999568678, -2.474999999999999645 ) ) ;
#5449 = ORIENTED_EDGE ( 'NONE', *, *, #1692, .F. ) ;
#5450 = EDGE_LOOP ( 'NONE', ( #3130, #5521, #1002, #2094 ) ) ;
#5451 = CARTESIAN_POINT ( 'NONE',  ( 5.724999999999997868, 0.3500000000000009215, -1.324999999999999512 ) ) ;
#5452 = VERTEX_POINT ( 'NONE', #5539 ) ;
#5453 = VECTOR ( 'NONE', #4825, 1000.000000000000000 ) ;
#5454 = ORIENTED_EDGE ( 'NONE', *, *, #846, .T. ) ;
#5455 = VECTOR ( 'NONE', #3644, 1000.000000000000000 ) ;
#5456 = LINE ( 'NONE', #4511, #4432 ) ;
#5457 = DIRECTION ( 'NONE',  ( -1.000000000000000000, -0.000000000000000000, -0.000000000000000000 ) ) ;
#5458 = CARTESIAN_POINT ( 'NONE',  ( 4.274999999999997691, -0.04999999999999636680, -2.375000000000000000 ) ) ;
#5459 = FACE_OUTER_BOUND ( 'NONE', #6121, .T. ) ;
#5460 = LINE ( 'NONE', #597, #5950 ) ;
#5461 = ADVANCED_FACE ( 'NONE', ( #2255 ), #1267, .F. ) ;
#5462 = CARTESIAN_POINT ( 'NONE',  ( 4.474999999999997868, 1.449999999999999956, 0.3750000000000000000 ) ) ;
#5463 = DIRECTION ( 'NONE',  ( -1.277744513902812275E-16, 0.7071067811865474617, -0.7071067811865475727 ) ) ;
#5464 = DIRECTION ( 'NONE',  ( 0.000000000000000000, 0.000000000000000000, -1.000000000000000000 ) ) ;
#5465 = CARTESIAN_POINT ( 'NONE',  ( 2.624999999999999556, 0.000000000000000000, 0.000000000000000000 ) ) ;
#5466 = EDGE_CURVE ( 'NONE', #2728, #5728, #5657, .T. ) ;
#5467 = DIRECTION ( 'NONE',  ( 0.5773502691896257311, 0.5773502691896257311, 0.5773502691896257311 ) ) ;
#5468 = CARTESIAN_POINT ( 'NONE',  ( -6.875000000000000000, 3.950000000000000178, 0.3750000000000001110 ) ) ;
#5469 = ADVANCED_FACE ( 'NONE', ( #1684 ), #1178, .F. ) ;
#5470 = ORIENTED_EDGE ( 'NONE', *, *, #1377, .T. ) ;
#5471 = ORIENTED_EDGE ( 'NONE', *, *, #1966, .T. ) ;
#5472 = VECTOR ( 'NONE', #3679, 1000.000000000000000 ) ;
#5473 = AXIS2_PLACEMENT_3D ( 'NONE', #5620, #1292, #1258 ) ;
#5474 = EDGE_CURVE ( 'NONE', #4368, #3059, #4725, .T. ) ;
#5475 = PLANE ( 'NONE',  #4870 ) ;
#5476 = DIRECTION ( 'NONE',  ( 0.000000000000000000, -0.7071067811865475727, 0.7071067811865475727 ) ) ;
#5477 = CARTESIAN_POINT ( 'NONE',  ( 3.999999999999999112, 0.000000000000000000, 2.075000000000000622 ) ) ;
#5478 = EDGE_LOOP ( 'NONE', ( #4685, #4535, #1348, #3787 ) ) ;
#5479 = MECHANICAL_DESIGN_GEOMETRIC_PRESENTATION_REPRESENTATION (  '', ( #5872 ), #294 ) ;
#5480 = ORIENTED_EDGE ( 'NONE', *, *, #292, .F. ) ;
#5481 = LINE ( 'NONE', #2987, #6256 ) ;
#5482 = EDGE_LOOP ( 'NONE', ( #2572, #277, #541, #2041, #4785, #364 ) ) ;
#5483 = ORIENTED_EDGE ( 'NONE', *, *, #4861, .F. ) ;
#5484 = AXIS2_PLACEMENT_3D ( 'NONE', #1526, #3031, #5993 ) ;
#5485 = CARTESIAN_POINT ( 'NONE',  ( 4.474999999999996980, 0.1500000000000032419, -2.474999999999999645 ) ) ;
#5486 = PLANE ( 'NONE',  #5284 ) ;
#5487 = CARTESIAN_POINT ( 'NONE',  ( 7.375000000000000888, 0.5999999999999999778, 1.825000000000000622 ) ) ;
#5488 = FACE_OUTER_BOUND ( 'NONE', #2516, .T. ) ;
#5489 = PLANE ( 'NONE',  #5152 ) ;
#5490 = DIRECTION ( 'NONE',  ( 1.000000000000000000, 0.000000000000000000, 0.000000000000000000 ) ) ;
#5491 = ORIENTED_EDGE ( 'NONE', *, *, #4621, .F. ) ;
#5492 = DIRECTION ( 'NONE',  ( 0.000000000000000000, 0.000000000000000000, -1.000000000000000000 ) ) ;
#5493 = LINE ( 'NONE', #1162, #6084 ) ;
#5494 = DIRECTION ( 'NONE',  ( -1.000000000000000000, -0.000000000000000000, -0.000000000000000000 ) ) ;
#5495 = ORIENTED_EDGE ( 'NONE', *, *, #300, .T. ) ;
#5496 = DIRECTION ( 'NONE',  ( 0.000000000000000000, 1.000000000000000000, 3.252606517456514091E-15 ) ) ;
#5497 = COLOUR_RGB ( '',0.7960784313725489669, 0.8235294117647058432, 0.9372549019607843146 ) ;
#5498 = AXIS2_PLACEMENT_3D ( 'NONE', #4601, #3628, #5635 ) ;
#5499 = FACE_OUTER_BOUND ( 'NONE', #3387, .T. ) ;
#5500 = DIRECTION ( 'NONE',  ( 1.000000000000000000, -0.000000000000000000, -0.000000000000000000 ) ) ;
#5501 = VERTEX_POINT ( 'NONE', #5811 ) ;
#5502 = VECTOR ( 'NONE', #595, 1000.000000000000000 ) ;
#5503 = ORIENTED_EDGE ( 'NONE', *, *, #1952, .T. ) ;
#5504 = EDGE_CURVE ( 'NONE', #5907, #4939, #3271, .T. ) ;
#5505 = LINE ( 'NONE', #1770, #4571 ) ;
#5506 = DIRECTION ( 'NONE',  ( 1.000000000000000000, 0.000000000000000000, 0.000000000000000000 ) ) ;
#5507 = CARTESIAN_POINT ( 'NONE',  ( 2.624999999999999556, 0.000000000000000000, 0.000000000000000000 ) ) ;
#5508 = ORIENTED_EDGE ( 'NONE', *, *, #4700, .F. ) ;
#5509 = ORIENTED_EDGE ( 'NONE', *, *, #3785, .F. ) ;
#5510 = CARTESIAN_POINT ( 'NONE',  ( 2.425000000000000266, 1.899999999999999911, 1.825000000000000622 ) ) ;
#5511 = ORIENTED_EDGE ( 'NONE', *, *, #2152, .F. ) ;
#5512 = VECTOR ( 'NONE', #4678, 1000.000000000000000 ) ;
#5513 = EDGE_CURVE ( 'NONE', #3401, #3916, #3774, .T. ) ;
#5514 = CARTESIAN_POINT ( 'NONE',  ( 7.375000000000000888, 0.000000000000000000, 2.475000000000000089 ) ) ;
#5515 = LINE ( 'NONE', #1155, #1001 ) ;
#5516 = CARTESIAN_POINT ( 'NONE',  ( 2.625000000000000444, 3.950000000000000178, 0.000000000000000000 ) ) ;
#5517 = DIRECTION ( 'NONE',  ( -1.000000000000000000, -0.000000000000000000, -0.000000000000000000 ) ) ;
#5518 = DIRECTION ( 'NONE',  ( 0.000000000000000000, 0.000000000000000000, 1.000000000000000000 ) ) ;
#5519 = VECTOR ( 'NONE', #4757, 1000.000000000000000 ) ;
#5520 = CARTESIAN_POINT ( 'NONE',  ( 7.375000000000000000, 3.399999999999999911, -0.3249999999999995670 ) ) ;
#5521 = ORIENTED_EDGE ( 'NONE', *, *, #4745, .F. ) ;
#5522 = ORIENTED_EDGE ( 'NONE', *, *, #1073, .F. ) ;
#5523 = EDGE_CURVE ( 'NONE', #3358, #6048, #4756, .T. ) ;
#5524 = CARTESIAN_POINT ( 'NONE',  ( 5.524999999999997691, 0.5000000000000022204, -1.324999999999999734 ) ) ;
#5525 = CARTESIAN_POINT ( 'NONE',  ( 2.225000000000000533, 4.049999999999999822, 0.6750000000000002665 ) ) ;
#5526 = DIRECTION ( 'NONE',  ( 1.000000000000000000, 0.000000000000000000, 0.000000000000000000 ) ) ;
#5527 = VERTEX_POINT ( 'NONE', #3840 ) ;
#5528 = LINE ( 'NONE', #3107, #3677 ) ;
#5529 = EDGE_CURVE ( 'NONE', #4041, #3586, #2408, .T. ) ;
#5530 = CARTESIAN_POINT ( 'NONE',  ( 4.624999999999998224, 2.250000000000000000, 1.075000000000000400 ) ) ;
#5531 = CARTESIAN_POINT ( 'NONE',  ( 2.624999999999999556, 0.2500000000000000000, 2.375000000000000888 ) ) ;
#5532 = ORIENTED_EDGE ( 'NONE', *, *, #2821, .T. ) ;
#5533 = EDGE_CURVE ( 'NONE', #5970, #1842, #6226, .T. ) ;
#5534 = VERTEX_POINT ( 'NONE', #346 ) ;
#5535 = ORIENTED_EDGE ( 'NONE', *, *, #6267, .T. ) ;
#5536 = ORIENTED_EDGE ( 'NONE', *, *, #761, .T. ) ;
#5537 = VECTOR ( 'NONE', #4007, 1000.000000000000114 ) ;
#5538 = AXIS2_PLACEMENT_3D ( 'NONE', #2091, #3548, #5567 ) ;
#5539 = CARTESIAN_POINT ( 'NONE',  ( 7.774999999999999467, 2.349999999999999645, 1.675000000000000266 ) ) ;
#5540 = AXIS2_PLACEMENT_3D ( 'NONE', #4196, #3615, #4099 ) ;
#5541 = PLANE ( 'NONE',  #4013 ) ;
#5542 = VERTEX_POINT ( 'NONE', #5780 ) ;
#5543 = ORIENTED_EDGE ( 'NONE', *, *, #5751, .F. ) ;
#5544 = DIRECTION ( 'NONE',  ( -1.000000000000000000, 0.000000000000000000, 0.000000000000000000 ) ) ;
#5545 = EDGE_LOOP ( 'NONE', ( #4063, #6183, #6224, #81, #1022, #653, #1141, #5360 ) ) ;
#5546 = ORIENTED_EDGE ( 'NONE', *, *, #1528, .T. ) ;
#5547 = VECTOR ( 'NONE', #3688, 1000.000000000000000 ) ;
#5548 = VECTOR ( 'NONE', #6026, 1000.000000000000000 ) ;
#5549 = EDGE_CURVE ( 'NONE', #6012, #44, #1451, .T. ) ;
#5550 = VECTOR ( 'NONE', #5645, 1000.000000000000000 ) ;
#5551 = LINE ( 'NONE', #3686, #4841 ) ;
#5552 = DIRECTION ( 'NONE',  ( 0.000000000000000000, 0.000000000000000000, 1.000000000000000000 ) ) ;
#5553 = PLANE ( 'NONE',  #3302 ) ;
#5554 = VECTOR ( 'NONE', #6111, 1000.000000000000000 ) ;
#5555 = CARTESIAN_POINT ( 'NONE',  ( 2.125000000000000000, 4.049999999999999822, 2.475000000000000089 ) ) ;
#5556 = CARTESIAN_POINT ( 'NONE',  ( 4.474999999999997868, 1.449999999999999956, -0.7749999999999999112 ) ) ;
#5557 = VERTEX_POINT ( 'NONE', #2887 ) ;
#5558 = EDGE_CURVE ( 'NONE', #3406, #5423, #1395, .T. ) ;
#5559 = DIRECTION ( 'NONE',  ( 0.000000000000000000, -0.000000000000000000, 1.000000000000000000 ) ) ;
#5560 = DIRECTION ( 'NONE',  ( 0.000000000000000000, 0.000000000000000000, 1.000000000000000000 ) ) ;
#5561 = DIRECTION ( 'NONE',  ( 0.000000000000000000, -1.000000000000000000, 8.642948658383689284E-16 ) ) ;
#5562 = VERTEX_POINT ( 'NONE', #6167 ) ;
#5563 = LINE ( 'NONE', #4556, #3580 ) ;
#5564 = ADVANCED_FACE ( 'NONE', ( #1425 ), #2344, .F. ) ;
#5565 = VERTEX_POINT ( 'NONE', #5717 ) ;
#5566 = ADVANCED_FACE ( 'NONE', ( #3363 ), #1808, .F. ) ;
#5567 = DIRECTION ( 'NONE',  ( 0.000000000000000000, -5.251604272976699968E-15, 1.000000000000000000 ) ) ;
#5568 = DIRECTION ( 'NONE',  ( -1.000000000000000000, -0.000000000000000000, -0.000000000000000000 ) ) ;
#5569 = ORIENTED_EDGE ( 'NONE', *, *, #5170, .T. ) ;
#5570 = ORIENTED_EDGE ( 'NONE', *, *, #1449, .T. ) ;
#5571 = VERTEX_POINT ( 'NONE', #3390 ) ;
#5572 = CARTESIAN_POINT ( 'NONE',  ( 3.025000000000000799, 4.049999999999999822, 0.000000000000000000 ) ) ;
#5573 = DIRECTION ( 'NONE',  ( 0.8944271909999159664, -0.4472135954999579832, 0.000000000000000000 ) ) ;
#5574 = ORIENTED_EDGE ( 'NONE', *, *, #1393, .T. ) ;
#5575 = DIRECTION ( 'NONE',  ( 0.000000000000000000, 1.000000000000000000, 3.336006684570783101E-16 ) ) ;
#5576 = ORIENTED_EDGE ( 'NONE', *, *, #88, .T. ) ;
#5577 = VECTOR ( 'NONE', #5353, 1000.000000000000000 ) ;
#5578 = DIRECTION ( 'NONE',  ( 0.000000000000000000, 0.7071067811865381358, 0.7071067811865570096 ) ) ;
#5579 = AXIS2_PLACEMENT_3D ( 'NONE', #1825, #2652, #5670 ) ;
#5580 = CARTESIAN_POINT ( 'NONE',  ( 3.999999999999999112, 3.849999999999997424, 2.075000000000000622 ) ) ;
#5581 = DIRECTION ( 'NONE',  ( 0.000000000000000000, -2.456395547037470490E-16, 1.000000000000000000 ) ) ;
#5582 = LINE ( 'NONE', #6059, #2599 ) ;
#5583 = PLANE ( 'NONE',  #1955 ) ;
#5584 = VERTEX_POINT ( 'NONE', #5318 ) ;
#5585 = EDGE_CURVE ( 'NONE', #4767, #590, #4298, .T. ) ;
#5586 = DIRECTION ( 'NONE',  ( -1.000000000000000000, 0.000000000000000000, 4.336808689942021680E-16 ) ) ;
#5587 = DIRECTION ( 'NONE',  ( 0.000000000000000000, 0.000000000000000000, -1.000000000000000000 ) ) ;
#5588 = EDGE_CURVE ( 'NONE', #1400, #4119, #3304, .T. ) ;
#5589 = EDGE_LOOP ( 'NONE', ( #3004, #4348, #5281, #3024 ) ) ;
#5590 = ADVANCED_FACE ( 'NONE', ( #3807 ), #5754, .F. ) ;
#5591 = CARTESIAN_POINT ( 'NONE',  ( 10.00000000000000000, 0.000000000000000000, -0.7749999999999999112 ) ) ;
#5592 = DIRECTION ( 'NONE',  ( 0.000000000000000000, -4.336808689941999001E-16, 1.000000000000000000 ) ) ;
#5593 = CARTESIAN_POINT ( 'NONE',  ( 4.474999999999996980, 0.1500000000000037970, -1.816421356237308826 ) ) ;
#5594 = VERTEX_POINT ( 'NONE', #3742 ) ;
#5595 = ORIENTED_EDGE ( 'NONE', *, *, #3786, .F. ) ;
#5596 = VECTOR ( 'NONE', #1048, 1000.000000000000000 ) ;
#5597 = CARTESIAN_POINT ( 'NONE',  ( 0.000000000000000000, 1.449999999999999956, 0.000000000000000000 ) ) ;
#5598 = LINE ( 'NONE', #1179, #2789 ) ;
#5599 = CARTESIAN_POINT ( 'NONE',  ( 7.781793621149187601, 1.449999999999999956, 0.3750000000000000000 ) ) ;
#5600 = ORIENTED_EDGE ( 'NONE', *, *, #5751, .T. ) ;
#5601 = ADVANCED_FACE ( 'NONE', ( #5287 ), #923, .F. ) ;
#5602 = CARTESIAN_POINT ( 'NONE',  ( 6.375000000000000888, 3.950000000000000178, 0.8749999999999996669 ) ) ;
#5603 = LINE ( 'NONE', #3183, #520 ) ;
#5604 = LINE ( 'NONE', #1248, #5547 ) ;
#5605 = FACE_OUTER_BOUND ( 'NONE', #4597, .T. ) ;
#5606 = LINE ( 'NONE', #5696, #4713 ) ;
#5607 = ORIENTED_EDGE ( 'NONE', *, *, #592, .T. ) ;
#5608 = VECTOR ( 'NONE', #1766, 1000.000000000000000 ) ;
#5609 = EDGE_CURVE ( 'NONE', #6134, #28, #1908, .T. ) ;
#5610 = SURFACE_STYLE_FILL_AREA ( #2206 ) ;
#5611 = VECTOR ( 'NONE', #3011, 1000.000000000000000 ) ;
#5612 = CARTESIAN_POINT ( 'NONE',  ( 5.524999999999998579, 6.140988867593913192E-18, -0.02500000000000096242 ) ) ;
#5613 = CARTESIAN_POINT ( 'NONE',  ( 6.974999999999995204, 4.049999999999999822, -1.775000000000000355 ) ) ;
#5614 = ORIENTED_EDGE ( 'NONE', *, *, #3714, .T. ) ;
#5615 = CARTESIAN_POINT ( 'NONE',  ( 2.125000000000000000, 1.800000000000000044, -1.175000000000000044 ) ) ;
#5616 = ORIENTED_EDGE ( 'NONE', *, *, #5057, .F. ) ;
#5617 = EDGE_CURVE ( 'NONE', #5991, #1419, #27, .T. ) ;
#5618 = EDGE_CURVE ( 'NONE', #313, #5077, #4903, .T. ) ;
#5619 = CARTESIAN_POINT ( 'NONE',  ( 2.624999999999999556, 0.5999999999999999778, 0.2250000000000008105 ) ) ;
#5620 = CARTESIAN_POINT ( 'NONE',  ( 2.425000000000000266, 1.899999999999999689, 2.475000000000000533 ) ) ;
#5621 = CARTESIAN_POINT ( 'NONE',  ( 2.425000000000000266, -0.1499999999999963862, 0.3749999999999942268 ) ) ;
#5622 = DIRECTION ( 'NONE',  ( 1.000000000000000000, 0.000000000000000000, 0.000000000000000000 ) ) ;
#5623 = ORIENTED_EDGE ( 'NONE', *, *, #1899, .T. ) ;
#5624 = ORIENTED_EDGE ( 'NONE', *, *, #6217, .T. ) ;
#5625 = VERTEX_POINT ( 'NONE', #5874 ) ;
#5626 = CARTESIAN_POINT ( 'NONE',  ( 5.724999999999997868, 1.199999999999999734, 0.1750000000000000722 ) ) ;
#5627 = DIRECTION ( 'NONE',  ( 3.336006684570783101E-16, 1.000000000000000000, -0.000000000000000000 ) ) ;
#5628 = DIRECTION ( 'NONE',  ( 0.000000000000000000, -3.336006684570783101E-16, 1.000000000000000000 ) ) ;
#5629 = ORIENTED_EDGE ( 'NONE', *, *, #3756, .F. ) ;
#5630 = CARTESIAN_POINT ( 'NONE',  ( 4.274999999999998579, 1.449999999999999956, -0.7749999999999999112 ) ) ;
#5631 = EDGE_CURVE ( 'NONE', #2285, #2576, #2570, .T. ) ;
#5632 = VERTEX_POINT ( 'NONE', #508 ) ;
#5633 = VERTEX_POINT ( 'NONE', #5909 ) ;
#5634 = DIRECTION ( 'NONE',  ( 1.000000000000000000, 0.000000000000000000, 4.336808689942021680E-16 ) ) ;
#5635 = DIRECTION ( 'NONE',  ( -4.688441826964343312E-16, -1.000000000000000000, 0.000000000000000000 ) ) ;
#5636 = CARTESIAN_POINT ( 'NONE',  ( 5.724999999999997868, 1.016439536705160869E-17, 0.3750000000000000555 ) ) ;
#5637 = DIRECTION ( 'NONE',  ( 1.000000000000000000, 0.000000000000000000, 0.000000000000000000 ) ) ;
#5638 = DIRECTION ( 'NONE',  ( -0.000000000000000000, 1.000000000000000000, -0.000000000000000000 ) ) ;
#5639 = AXIS2_PLACEMENT_3D ( 'NONE', #2764, #952, #3330 ) ;
#5640 = AXIS2_PLACEMENT_3D ( 'NONE', #435, #1417, #2368 ) ;
#5641 = VECTOR ( 'NONE', #5664, 1000.000000000000000 ) ;
#5642 = VECTOR ( 'NONE', #5660, 1000.000000000000000 ) ;
#5643 = PLANE ( 'NONE',  #5579 ) ;
#5644 = VECTOR ( 'NONE', #2677, 1000.000000000000000 ) ;
#5645 = DIRECTION ( 'NONE',  ( 0.000000000000000000, 0.000000000000000000, -1.000000000000000000 ) ) ;
#5646 = FACE_OUTER_BOUND ( 'NONE', #3778, .T. ) ;
#5647 = EDGE_LOOP ( 'NONE', ( #514, #4605, #2938, #2099, #5522, #1361, #2124, #1686, #1827, #5070, #3172, #1472, #1275 ) ) ;
#5648 = VECTOR ( 'NONE', #4537, 1000.000000000000000 ) ;
#5649 = DIRECTION ( 'NONE',  ( -0.000000000000000000, 0.000000000000000000, 1.000000000000000000 ) ) ;
#5650 = CARTESIAN_POINT ( 'NONE',  ( -6.875000000000000000, 3.950000000000000178, 0.3750000000000001110 ) ) ;
#5651 = CARTESIAN_POINT ( 'NONE',  ( 2.625000000000000444, 3.399999999999999911, 0.1750000000000001554 ) ) ;
#5652 = CARTESIAN_POINT ( 'NONE',  ( 0.000000000000000000, 4.049999999999999822, 2.175000000000000711 ) ) ;
#5653 = ORIENTED_EDGE ( 'NONE', *, *, #2079, .F. ) ;
#5654 = VERTEX_POINT ( 'NONE', #1610 ) ;
#5655 = ORIENTED_EDGE ( 'NONE', *, *, #787, .F. ) ;
#5656 = DIRECTION ( 'NONE',  ( 0.000000000000000000, 0.000000000000000000, -1.000000000000000000 ) ) ;
#5657 = LINE ( 'NONE', #3210, #727 ) ;
#5658 = DIRECTION ( 'NONE',  ( 0.000000000000000000, -0.7071067811865476838, -0.7071067811865474617 ) ) ;
#5659 = ADVANCED_FACE ( 'NONE', ( #4872 ), #5845, .F. ) ;
#5660 = DIRECTION ( 'NONE',  ( -0.000000000000000000, -0.000000000000000000, -1.000000000000000000 ) ) ;
#5661 = ORIENTED_EDGE ( 'NONE', *, *, #3188, .T. ) ;
#5662 = LINE ( 'NONE', #5109, #6249 ) ;
#5663 = LINE ( 'NONE', #3719, #4282 ) ;
#5664 = DIRECTION ( 'NONE',  ( 1.000000000000000000, -0.000000000000000000, -0.000000000000000000 ) ) ;
#5665 = LINE ( 'NONE', #1311, #162 ) ;
#5666 = CARTESIAN_POINT ( 'NONE',  ( 4.274999999999999467, 1.449999999999999956, 0.1750000000000000722 ) ) ;
#5667 = VECTOR ( 'NONE', #3468, 1000.000000000000000 ) ;
#5668 = VECTOR ( 'NONE', #1507, 1000.000000000000114 ) ;
#5669 = FILL_AREA_STYLE ('',( #3664 ) ) ;
#5670 = DIRECTION ( 'NONE',  ( 0.000000000000000000, 0.000000000000000000, 1.000000000000000000 ) ) ;
#5671 = CARTESIAN_POINT ( 'NONE',  ( 5.524999999999998579, 4.000000000000000000, -1.224999999999999645 ) ) ;
#5672 = ORIENTED_EDGE ( 'NONE', *, *, #332, .F. ) ;
#5673 = DIRECTION ( 'NONE',  ( 0.000000000000000000, 1.000000000000000000, 2.282530889443167515E-16 ) ) ;
#5674 = PLANE ( 'NONE',  #4904 ) ;
#5675 = CARTESIAN_POINT ( 'NONE',  ( 6.531793621149187601, 1.449999999999999956, -0.02500000000000060854 ) ) ;
#5676 = CARTESIAN_POINT ( 'NONE',  ( 3.124999999999999112, -6.123233995736742617E-17, 2.475000000000000089 ) ) ;
#5677 = CARTESIAN_POINT ( 'NONE',  ( 4.624999999999998224, 3.250000000000000000, 0.6750000000000004885 ) ) ;
#5678 = VERTEX_POINT ( 'NONE', #3901 ) ;
#5679 = EDGE_LOOP ( 'NONE', ( #4641, #5998, #3528, #2526 ) ) ;
#5680 = VERTEX_POINT ( 'NONE', #3487 ) ;
#5681 = VERTEX_POINT ( 'NONE', #1968 ) ;
#5682 = EDGE_CURVE ( 'NONE', #5312, #1453, #155, .T. ) ;
#5683 = DIRECTION ( 'NONE',  ( -1.000000000000000000, 0.000000000000000000, 0.000000000000000000 ) ) ;
#5684 = DIRECTION ( 'NONE',  ( 0.000000000000000000, -1.000000000000000000, 1.445602896647327084E-15 ) ) ;
#5685 = PLANE ( 'NONE',  #5156 ) ;
#5686 = ORIENTED_EDGE ( 'NONE', *, *, #1350, .T. ) ;
#5687 = ORIENTED_EDGE ( 'NONE', *, *, #816, .F. ) ;
#5688 = EDGE_LOOP ( 'NONE', ( #3046, #221, #3455, #3214 ) ) ;
#5689 = ADVANCED_FACE ( 'NONE', ( #2093 ), #4459, .F. ) ;
#5690 = VECTOR ( 'NONE', #2065, 1000.000000000000000 ) ;
#5691 = DIRECTION ( 'NONE',  ( -0.000000000000000000, 0.000000000000000000, 1.000000000000000000 ) ) ;
#5692 = EDGE_CURVE ( 'NONE', #2406, #679, #5375, .T. ) ;
#5693 = CARTESIAN_POINT ( 'NONE',  ( 7.375000000000000888, 1.899999999999999911, 1.825000000000000622 ) ) ;
#5694 = DIRECTION ( 'NONE',  ( 1.000000000000000000, -0.000000000000000000, -0.000000000000000000 ) ) ;
#5695 = CARTESIAN_POINT ( 'NONE',  ( 4.474999999999996980, -0.04999999999999567291, -2.474999999999999645 ) ) ;
#5696 = CARTESIAN_POINT ( 'NONE',  ( 3.025000000000005240, 4.049999999999999822, -1.775000000000000355 ) ) ;
#5697 = MECHANICAL_DESIGN_GEOMETRIC_PRESENTATION_REPRESENTATION (  '', ( #3866 ), #4391 ) ;
#5698 = EDGE_CURVE ( 'NONE', #775, #1589, #5401, .T. ) ;
#5699 = VERTEX_POINT ( 'NONE', #4970 ) ;
#5700 = EDGE_CURVE ( 'NONE', #2067, #3697, #1581, .T. ) ;
#5701 = CARTESIAN_POINT ( 'NONE',  ( 4.274999999999998579, 2.899999999999996803, -0.7749999999999999112 ) ) ;
#5702 = CARTESIAN_POINT ( 'NONE',  ( 4.474999999999997868, 4.049999999999999822, 0.4749999999999995337 ) ) ;
#5703 = DIRECTION ( 'NONE',  ( 0.000000000000000000, -1.000000000000000000, -0.000000000000000000 ) ) ;
#5704 = VERTEX_POINT ( 'NONE', #58 ) ;
#5705 = LINE ( 'NONE', #6098, #6020 ) ;
#5706 = EDGE_CURVE ( 'NONE', #5452, #3436, #3045, .T. ) ;
#5707 = VECTOR ( 'NONE', #4062, 1000.000000000000000 ) ;
#5708 = LINE ( 'NONE', #309, #3367 ) ;
#5709 = LINE ( 'NONE', #3231, #1201 ) ;
#5710 = DIRECTION ( 'NONE',  ( 0.000000000000000000, -1.000000000000000000, -0.000000000000000000 ) ) ;
#5711 = PLANE ( 'NONE',  #2991 ) ;
#5712 = ORIENTED_EDGE ( 'NONE', *, *, #4392, .F. ) ;
#5713 = VERTEX_POINT ( 'NONE', #2977 ) ;
#5714 = EDGE_CURVE ( 'NONE', #4939, #590, #3522, .T. ) ;
#5715 = CARTESIAN_POINT ( 'NONE',  ( 6.375000000000000888, 3.950000000000000178, 0.8749999999999996669 ) ) ;
#5716 = EDGE_CURVE ( 'NONE', #2943, #6061, #1999, .T. ) ;
#5717 = CARTESIAN_POINT ( 'NONE',  ( 3.724999999999999201, 4.049999999999999822, 0.4749999999999995337 ) ) ;
#5718 = DIRECTION ( 'NONE',  ( -1.000000000000000000, 0.000000000000000000, -0.000000000000000000 ) ) ;
#5719 = DIRECTION ( 'NONE',  ( -0.000000000000000000, -1.000000000000000000, -0.000000000000000000 ) ) ;
#5720 = VECTOR ( 'NONE', #2142, 1000.000000000000000 ) ;
#5721 = ORIENTED_EDGE ( 'NONE', *, *, #1651, .T. ) ;
#5722 = DIRECTION ( 'NONE',  ( -0.000000000000000000, -1.000000000000000000, -0.000000000000000000 ) ) ;
#5723 = LINE ( 'NONE', #5693, #1731 ) ;
#5724 = CARTESIAN_POINT ( 'NONE',  ( 6.531793621149187601, 3.050000000000000266, 0.000000000000000000 ) ) ;
#5725 = LINE ( 'NONE', #1371, #5749 ) ;
#5726 = EDGE_CURVE ( 'NONE', #2311, #1081, #642, .T. ) ;
#5727 = EDGE_CURVE ( 'NONE', #5907, #5312, #2504, .T. ) ;
#5728 = VERTEX_POINT ( 'NONE', #4040 ) ;
#5729 = VECTOR ( 'NONE', #2868, 1000.000000000000000 ) ;
#5730 = PLANE ( 'NONE',  #5778 ) ;
#5731 = CARTESIAN_POINT ( 'NONE',  ( -4.969259957225206264E-17, 4.049999999999999822, 0.2749999999999986344 ) ) ;
#5732 = CIRCLE ( 'NONE', #1064, 0.1000000000000000472 ) ;
#5733 = LINE ( 'NONE', #910, #466 ) ;
#5734 = ADVANCED_FACE ( 'NONE', ( #3016 ), #608, .F. ) ;
#5735 = ORIENTED_EDGE ( 'NONE', *, *, #2829, .T. ) ;
#5736 = DIRECTION ( 'NONE',  ( 1.000000000000000000, 0.000000000000000000, 0.000000000000000000 ) ) ;
#5737 = AXIS2_PLACEMENT_3D ( 'NONE', #6190, #1294, #404 ) ;
#5738 = ORIENTED_EDGE ( 'NONE', *, *, #787, .T. ) ;
#5739 = VECTOR ( 'NONE', #5587, 1000.000000000000000 ) ;
#5740 = EDGE_CURVE ( 'NONE', #5330, #5633, #1236, .T. ) ;
#5741 = VECTOR ( 'NONE', #4412, 1000.000000000000000 ) ;
#5742 = AXIS2_PLACEMENT_3D ( 'NONE', #4409, #1154, #4917 ) ;
#5743 = LINE ( 'NONE', #2939, #1582 ) ;
#5744 = CARTESIAN_POINT ( 'NONE',  ( 4.474999999999996980, 0.1792893218813485789, -1.745710678118654435 ) ) ;
#5745 = DIRECTION ( 'NONE',  ( 0.000000000000000000, -5.421010862427526114E-15, 1.000000000000000000 ) ) ;
#5746 = EDGE_CURVE ( 'NONE', #3326, #350, #2601, .T. ) ;
#5747 = CARTESIAN_POINT ( 'NONE',  ( -6.875000000000000000, 3.950000000000000178, -1.174999999999999822 ) ) ;
#5748 = ORIENTED_EDGE ( 'NONE', *, *, #4968, .T. ) ;
#5749 = VECTOR ( 'NONE', #5762, 1000.000000000000000 ) ;
#5750 = VECTOR ( 'NONE', #3168, 1000.000000000000000 ) ;
#5751 = EDGE_CURVE ( 'NONE', #4109, #3317, #4586, .T. ) ;
#5752 = ORIENTED_EDGE ( 'NONE', *, *, #3108, .T. ) ;
#5753 = DIRECTION ( 'NONE',  ( 0.000000000000000000, 0.000000000000000000, 1.000000000000000000 ) ) ;
#5754 = PLANE ( 'NONE',  #5639 ) ;
#5755 = CARTESIAN_POINT ( 'NONE',  ( 5.524999999999998579, 1.449999999999999956, 0.000000000000000000 ) ) ;
#5756 = DIRECTION ( 'NONE',  ( 0.000000000000000000, 0.000000000000000000, 1.000000000000000000 ) ) ;
#5757 = ORIENTED_EDGE ( 'NONE', *, *, #671, .T. ) ;
#5758 = DIRECTION ( 'NONE',  ( 0.000000000000000000, -1.000000000000000000, -0.000000000000000000 ) ) ;
#5759 = DIRECTION ( 'NONE',  ( -1.000000000000000000, 0.000000000000000000, -1.807003620809174632E-16 ) ) ;
#5760 = DIRECTION ( 'NONE',  ( 0.000000000000000000, -1.000000000000000000, -4.336808689941999494E-16 ) ) ;
#5761 = SURFACE_STYLE_USAGE ( .BOTH. , #6234 ) ;
#5762 = DIRECTION ( 'NONE',  ( -1.000000000000000000, -0.000000000000000000, -0.000000000000000000 ) ) ;
#5763 = ORIENTED_EDGE ( 'NONE', *, *, #4700, .T. ) ;
#5764 = VERTEX_POINT ( 'NONE', #5593 ) ;
#5765 =( NAMED_UNIT ( * ) SI_UNIT ( $, .STERADIAN. ) SOLID_ANGLE_UNIT ( ) );
#5766 = LINE ( 'NONE', #3856, #2697 ) ;
#5767 = DIRECTION ( 'NONE',  ( -1.084202172485505297E-16, 1.000000000000000000, 0.000000000000000000 ) ) ;
#5768 = VERTEX_POINT ( 'NONE', #3582 ) ;
#5769 = VECTOR ( 'NONE', #1860, 1000.000000000000114 ) ;
#5770 = EDGE_CURVE ( 'NONE', #3392, #5164, #2660, .T. ) ;
#5771 = EDGE_CURVE ( 'NONE', #2650, #67, #3171, .T. ) ;
#5772 = CARTESIAN_POINT ( 'NONE',  ( 4.474999999999996980, 1.449999999999999956, -0.02500000000000060854 ) ) ;
#5773 = DIRECTION ( 'NONE',  ( 0.000000000000000000, 1.000000000000000000, 0.000000000000000000 ) ) ;
#5774 = CARTESIAN_POINT ( 'NONE',  ( 4.624999999999998224, 2.649999999999998135, 1.075000000000000400 ) ) ;
#5775 = LINE ( 'NONE', #5652, #253 ) ;
#5776 = ORIENTED_EDGE ( 'NONE', *, *, #3484, .F. ) ;
#5777 = ADVANCED_FACE ( 'NONE', ( #6071 ), #4656, .F. ) ;
#5778 = AXIS2_PLACEMENT_3D ( 'NONE', #3854, #397, #1379 ) ;
#5779 = DIRECTION ( 'NONE',  ( 0.000000000000000000, -0.7071067811865381358, -0.7071067811865570096 ) ) ;
#5780 = CARTESIAN_POINT ( 'NONE',  ( 2.725000000000000089, 4.049999999999999822, -1.474999999999996536 ) ) ;
#5781 = PLANE ( 'NONE',  #1756 ) ;
#5782 = DIRECTION ( 'NONE',  ( 1.000000000000000000, 0.000000000000000000, 4.336808689942021680E-16 ) ) ;
#5783 = VERTEX_POINT ( 'NONE', #759 ) ;
#5784 = CARTESIAN_POINT ( 'NONE',  ( 4.474999999999996980, 0.3500000000000009215, -1.374999999999999778 ) ) ;
#5785 = LINE ( 'NONE', #4821, #631 ) ;
#5786 = CARTESIAN_POINT ( 'NONE',  ( 2.425000000000000266, 1.899999999999999689, 2.475000000000000533 ) ) ;
#5787 = ORIENTED_EDGE ( 'NONE', *, *, #1038, .T. ) ;
#5788 =( LENGTH_UNIT ( ) NAMED_UNIT ( * ) SI_UNIT ( .MILLI., .METRE. ) );
#5789 = DIRECTION ( 'NONE',  ( 0.000000000000000000, 0.000000000000000000, 1.000000000000000000 ) ) ;
#5790 = ORIENTED_EDGE ( 'NONE', *, *, #1733, .T. ) ;
#5791 = AXIS2_PLACEMENT_3D ( 'NONE', #3223, #3251, #4126 ) ;
#5792 = VECTOR ( 'NONE', #3459, 1000.000000000000000 ) ;
#5793 = VERTEX_POINT ( 'NONE', #5123 ) ;
#5794 = EDGE_CURVE ( 'NONE', #3496, #3836, #312, .T. ) ;
#5795 = FILL_AREA_STYLE_COLOUR ( '', #1111 ) ;
#5796 = DIRECTION ( 'NONE',  ( 0.000000000000000000, -1.000000000000000000, 0.000000000000000000 ) ) ;
#5797 = LINE ( 'NONE', #1440, #161 ) ;
#5798 = EDGE_CURVE ( 'NONE', #4538, #229, #1260, .T. ) ;
#5799 = CARTESIAN_POINT ( 'NONE',  ( 7.375000000000000888, 0.2500000000000000000, -0.3340169943749460302 ) ) ;
#5800 = ORIENTED_EDGE ( 'NONE', *, *, #1112, .T. ) ;
#5801 = CARTESIAN_POINT ( 'NONE',  ( 7.375000000000000888, -0.1499999999999963862, 0.3749999999999942268 ) ) ;
#5802 = LINE ( 'NONE', #4418, #5769 ) ;
#5803 = LINE ( 'NONE', #2916, #4328 ) ;
#5804 = ADVANCED_FACE ( 'NONE', ( #2249 ), #4071, .F. ) ;
#5805 = ORIENTED_EDGE ( 'NONE', *, *, #3666, .F. ) ;
#5806 = ORIENTED_EDGE ( 'NONE', *, *, #1082, .F. ) ;
#5807 = VECTOR ( 'NONE', #3926, 1000.000000000000000 ) ;
#5808 = EDGE_CURVE ( 'NONE', #550, #2277, #2695, .T. ) ;
#5809 = LINE ( 'NONE', #2407, #1567 ) ;
#5810 = STYLED_ITEM ( 'NONE', ( #152 ), #2589 ) ;
#5811 = CARTESIAN_POINT ( 'NONE',  ( 5.724999999999997868, -0.1499999999999963862, -1.474999999999999645 ) ) ;
#5812 = FACE_OUTER_BOUND ( 'NONE', #490, .T. ) ;
#5813 = ORIENTED_EDGE ( 'NONE', *, *, #4224, .T. ) ;
#5814 = ORIENTED_EDGE ( 'NONE', *, *, #2351, .T. ) ;
#5815 = CARTESIAN_POINT ( 'NONE',  ( 5.874999999999997335, 1.449999999999999956, 0.1750000000000000999 ) ) ;
#5816 = DIRECTION ( 'NONE',  ( -0.000000000000000000, -4.553649124439118623E-15, 1.000000000000000000 ) ) ;
#5817 = EDGE_CURVE ( 'NONE', #2988, #2578, #6103, .T. ) ;
#5818 = CARTESIAN_POINT ( 'NONE',  ( 4.474999999999996980, 0.1792893218813485512, -1.745710678118654435 ) ) ;
#5819 = VERTEX_POINT ( 'NONE', #3647 ) ;
#5820 = VECTOR ( 'NONE', #601, 1000.000000000000000 ) ;
#5821 =( LENGTH_UNIT ( ) NAMED_UNIT ( * ) SI_UNIT ( .MILLI., .METRE. ) );
#5822 = DIRECTION ( 'NONE',  ( -0.000000000000000000, 0.7071067811865474617, 0.7071067811865474617 ) ) ;
#5823 = VERTEX_POINT ( 'NONE', #730 ) ;
#5824 = VERTEX_POINT ( 'NONE', #3549 ) ;
#5825 = ORIENTED_EDGE ( 'NONE', *, *, #2413, .T. ) ;
#5826 = EDGE_CURVE ( 'NONE', #2012, #4846, #6008, .T. ) ;
#5827 = FACE_OUTER_BOUND ( 'NONE', #983, .T. ) ;
#5828 = CARTESIAN_POINT ( 'NONE',  ( 5.524999999999997691, -0.04999999999999568678, -2.474999999999999645 ) ) ;
#5829 = CARTESIAN_POINT ( 'NONE',  ( 4.274999999999998579, 1.016439536705160869E-17, 0.3750000000000000555 ) ) ;
#5830 = CARTESIAN_POINT ( 'NONE',  ( 4.474999999999996980, 0.3000000000000009881, -1.625000000000000888 ) ) ;
#5831 = VERTEX_POINT ( 'NONE', #4615 ) ;
#5832 = AXIS2_PLACEMENT_3D ( 'NONE', #5507, #3084, #650 ) ;
#5833 = VECTOR ( 'NONE', #4364, 1000.000000000000000 ) ;
#5834 = CARTESIAN_POINT ( 'NONE',  ( 7.875000000000000000, 4.049999999999999822, 0.6750000000000002665 ) ) ;
#5835 = CARTESIAN_POINT ( 'NONE',  ( 5.524999999999997691, -0.1499999999999963862, -1.474999999999999645 ) ) ;
#5836 = AXIS2_PLACEMENT_3D ( 'NONE', #1202, #4805, #3834 ) ;
#5837 = LINE ( 'NONE', #5369, #681 ) ;
#5838 = EDGE_LOOP ( 'NONE', ( #4937, #1639, #480, #5174 ) ) ;
#5839 = ORIENTED_EDGE ( 'NONE', *, *, #4004, .F. ) ;
#5840 = EDGE_CURVE ( 'NONE', #1711, #3236, #3200, .T. ) ;
#5841 = VECTOR ( 'NONE', #1332, 1000.000000000000000 ) ;
#5842 = VECTOR ( 'NONE', #635, 1000.000000000000000 ) ;
#5843 = FACE_OUTER_BOUND ( 'NONE', #1245, .T. ) ;
#5844 = AXIS2_PLACEMENT_3D ( 'NONE', #1452, #3365, #2318 ) ;
#5845 = PLANE ( 'NONE',  #1570 ) ;
#5846 = VECTOR ( 'NONE', #4211, 999.9999999999998863 ) ;
#5847 = ORIENTED_EDGE ( 'NONE', *, *, #2507, .F. ) ;
#5848 = ORIENTED_EDGE ( 'NONE', *, *, #5247, .T. ) ;
#5849 = LINE ( 'NONE', #583, #605 ) ;
#5850 = EDGE_CURVE ( 'NONE', #4472, #5594, #3113, .T. ) ;
#5851 = DIRECTION ( 'NONE',  ( -4.353108952907898122E-16, -0.9284766908852604139, 0.3713906763541011125 ) ) ;
#5852 = CARTESIAN_POINT ( 'NONE',  ( 5.724999999999997868, 0.3000000000000009881, -1.625000000000000888 ) ) ;
#5853 = VERTEX_POINT ( 'NONE', #1642 ) ;
#5854 = EDGE_LOOP ( 'NONE', ( #2332, #11, #5787, #1356 ) ) ;
#5855 = CARTESIAN_POINT ( 'NONE',  ( 0.000000000000000000, 0.000000000000000000, 0.000000000000000000 ) ) ;
#5856 = ORIENTED_EDGE ( 'NONE', *, *, #3174, .F. ) ;
#5857 = DIRECTION ( 'NONE',  ( 0.000000000000000000, 0.000000000000000000, 1.000000000000000000 ) ) ;
#5858 = VERTEX_POINT ( 'NONE', #5531 ) ;
#5859 = VERTEX_POINT ( 'NONE', #1140 ) ;
#5860 = EDGE_CURVE ( 'NONE', #1355, #4763, #1675, .T. ) ;
#5861 = CARTESIAN_POINT ( 'NONE',  ( 4.274999999999997691, 0.4999999999999998890, -0.8249999999999997335 ) ) ;
#5862 = LINE ( 'NONE', #1496, #3040 ) ;
#5863 = DIRECTION ( 'NONE',  ( 0.000000000000000000, -0.8320502943378444982, 0.5547001962252280372 ) ) ;
#5864 = CARTESIAN_POINT ( 'NONE',  ( 4.274999999999997691, -0.1499999999999963862, -1.474999999999999645 ) ) ;
#5865 = ORIENTED_EDGE ( 'NONE', *, *, #3475, .F. ) ;
#5866 = ORIENTED_EDGE ( 'NONE', *, *, #5929, .T. ) ;
#5867 = DIRECTION ( 'NONE',  ( 0.000000000000000000, -1.000000000000000000, -1.251002506714043540E-16 ) ) ;
#5868 = CARTESIAN_POINT ( 'NONE',  ( 6.000000000000000888, 4.049999999999999822, 0.5750000000000010658 ) ) ;
#5869 = LINE ( 'NONE', #531, #5047 ) ;
#5870 = VERTEX_POINT ( 'NONE', #3078 ) ;
#5871 = VECTOR ( 'NONE', #3169, 1000.000000000000000 ) ;
#5872 = STYLED_ITEM ( 'NONE', ( #818 ), #4711 ) ;
#5873 = CARTESIAN_POINT ( 'NONE',  ( 5.669910864525444794, 1.899999999999999911, 1.825000000000000622 ) ) ;
#5874 = CARTESIAN_POINT ( 'NONE',  ( 4.274999999999997691, 0.1500000000000032419, -2.474999999999999645 ) ) ;
#5875 = ADVANCED_FACE ( 'NONE', ( #5031 ), #676, .T. ) ;
#5876 = EDGE_LOOP ( 'NONE', ( #4613, #808, #5040, #2228 ) ) ;
#5877 = ORIENTED_EDGE ( 'NONE', *, *, #5770, .F. ) ;
#5878 = EDGE_LOOP ( 'NONE', ( #413, #3187, #191, #6040 ) ) ;
#5879 = LINE ( 'NONE', #4499, #2421 ) ;
#5880 = PLANE ( 'NONE',  #4494 ) ;
#5881 = CARTESIAN_POINT ( 'NONE',  ( 3.724999999999999201, 4.049999999999999822, 0.000000000000000000 ) ) ;
#5882 = ORIENTED_EDGE ( 'NONE', *, *, #1016, .F. ) ;
#5883 = ORIENTED_EDGE ( 'NONE', *, *, #2553, .F. ) ;
#5884 = SHAPE_DEFINITION_REPRESENTATION ( #1461, #3300 ) ;
#5885 = ORIENTED_EDGE ( 'NONE', *, *, #4430, .F. ) ;
#5886 = FACE_OUTER_BOUND ( 'NONE', #1046, .T. ) ;
#5887 = EDGE_CURVE ( 'NONE', #5199, #3163, #1354, .T. ) ;
#5888 = ORIENTED_EDGE ( 'NONE', *, *, #61, .F. ) ;
#5889 = ORIENTED_EDGE ( 'NONE', *, *, #1481, .F. ) ;
#5890 = EDGE_CURVE ( 'NONE', #4428, #4778, #680, .T. ) ;
#5891 = CARTESIAN_POINT ( 'NONE',  ( 3.025000000000000799, 4.049999999999999822, 0.9749999999999993117 ) ) ;
#5892 = DIRECTION ( 'NONE',  ( 0.000000000000000000, -0.000000000000000000, -1.000000000000000000 ) ) ;
#5893 = CARTESIAN_POINT ( 'NONE',  ( 2.425000000000000266, 1.899999999999999911, 1.825000000000000622 ) ) ;
#5894 = DIRECTION ( 'NONE',  ( 1.000000000000000000, 0.000000000000000000, 0.000000000000000000 ) ) ;
#5895 = CARTESIAN_POINT ( 'NONE',  ( 5.724999999999997868, -0.1499999999999963862, -2.374999999999999112 ) ) ;
#5896 = CARTESIAN_POINT ( 'NONE',  ( 7.174999999999999822, 3.149999999999999911, 2.475000000000000089 ) ) ;
#5897 = EDGE_CURVE ( 'NONE', #2571, #3849, #437, .T. ) ;
#5898 = EDGE_LOOP ( 'NONE', ( #92, #1463, #3418, #5813 ) ) ;
#5899 = EDGE_CURVE ( 'NONE', #6018, #3667, #2369, .T. ) ;
#5900 = AXIS2_PLACEMENT_3D ( 'NONE', #2928, #989, #4760 ) ;
#5901 = LINE ( 'NONE', #1536, #2266 ) ;
#5902 = CARTESIAN_POINT ( 'NONE',  ( 5.724999999999997868, 0.1000000000000020872, -1.224999999999998312 ) ) ;
#5903 = CARTESIAN_POINT ( 'NONE',  ( 2.225000000000000533, 2.349999999999999645, 1.675000000000000266 ) ) ;
#5904 = ORIENTED_EDGE ( 'NONE', *, *, #1553, .F. ) ;
#5905 = CARTESIAN_POINT ( 'NONE',  ( 7.875000000000000000, 0.000000000000000000, 2.475000000000000089 ) ) ;
#5906 = EDGE_CURVE ( 'NONE', #2633, #2643, #2306, .T. ) ;
#5907 = VERTEX_POINT ( 'NONE', #1903 ) ;
#5908 = PLANE ( 'NONE',  #4531 ) ;
#5909 = CARTESIAN_POINT ( 'NONE',  ( 5.375000000000001776, 2.250000000000000000, 1.075000000000000400 ) ) ;
#5910 = AXIS2_PLACEMENT_3D ( 'NONE', #875, #2814, #2326 ) ;
#5911 = ORIENTED_EDGE ( 'NONE', *, *, #4735, .T. ) ;
#5912 = EDGE_LOOP ( 'NONE', ( #3653, #5483, #2450, #4003, #4590, #1362, #423, #5192 ) ) ;
#5913 = ORIENTED_EDGE ( 'NONE', *, *, #5285, .F. ) ;
#5914 = EDGE_CURVE ( 'NONE', #3059, #341, #4921, .T. ) ;
#5915 = DIRECTION ( 'NONE',  ( 0.000000000000000000, 1.000000000000000000, 5.421010862427520198E-16 ) ) ;
#5916 = DIRECTION ( 'NONE',  ( 1.000000000000000000, 0.000000000000000000, 0.000000000000000000 ) ) ;
#5917 = FACE_OUTER_BOUND ( 'NONE', #3193, .T. ) ;
#5918 = VERTEX_POINT ( 'NONE', #5220 ) ;
#5919 = ORIENTED_EDGE ( 'NONE', *, *, #6092, .F. ) ;
#5920 = DIRECTION ( 'NONE',  ( 0.000000000000000000, -1.000000000000000000, 8.642948658383689284E-16 ) ) ;
#5921 = EDGE_LOOP ( 'NONE', ( #1183, #4769, #5616, #5114 ) ) ;
#5922 = ORIENTED_EDGE ( 'NONE', *, *, #250, .F. ) ;
#5923 = ORIENTED_EDGE ( 'NONE', *, *, #4901, .T. ) ;
#5924 = DIRECTION ( 'NONE',  ( 0.000000000000000000, -0.000000000000000000, -1.000000000000000000 ) ) ;
#5925 = LINE ( 'NONE', #2073, #4055 ) ;
#5926 = DIRECTION ( 'NONE',  ( 0.000000000000000000, -1.000000000000000000, -3.252606517456514091E-15 ) ) ;
#5927 = DIRECTION ( 'NONE',  ( -1.000000000000000000, 0.000000000000000000, 0.000000000000000000 ) ) ;
#5928 = DIRECTION ( 'NONE',  ( -1.000000000000000000, -0.000000000000000000, -0.000000000000000000 ) ) ;
#5929 = EDGE_CURVE ( 'NONE', #5713, #4525, #2276, .T. ) ;
#5930 = DIRECTION ( 'NONE',  ( -0.000000000000000000, 0.000000000000000000, 1.000000000000000000 ) ) ;
#5931 = ADVANCED_FACE ( 'NONE', ( #890 ), #3356, .F. ) ;
#5932 = ORIENTED_EDGE ( 'NONE', *, *, #2822, .F. ) ;
#5933 = ORIENTED_EDGE ( 'NONE', *, *, #4244, .T. ) ;
#5934 = EDGE_CURVE ( 'NONE', #2308, #2311, #4290, .T. ) ;
#5935 = CARTESIAN_POINT ( 'NONE',  ( 3.624999999999999556, 1.449999999999999956, 0.8749999999999996669 ) ) ;
#5936 = DIRECTION ( 'NONE',  ( -1.000000000000000000, 0.000000000000000000, 0.000000000000000000 ) ) ;
#5937 = LINE ( 'NONE', #1104, #2383 ) ;
#5938 = ORIENTED_EDGE ( 'NONE', *, *, #411, .F. ) ;
#5939 = EDGE_CURVE ( 'NONE', #6289, #2030, #2882, .T. ) ;
#5940 = AXIS2_PLACEMENT_3D ( 'NONE', #2256, #3119, #5073 ) ;
#5941 = FACE_OUTER_BOUND ( 'NONE', #5335, .T. ) ;
#5942 = DIRECTION ( 'NONE',  ( 1.000000000000000000, -0.000000000000000000, -0.000000000000000000 ) ) ;
#5943 = ORIENTED_EDGE ( 'NONE', *, *, #1691, .T. ) ;
#5944 = ORIENTED_EDGE ( 'NONE', *, *, #1767, .T. ) ;
#5945 = VECTOR ( 'NONE', #4842, 1000.000000000000000 ) ;
#5946 = VECTOR ( 'NONE', #4251, 1000.000000000000000 ) ;
#5947 = VERTEX_POINT ( 'NONE', #4229 ) ;
#5948 = VECTOR ( 'NONE', #2712, 1000.000000000000000 ) ;
#5949 = AXIS2_PLACEMENT_3D ( 'NONE', #4239, #3744, #1334 ) ;
#5951 = DIRECTION ( 'NONE',  ( 1.000000000000000000, -0.000000000000000000, -0.000000000000000000 ) ) ;
#5950 = VECTOR ( 'NONE', #179, 1000.000000000000000 ) ;
#5952 = PLANE ( 'NONE',  #3759 ) ;
#5953 = CARTESIAN_POINT ( 'NONE',  ( 2.725000000000000089, 4.049999999999999822, 0.000000000000000000 ) ) ;
#5954 = ORIENTED_EDGE ( 'NONE', *, *, #2271, .T. ) ;
#5955 = EDGE_LOOP ( 'NONE', ( #3938, #5919, #134, #4301 ) ) ;
#5956 = PRODUCT_CONTEXT ( 'NONE', #173, 'mechanical' ) ;
#5957 = EDGE_LOOP ( 'NONE', ( #4443, #5655, #2244, #1215 ) ) ;
#5958 = DIRECTION ( 'NONE',  ( 1.000000000000000000, 0.000000000000000000, 0.000000000000000000 ) ) ;
#5959 = ORIENTED_EDGE ( 'NONE', *, *, #2895, .F. ) ;
#5960 = VECTOR ( 'NONE', #517, 1000.000000000000000 ) ;
#5961 = VERTEX_POINT ( 'NONE', #2790 ) ;
#5962 = AXIS2_PLACEMENT_3D ( 'NONE', #4225, #6156, #3731 ) ;
#5963 = CARTESIAN_POINT ( 'NONE',  ( 5.524999999999997691, 0.1792893218813485512, -1.745710678118654435 ) ) ;
#5964 = DIRECTION ( 'NONE',  ( 0.000000000000000000, 0.000000000000000000, -1.000000000000000000 ) ) ;
#5965 = CARTESIAN_POINT ( 'NONE',  ( 5.524999999999997691, 0.4999999999999998890, -0.8249999999999997335 ) ) ;
#5966 = FACE_OUTER_BOUND ( 'NONE', #938, .T. ) ;
#5967 = CARTESIAN_POINT ( 'NONE',  ( -4.299999999999998934, 0.000000000000000000, 0.6750000000000004885 ) ) ;
#5968 = CARTESIAN_POINT ( 'NONE',  ( 4.274999999999999467, 1.449999999999999956, -1.224999999999999645 ) ) ;
#5969 = ORIENTED_EDGE ( 'NONE', *, *, #560, .F. ) ;
#5970 = VERTEX_POINT ( 'NONE', #6159 ) ;
#5971 = PLANE ( 'NONE',  #549 ) ;
#5972 = LINE ( 'NONE', #3517, #89 ) ;
#5973 = DIRECTION ( 'NONE',  ( 0.000000000000000000, -1.000000000000000000, -0.000000000000000000 ) ) ;
#5974 = DIRECTION ( 'NONE',  ( 0.000000000000000000, 3.252606517456514091E-15, -1.000000000000000000 ) ) ;
#5975 = ORIENTED_EDGE ( 'NONE', *, *, #3638, .F. ) ;
#5976 = ADVANCED_FACE ( 'NONE', ( #5280 ), #5711, .T. ) ;
#5977 = LINE ( 'NONE', #2569, #1775 ) ;
#5978 = DIRECTION ( 'NONE',  ( 0.000000000000000000, 1.000000000000000000, 0.000000000000000000 ) ) ;
#5979 = ORIENTED_EDGE ( 'NONE', *, *, #5322, .T. ) ;
#5980 = EDGE_CURVE ( 'NONE', #904, #2728, #1832, .T. ) ;
#5981 = ORIENTED_EDGE ( 'NONE', *, *, #1195, .T. ) ;
#5982 = VECTOR ( 'NONE', #2281, 1000.000000000000000 ) ;
#5983 = VECTOR ( 'NONE', #4748, 1000.000000000000000 ) ;
#5984 = DIRECTION ( 'NONE',  ( 1.000000000000000000, 0.000000000000000000, 0.000000000000000000 ) ) ;
#5985 = LINE ( 'NONE', #5038, #5596 ) ;
#5986 = CARTESIAN_POINT ( 'NONE',  ( -7.875000000000000000, 4.049999999999999822, 2.475000000000000089 ) ) ;
#5987 = ORIENTED_EDGE ( 'NONE', *, *, #5617, .F. ) ;
#5988 = VERTEX_POINT ( 'NONE', #2492 ) ;
#5989 = DIRECTION ( 'NONE',  ( -1.000000000000000000, 0.000000000000000000, -0.000000000000000000 ) ) ;
#5990 = ORIENTED_EDGE ( 'NONE', *, *, #2198, .T. ) ;
#5991 = VERTEX_POINT ( 'NONE', #4451 ) ;
#5992 = FACE_OUTER_BOUND ( 'NONE', #2514, .T. ) ;
#5993 = DIRECTION ( 'NONE',  ( 0.000000000000000000, 0.000000000000000000, 1.000000000000000000 ) ) ;
#5994 = CARTESIAN_POINT ( 'NONE',  ( 5.724999999999997868, 0.3000000000000009881, -1.625000000000000888 ) ) ;
#5995 = DIRECTION ( 'NONE',  ( 0.000000000000000000, -1.000000000000000000, 0.000000000000000000 ) ) ;
#5996 = CARTESIAN_POINT ( 'NONE',  ( 4.474999999999998757, 2.899999999999996803, -0.7749999999999999112 ) ) ;
#5997 = CARTESIAN_POINT ( 'NONE',  ( 4.474999999999996980, 0.3000000000000009881, -1.625000000000000888 ) ) ;
#5998 = ORIENTED_EDGE ( 'NONE', *, *, #2321, .T. ) ;
#5999 = ADVANCED_FACE ( 'NONE', ( #1772 ), #3735, .T. ) ;
#6000 = FILL_AREA_STYLE ('',( #4995 ) ) ;
#6001 = EDGE_CURVE ( 'NONE', #34, #5012, #5775, .T. ) ;
#6002 = CARTESIAN_POINT ( 'NONE',  ( 7.774999999999999467, 2.349999999999999645, 1.675000000000000266 ) ) ;
#6003 = PLANE ( 'NONE',  #5146 ) ;
#6004 =( NAMED_UNIT ( * ) SI_UNIT ( $, .STERADIAN. ) SOLID_ANGLE_UNIT ( ) );
#6005 = PRESENTATION_LAYER_ASSIGNMENT (  '', '', ( #1629 ) ) ;
#6006 = VECTOR ( 'NONE', #2445, 1000.000000000000000 ) ;
#6007 = CARTESIAN_POINT ( 'NONE',  ( 4.474999999999996980, 0.1500000000000032419, -2.474999999999999645 ) ) ;
#6008 = LINE ( 'NONE', #2182, #1779 ) ;
#6009 = VERTEX_POINT ( 'NONE', #3768 ) ;
#6010 = AXIS2_PLACEMENT_3D ( 'NONE', #5516, #4544, #4479 ) ;
#6011 = ORIENTED_EDGE ( 'NONE', *, *, #3013, .F. ) ;
#6012 = VERTEX_POINT ( 'NONE', #5677 ) ;
#6013 = EDGE_CURVE ( 'NONE', #2884, #6139, #5253, .T. ) ;
#6014 = DIRECTION ( 'NONE',  ( 0.000000000000000000, -1.000000000000000000, -1.251002506714043540E-16 ) ) ;
#6015 = CARTESIAN_POINT ( 'NONE',  ( 2.425000000000000266, 0.5999999999999999778, 0.2250000000000008105 ) ) ;
#6016 = DIRECTION ( 'NONE',  ( -0.000000000000000000, -1.000000000000000000, -0.000000000000000000 ) ) ;
#6017 = ORIENTED_EDGE ( 'NONE', *, *, #2624, .T. ) ;
#6018 = VERTEX_POINT ( 'NONE', #5311 ) ;
#6019 = EDGE_CURVE ( 'NONE', #3085, #1503, #948, .T. ) ;
#6020 = VECTOR ( 'NONE', #6216, 1000.000000000000000 ) ;
#6021 = EDGE_CURVE ( 'NONE', #4009, #3161, #5084, .T. ) ;
#6022 = DIRECTION ( 'NONE',  ( 1.000000000000000000, 0.000000000000000000, 0.000000000000000000 ) ) ;
#6023 = EDGE_CURVE ( 'NONE', #2590, #299, #5460, .T. ) ;
#6024 = LINE ( 'NONE', #5893, #4183 ) ;
#6025 = FACE_OUTER_BOUND ( 'NONE', #1392, .T. ) ;
#6026 = DIRECTION ( 'NONE',  ( 0.000000000000000000, 1.000000000000000000, 0.000000000000000000 ) ) ;
#6027 = LINE ( 'NONE', #3067, #5115 ) ;
#6028 = ORIENTED_EDGE ( 'NONE', *, *, #4255, .F. ) ;
#6029 = ADVANCED_FACE ( 'NONE', ( #3096 ), #4088, .F. ) ;
#6030 = CARTESIAN_POINT ( 'NONE',  ( 4.474999999999996980, -0.04999999999999636680, -2.375000000000000000 ) ) ;
#6031 = DIRECTION ( 'NONE',  ( 0.000000000000000000, -1.000000000000000000, 0.000000000000000000 ) ) ;
#6032 = DIRECTION ( 'NONE',  ( -1.000000000000000000, 0.000000000000000000, -0.000000000000000000 ) ) ;
#6033 = DIRECTION ( 'NONE',  ( 0.000000000000000000, 1.000000000000000000, 0.000000000000000000 ) ) ;
#6034 = LINE ( 'NONE', #1234, #1981 ) ;
#6035 = CARTESIAN_POINT ( 'NONE',  ( 4.274999999999999467, 1.449999999999999956, -1.224999999999999645 ) ) ;
#6036 = ORIENTED_EDGE ( 'NONE', *, *, #3445, .F. ) ;
#6037 = ORIENTED_EDGE ( 'NONE', *, *, #1199, .F. ) ;
#6038 = EDGE_CURVE ( 'NONE', #791, #100, #1098, .T. ) ;
#6039 = ORIENTED_EDGE ( 'NONE', *, *, #1868, .T. ) ;
#6040 = ORIENTED_EDGE ( 'NONE', *, *, #2351, .F. ) ;
#6041 = VECTOR ( 'NONE', #451, 1000.000000000000000 ) ;
#6042 = AXIS2_PLACEMENT_3D ( 'NONE', #5400, #4969, #2944 ) ;
#6043 = DIRECTION ( 'NONE',  ( -1.000000000000000000, -0.000000000000000000, -0.000000000000000000 ) ) ;
#6044 = AXIS2_PLACEMENT_3D ( 'NONE', #3703, #3324, #6222 ) ;
#6045 = DIRECTION ( 'NONE',  ( -0.5773502691896266192, 0.5773502691896266192, -0.5773502691896240657 ) ) ;
#6046 = EDGE_LOOP ( 'NONE', ( #2009, #5623, #1116, #5076 ) ) ;
#6047 = CARTESIAN_POINT ( 'NONE',  ( 6.724999999999999645, 4.049999999999999822, 2.375000000000000444 ) ) ;
#6048 = VERTEX_POINT ( 'NONE', #4481 ) ;
#6049 = ORIENTED_EDGE ( 'NONE', *, *, #142, .F. ) ;
#6050 = ADVANCED_FACE ( 'NONE', ( #3066 ), #3539, .F. ) ;
#6051 = CIRCLE ( 'NONE', #2902, 0.05000000000000012768 ) ;
#6052 = VECTOR ( 'NONE', #2014, 1000.000000000000000 ) ;
#6053 = AXIS2_PLACEMENT_3D ( 'NONE', #1530, #4992, #4515 ) ;
#6054 = EDGE_CURVE ( 'NONE', #2919, #5819, #5054, .T. ) ;
#6055 = DIRECTION ( 'NONE',  ( 1.000000000000000000, 0.000000000000000000, 0.000000000000000000 ) ) ;
#6056 = CARTESIAN_POINT ( 'NONE',  ( 7.875000000000000000, 1.800000000000000044, -1.175000000000000044 ) ) ;
#6057 = LINE ( 'NONE', #4210, #777 ) ;
#6058 = AXIS2_PLACEMENT_3D ( 'NONE', #4108, #3652, #1244 ) ;
#6059 = CARTESIAN_POINT ( 'NONE',  ( 5.524999999999998579, 1.449999999999999956, -0.7749999999999999112 ) ) ;
#6060 = LINE ( 'NONE', #5997, #942 ) ;
#6061 = VERTEX_POINT ( 'NONE', #695 ) ;
#6062 = EDGE_CURVE ( 'NONE', #4377, #1974, #664, .T. ) ;
#6063 = PLANE ( 'NONE',  #314 ) ;
#6064 = CARTESIAN_POINT ( 'NONE',  ( 4.624999999999998224, 3.950000000000000178, 0.3750000000000000555 ) ) ;
#6065 = CARTESIAN_POINT ( 'NONE',  ( 7.375000000000000000, 3.950000000000000178, -1.374999999999997558 ) ) ;
#6066 = ORIENTED_EDGE ( 'NONE', *, *, #3728, .F. ) ;
#6067 = DIRECTION ( 'NONE',  ( 0.000000000000000000, 1.000000000000000000, 0.000000000000000000 ) ) ;
#6068 = DIRECTION ( 'NONE',  ( -1.000000000000000000, 0.000000000000000000, 1.807003620809174632E-16 ) ) ;
#6069 = CARTESIAN_POINT ( 'NONE',  ( 2.624999999999999556, 0.2500000000000000000, 0.2250000000000008105 ) ) ;
#6070 = ADVANCED_FACE ( 'NONE', ( #1662 ), #5489, .T. ) ;
#6071 = FACE_OUTER_BOUND ( 'NONE', #1044, .T. ) ;
#6072 = ORIENTED_EDGE ( 'NONE', *, *, #2051, .F. ) ;
#6073 = ORIENTED_EDGE ( 'NONE', *, *, #3988, .T. ) ;
#6074 = VERTEX_POINT ( 'NONE', #3600 ) ;
#6075 = EDGE_LOOP ( 'NONE', ( #2216, #4053, #4090, #2495 ) ) ;
#6076 = EDGE_CURVE ( 'NONE', #4109, #2378, #2559, .T. ) ;
#6077 = LINE ( 'NONE', #6137, #4592 ) ;
#6078 = DIRECTION ( 'NONE',  ( 0.000000000000000000, 0.000000000000000000, 1.000000000000000000 ) ) ;
#6079 = LINE ( 'NONE', #2258, #1886 ) ;
#6080 = ORIENTED_EDGE ( 'NONE', *, *, #4931, .F. ) ;
#6081 = ORIENTED_EDGE ( 'NONE', *, *, #496, .T. ) ;
#6082 = VECTOR ( 'NONE', #2, 1000.000000000000000 ) ;
#6083 = FACE_OUTER_BOUND ( 'NONE', #4549, .T. ) ;
#6084 = VECTOR ( 'NONE', #3103, 1000.000000000000000 ) ;
#6085 = DIRECTION ( 'NONE',  ( 1.000000000000000000, 0.000000000000000000, 0.000000000000000000 ) ) ;
#6086 = EDGE_CURVE ( 'NONE', #897, #6061, #2108, .T. ) ;
#6087 = DIRECTION ( 'NONE',  ( 0.000000000000000000, 0.000000000000000000, 1.000000000000000000 ) ) ;
#6088 = DIRECTION ( 'NONE',  ( 1.000000000000000000, -0.000000000000000000, 0.000000000000000000 ) ) ;
#6089 = CARTESIAN_POINT ( 'NONE',  ( 2.125000000000000000, 2.349999999999999645, 1.675000000000000266 ) ) ;
#6090 = ORIENTED_EDGE ( 'NONE', *, *, #4012, .F. ) ;
#6091 = VECTOR ( 'NONE', #2487, 1000.000000000000000 ) ;
#6092 = EDGE_CURVE ( 'NONE', #213, #1974, #4026, .T. ) ;
#6093 = CARTESIAN_POINT ( 'NONE',  ( 2.225000000000000533, 4.049999999999999822, 1.675000000000000266 ) ) ;
#6094 = FACE_OUTER_BOUND ( 'NONE', #5092, .T. ) ;
#6095 = ADVANCED_FACE ( 'NONE', ( #1127 ), #4574, .F. ) ;
#6096 = DIRECTION ( 'NONE',  ( 0.000000000000000000, 1.000000000000000000, 0.000000000000000000 ) ) ;
#6097 = ORIENTED_EDGE ( 'NONE', *, *, #5860, .F. ) ;
#6098 = CARTESIAN_POINT ( 'NONE',  ( 7.375000000000000000, 3.399999999999999911, 0.1750000000000001554 ) ) ;
#6099 = CARTESIAN_POINT ( 'NONE',  ( 7.375000000000000000, 0.000000000000000000, -1.374999999999997558 ) ) ;
#6100 = LINE ( 'NONE', #3766, #2828 ) ;
#6101 = EDGE_CURVE ( 'NONE', #4874, #4914, #79, .T. ) ;
#6102 = CARTESIAN_POINT ( 'NONE',  ( 4.624999999999998224, 2.250000000000000000, 0.6750000000000004885 ) ) ;
#6103 = LINE ( 'NONE', #6035, #5242 ) ;
#6104 = ORIENTED_EDGE ( 'NONE', *, *, #4976, .F. ) ;
#6105 = AXIS2_PLACEMENT_3D ( 'NONE', #3870, #478, #2858 ) ;
#6106 = ORIENTED_EDGE ( 'NONE', *, *, #5405, .F. ) ;
#6107 = AXIS2_PLACEMENT_3D ( 'NONE', #2231, #1694, #6085 ) ;
#6108 = DIRECTION ( 'NONE',  ( 0.000000000000000000, 0.000000000000000000, -1.000000000000000000 ) ) ;
#6109 = DIRECTION ( 'NONE',  ( 0.000000000000000000, 0.000000000000000000, 1.000000000000000000 ) ) ;
#6110 = CARTESIAN_POINT ( 'NONE',  ( 2.225000000000000533, 2.349999999999999645, 0.6750000000000002665 ) ) ;
#6111 = DIRECTION ( 'NONE',  ( -0.000000000000000000, -0.000000000000000000, 1.000000000000000000 ) ) ;
#6112 = ORIENTED_EDGE ( 'NONE', *, *, #2885, .T. ) ;
#6113 = ORIENTED_EDGE ( 'NONE', *, *, #5285, .T. ) ;
#6114 = VERTEX_POINT ( 'NONE', #1189 ) ;
#6115 = DIRECTION ( 'NONE',  ( 0.000000000000000000, -0.7071067811865475727, 0.7071067811865475727 ) ) ;
#6116 = LINE ( 'NONE', #2646, #5101 ) ;
#6117 = PLANE ( 'NONE',  #4123 ) ;
#6118 = DIRECTION ( 'NONE',  ( -1.000000000000000000, -0.000000000000000000, -0.000000000000000000 ) ) ;
#6119 = LINE ( 'NONE', #3690, #3166 ) ;
#6120 = AXIS2_PLACEMENT_3D ( 'NONE', #5830, #5364, #2910 ) ;
#6121 = EDGE_LOOP ( 'NONE', ( #2641, #4794, #1813, #827 ) ) ;
#6122 = DIRECTION ( 'NONE',  ( 1.000000000000000000, 0.000000000000000000, 0.000000000000000000 ) ) ;
#6123 = LINE ( 'NONE', #2748, #3037 ) ;
#6124 = CARTESIAN_POINT ( 'NONE',  ( 7.375000000000000888, 0.5999999999999999778, 0.2250000000000008105 ) ) ;
#6125 = DIRECTION ( 'NONE',  ( 0.000000000000000000, 0.000000000000000000, -1.000000000000000000 ) ) ;
#6126 = EDGE_LOOP ( 'NONE', ( #893, #2483, #961, #4346, #445, #5371 ) ) ;
#6127 = EDGE_CURVE ( 'NONE', #1198, #3377, #1158, .T. ) ;
#6128 = CARTESIAN_POINT ( 'NONE',  ( 7.875000000000000000, 4.049999999999999822, 0.2749999999999996336 ) ) ;
#6129 = DIRECTION ( 'NONE',  ( -0.5773502691896257311, 0.5773502691896257311, 0.5773502691896257311 ) ) ;
#6130 = LINE ( 'NONE', #5621, #1876 ) ;
#6131 = ADVANCED_FACE ( 'NONE', ( #2049 ), #1562, .F. ) ;
#6132 = DIRECTION ( 'NONE',  ( 0.000000000000000000, 0.000000000000000000, -1.000000000000000000 ) ) ;
#6133 = ORIENTED_EDGE ( 'NONE', *, *, #4555, .T. ) ;
#6134 = VERTEX_POINT ( 'NONE', #5020 ) ;
#6135 = ORIENTED_EDGE ( 'NONE', *, *, #1313, .T. ) ;
#6136 = CARTESIAN_POINT ( 'NONE',  ( 4.474999999999998757, 3.299999999999999822, -0.7749999999999999112 ) ) ;
#6137 = CARTESIAN_POINT ( 'NONE',  ( 7.625000000000000000, 3.399999999999999911, 0.1750000000000002387 ) ) ;
#6138 = FACE_OUTER_BOUND ( 'NONE', #737, .T. ) ;
#6139 = VERTEX_POINT ( 'NONE', #5996 ) ;
#6140 = CARTESIAN_POINT ( 'NONE',  ( 10.00000000000000000, 2.899999999999996803, -0.7749999999999999112 ) ) ;
#6141 = ORIENTED_EDGE ( 'NONE', *, *, #6013, .T. ) ;
#6142 = VECTOR ( 'NONE', #1200, 1000.000000000000000 ) ;
#6143 = CARTESIAN_POINT ( 'NONE',  ( -6.875000000000000000, 3.950000000000000178, 0.3750000000000001110 ) ) ;
#6144 = DIRECTION ( 'NONE',  ( 0.4472135954999579277, 0.8944271909999158554, -0.000000000000000000 ) ) ;
#6145 = DIRECTION ( 'NONE',  ( 0.000000000000000000, -1.000000000000000000, 2.710505431213761393E-17 ) ) ;
#6146 = DIRECTION ( 'NONE',  ( 1.000000000000000000, 0.000000000000000000, -0.000000000000000000 ) ) ;
#6147 = CARTESIAN_POINT ( 'NONE',  ( 6.531793621149187601, 3.450000000000001510, 1.870248747537497357E-14 ) ) ;
#6148 = AXIS2_PLACEMENT_3D ( 'NONE', #340, #5191, #2826 ) ;
#6149 = VECTOR ( 'NONE', #504, 1000.000000000000000 ) ;
#6150 = VECTOR ( 'NONE', #1943, 1000.000000000000000 ) ;
#6151 =( NAMED_UNIT ( * ) PLANE_ANGLE_UNIT ( ) SI_UNIT ( $, .RADIAN. ) );
#6152 = PRESENTATION_STYLE_ASSIGNMENT (( #4646 ) ) ;
#6153 = LINE ( 'NONE', #3760, #2803 ) ;
#6154 = ORIENTED_EDGE ( 'NONE', *, *, #3357, .T. ) ;
#6155 = CARTESIAN_POINT ( 'NONE',  ( 0.000000000000000000, 4.049999999999999822, 0.5750000000000010658 ) ) ;
#6156 = DIRECTION ( 'NONE',  ( 0.000000000000000000, 0.7071067811865570096, -0.7071067811865381358 ) ) ;
#6157 = PLANE ( 'NONE',  #1003 ) ;
#6158 = LINE ( 'NONE', #1353, #3501 ) ;
#6159 = CARTESIAN_POINT ( 'NONE',  ( 5.374999999999999112, 1.449999999999999956, 0.1750000000000000999 ) ) ;
#6160 = EDGE_CURVE ( 'NONE', #3494, #5853, #2585, .T. ) ;
#6161 = ORIENTED_EDGE ( 'NONE', *, *, #1365, .T. ) ;
#6162 = VERTEX_POINT ( 'NONE', #749 ) ;
#6163 = EDGE_LOOP ( 'NONE', ( #6215, #376, #2547, #1619 ) ) ;
#6164 = ORIENTED_EDGE ( 'NONE', *, *, #6199, .F. ) ;
#6165 = UNCERTAINTY_MEASURE_WITH_UNIT (LENGTH_MEASURE( 1.000000000000000082E-05 ), #4155, 'distance_accuracy_value', 'NONE');
#6166 = DIRECTION ( 'NONE',  ( -4.353108952907898122E-16, -0.9284766908852604139, 0.3713906763541011125 ) ) ;
#6167 = CARTESIAN_POINT ( 'NONE',  ( 6.000000000000000888, 0.000000000000000000, 0.6750000000000004885 ) ) ;
#6168 = EDGE_CURVE ( 'NONE', #5199, #4883, #3631, .T. ) ;
#6169 = CARTESIAN_POINT ( 'NONE',  ( 5.724999999999997868, 4.049999999999999822, 0.2749999999999994671 ) ) ;
#6170 = LINE ( 'NONE', #2766, #3309 ) ;
#6171 = ORIENTED_EDGE ( 'NONE', *, *, #5692, .T. ) ;
#6172 = ORIENTED_EDGE ( 'NONE', *, *, #4224, .F. ) ;
#6173 = FACE_OUTER_BOUND ( 'NONE', #4469, .T. ) ;
#6174 = DIRECTION ( 'NONE',  ( 1.000000000000000000, 0.000000000000000000, 0.000000000000000000 ) ) ;
#6175 = PLANE ( 'NONE',  #4840 ) ;
#6176 = DIRECTION ( 'NONE',  ( 0.000000000000000000, 1.000000000000000000, 0.000000000000000000 ) ) ;
#6177 = CARTESIAN_POINT ( 'NONE',  ( 5.874999999999997335, 4.049999999999999822, 0.4749999999999995337 ) ) ;
#6178 = EDGE_CURVE ( 'NONE', #2948, #5680, #4603, .T. ) ;
#6179 = ORIENTED_EDGE ( 'NONE', *, *, #742, .F. ) ;
#6180 = CIRCLE ( 'NONE', #1919, 0.05000000000000012768 ) ;
#6181 = SURFACE_SIDE_STYLE ('',( #4709 ) ) ;
#6182 = DIRECTION ( 'NONE',  ( 0.000000000000000000, -0.7071067811865474617, -0.7071067811865474617 ) ) ;
#6183 = ORIENTED_EDGE ( 'NONE', *, *, #5343, .F. ) ;
#6184 = PLANE ( 'NONE',  #231 ) ;
#6185 = EDGE_CURVE ( 'NONE', #4846, #3531, #5665, .T. ) ;
#6186 = EDGE_CURVE ( 'NONE', #1594, #6266, #5178, .T. ) ;
#6187 = DIRECTION ( 'NONE',  ( -0.000000000000000000, -0.000000000000000000, 1.000000000000000000 ) ) ;
#6188 = CARTESIAN_POINT ( 'NONE',  ( 6.000000000000000888, 3.850000000000000977, 0.6750000000000004885 ) ) ;
#6189 = DIRECTION ( 'NONE',  ( 0.000000000000000000, 8.642948658383688297E-16, 1.000000000000000000 ) ) ;
#6190 = CARTESIAN_POINT ( 'NONE',  ( 7.781793621149187601, 3.450000000000001510, 1.870248747537497357E-14 ) ) ;
#6191 = ORIENTED_EDGE ( 'NONE', *, *, #6038, .F. ) ;
#6192 = ORIENTED_EDGE ( 'NONE', *, *, #2913, .F. ) ;
#6193 = ORIENTED_EDGE ( 'NONE', *, *, #1952, .F. ) ;
#6194 = CARTESIAN_POINT ( 'NONE',  ( 6.875000000000000000, 3.950000000000000178, 0.8749999999999998890 ) ) ;
#6195 = DIRECTION ( 'NONE',  ( 0.000000000000000000, 1.000000000000000000, 0.000000000000000000 ) ) ;
#6196 = EDGE_CURVE ( 'NONE', #3465, #3326, #4149, .T. ) ;
#6197 = DIRECTION ( 'NONE',  ( 0.000000000000000000, -5.421010862427526114E-15, 1.000000000000000000 ) ) ;
#6198 = ORIENTED_EDGE ( 'NONE', *, *, #4384, .T. ) ;
#6199 = EDGE_CURVE ( 'NONE', #2781, #994, #3221, .T. ) ;
#6200 = CARTESIAN_POINT ( 'NONE',  ( 4.474999999999996980, 0.1500000000000037970, -1.816421356237308826 ) ) ;
#6201 = VERTEX_POINT ( 'NONE', #4635 ) ;
#6202 = EDGE_LOOP ( 'NONE', ( #5607, #4817, #4437, #5712 ) ) ;
#6203 = VECTOR ( 'NONE', #6014, 1000.000000000000000 ) ;
#6204 = CARTESIAN_POINT ( 'NONE',  ( 3.624999999999999556, 1.449999999999999956, 0.8749999999999996669 ) ) ;
#6205 = DIRECTION ( 'NONE',  ( 0.000000000000000000, -1.000000000000000000, 0.000000000000000000 ) ) ;
#6206 = CARTESIAN_POINT ( 'NONE',  ( 5.724999999999998757, 3.299999999999999822, -1.224999999999999645 ) ) ;
#6207 = EDGE_CURVE ( 'NONE', #1443, #6134, #5582, .T. ) ;
#6208 = FACE_OUTER_BOUND ( 'NONE', #2985, .T. ) ;
#6209 = EDGE_LOOP ( 'NONE', ( #4830, #5543, #1853, #2464, #4687, #2979, #5800, #1815, #157, #2625, #2085, #3927, #3771, #1564, #4948 ) ) ;
#6210 = ORIENTED_EDGE ( 'NONE', *, *, #3434, .F. ) ;
#6211 = EDGE_CURVE ( 'NONE', #2633, #69, #269, .T. ) ;
#6212 = DIRECTION ( 'NONE',  ( 1.000000000000000000, 0.000000000000000000, 0.000000000000000000 ) ) ;
#6213 = DIRECTION ( 'NONE',  ( 1.000000000000000000, -0.000000000000000000, -0.000000000000000000 ) ) ;
#6214 = LINE ( 'NONE', #5240, #5739 ) ;
#6215 = ORIENTED_EDGE ( 'NONE', *, *, #919, .T. ) ;
#6216 = DIRECTION ( 'NONE',  ( 1.000000000000000000, -0.000000000000000000, -0.000000000000000000 ) ) ;
#6217 = EDGE_CURVE ( 'NONE', #2068, #4134, #2202, .T. ) ;
#6218 = VECTOR ( 'NONE', #1285, 1000.000000000000114 ) ;
#6219 = LINE ( 'NONE', #4387, #2192 ) ;
#6220 = DIRECTION ( 'NONE',  ( 0.000000000000000000, 0.000000000000000000, -1.000000000000000000 ) ) ;
#6221 = DIRECTION ( 'NONE',  ( 0.000000000000000000, 0.000000000000000000, 1.000000000000000000 ) ) ;
#6222 = DIRECTION ( 'NONE',  ( 0.000000000000000000, 0.000000000000000000, 1.000000000000000000 ) ) ;
#6223 = EDGE_LOOP ( 'NONE', ( #957, #3978, #4507, #3394 ) ) ;
#6224 = ORIENTED_EDGE ( 'NONE', *, *, #1393, .F. ) ;
#6225 = PLANE ( 'NONE',  #803 ) ;
#6226 = LINE ( 'NONE', #4266, #2594 ) ;
#6227 = CARTESIAN_POINT ( 'NONE',  ( 7.875000000000000000, 4.049999999999999822, 2.475000000000000089 ) ) ;
#6228 = LINE ( 'NONE', #5349, #5444 ) ;
#6229 = VECTOR ( 'NONE', #2112, 1000.000000000000000 ) ;
#6230 = VERTEX_POINT ( 'NONE', #5141 ) ;
#6231 = CARTESIAN_POINT ( 'NONE',  ( 7.875000000000000000, 4.049999999999999822, 2.475000000000000089 ) ) ;
#6232 = LINE ( 'NONE', #1944, #4077 ) ;
#6233 = LINE ( 'NONE', #4791, #3898 ) ;
#6234 = SURFACE_SIDE_STYLE ('',( #1918 ) ) ;
#6235 = DIRECTION ( 'NONE',  ( 0.000000000000000000, 0.000000000000000000, 1.000000000000000000 ) ) ;
#6236 = ORIENTED_EDGE ( 'NONE', *, *, #5840, .F. ) ;
#6237 = ADVANCED_FACE ( 'NONE', ( #3154 ), #1725, .F. ) ;
#6238 = EDGE_CURVE ( 'NONE', #1814, #5, #3751, .T. ) ;
#6239 = ORIENTED_EDGE ( 'NONE', *, *, #1082, .T. ) ;
#6240 = VECTOR ( 'NONE', #2224, 1000.000000000000000 ) ;
#6241 = LINE ( 'NONE', #4857, #4986 ) ;
#6242 = CARTESIAN_POINT ( 'NONE',  ( 6.974999999999995204, 1.800000000000000044, -1.774999999999999689 ) ) ;
#6243 = VECTOR ( 'NONE', #6221, 1000.000000000000000 ) ;
#6244 = LINE ( 'NONE', #4381, #2084 ) ;
#6245 = CARTESIAN_POINT ( 'NONE',  ( 4.474999999999996980, 0.4999999999999998890, -0.8249999999999997335 ) ) ;
#6246 = ADVANCED_FACE ( 'NONE', ( #5605 ), #359, .F. ) ;
#6247 = VECTOR ( 'NONE', #857, 1000.000000000000000 ) ;
#6248 = VECTOR ( 'NONE', #1253, 1000.000000000000000 ) ;
#6249 = VECTOR ( 'NONE', #2645, 1000.000000000000000 ) ;
#6250 = AXIS2_PLACEMENT_3D ( 'NONE', #2264, #3689, #2743 ) ;
#6251 = LINE ( 'NONE', #945, #3518 ) ;
#6252 = CARTESIAN_POINT ( 'NONE',  ( 2.425000000000000266, 1.899999999999999689, 2.475000000000000533 ) ) ;
#6253 = DIRECTION ( 'NONE',  ( 0.000000000000000000, 0.000000000000000000, 1.000000000000000000 ) ) ;
#6254 = CARTESIAN_POINT ( 'NONE',  ( 4.624999999999998224, 1.449999999999999956, 0.1750000000000000999 ) ) ;
#6255 = ORIENTED_EDGE ( 'NONE', *, *, #1268, .F. ) ;
#6256 = VECTOR ( 'NONE', #1181, 1000.000000000000000 ) ;
#6257 = ORIENTED_EDGE ( 'NONE', *, *, #105, .F. ) ;
#6258 = VECTOR ( 'NONE', #433, 1000.000000000000000 ) ;
#6259 = ADVANCED_FACE ( 'NONE', ( #1696 ), #2713, .F. ) ;
#6260 = DIRECTION ( 'NONE',  ( -0.000000000000000000, 1.000000000000000000, -0.000000000000000000 ) ) ;
#6261 = DIRECTION ( 'NONE',  ( 0.000000000000000000, 0.000000000000000000, 1.000000000000000000 ) ) ;
#6262 = DIRECTION ( 'NONE',  ( 0.000000000000000000, 0.000000000000000000, -1.000000000000000000 ) ) ;
#6263 = DIRECTION ( 'NONE',  ( -1.000000000000000000, -0.000000000000000000, -0.000000000000000000 ) ) ;
#6264 = EDGE_LOOP ( 'NONE', ( #3149, #6081, #248, #1024 ) ) ;
#6265 = ORIENTED_EDGE ( 'NONE', *, *, #5897, .T. ) ;
#6266 = VERTEX_POINT ( 'NONE', #4702 ) ;
#6267 = EDGE_CURVE ( 'NONE', #3586, #2655, #5112, .T. ) ;
#6268 = EDGE_CURVE ( 'NONE', #1594, #5199, #297, .T. ) ;
#6269 = DIRECTION ( 'NONE',  ( 0.000000000000000000, 0.7071067811865431318, 0.7071067811865517916 ) ) ;
#6270 = CARTESIAN_POINT ( 'NONE',  ( 7.575000000000000178, 0.5999999999999999778, 0.2250000000000008105 ) ) ;
#6271 = DIRECTION ( 'NONE',  ( 0.000000000000000000, -1.000000000000000000, 0.000000000000000000 ) ) ;
#6272 =( NAMED_UNIT ( * ) PLANE_ANGLE_UNIT ( ) SI_UNIT ( $, .RADIAN. ) );
#6273 = LINE ( 'NONE', #936, #5453 ) ;
#6274 = VERTEX_POINT ( 'NONE', #1792 ) ;
#6275 = ORIENTED_EDGE ( 'NONE', *, *, #752, .F. ) ;
#6276 = EDGE_CURVE ( 'NONE', #4054, #1750, #3721, .T. ) ;
#6277 =( LENGTH_UNIT ( ) NAMED_UNIT ( * ) SI_UNIT ( .MILLI., .METRE. ) );
#6278 = DIRECTION ( 'NONE',  ( -4.688441826964343312E-16, -1.000000000000000000, 0.000000000000000000 ) ) ;
#6279 = DIRECTION ( 'NONE',  ( -4.688441826964343312E-16, -1.000000000000000000, 0.000000000000000000 ) ) ;
#6280 = VECTOR ( 'NONE', #107, 1000.000000000000000 ) ;
#6281 = ADVANCED_FACE ( 'NONE', ( #4733 ), #4247, .F. ) ;
#6282 = EDGE_LOOP ( 'NONE', ( #1008, #4292, #4663, #6028 ) ) ;
#6283 = VECTOR ( 'NONE', #310, 1000.000000000000000 ) ;
#6284 = DIRECTION ( 'NONE',  ( 0.000000000000000000, 0.000000000000000000, 1.000000000000000000 ) ) ;
#6285 = DIRECTION ( 'NONE',  ( 1.000000000000000000, 0.000000000000000000, -0.000000000000000000 ) ) ;
#6286 = DIRECTION ( 'NONE',  ( -1.000000000000000000, 0.000000000000000000, 0.000000000000000000 ) ) ;
#6287 = EDGE_LOOP ( 'NONE', ( #4468, #4205, #5143, #4793, #4166, #3557 ) ) ;
#6288 = ORIENTED_EDGE ( 'NONE', *, *, #5293, .F. ) ;
#6289 = VERTEX_POINT ( 'NONE', #3850 ) ;
#6290 = EDGE_CURVE ( 'NONE', #1814, #588, #2420, .T. ) ;
#6291 = LINE ( 'NONE', #607, #1671 ) ;
#6292 = DIRECTION ( 'NONE',  ( -0.000000000000000000, 1.445602896647327084E-15, 1.000000000000000000 ) ) ;
#6293 = DIRECTION ( 'NONE',  ( -1.000000000000000000, 0.000000000000000000, -0.000000000000000000 ) ) ;
#6294 = EDGE_CURVE ( 'NONE', #6018, #4595, #2870, .T. ) ;
#6295 = NEXT_ASSEMBLY_USAGE_OCCURRENCE ( 'NAUO1', ' ', ' ', #4589, #1196, $ ) ;
ENDSEC;
END-ISO-10303-21;
